firm_id,sector,size,stratum,split
0,SECTOR_MANUFACTURING_SMALL,SIZE_MICRO_1_9,SECTOR_MANUFACTURING_SMALL|SIZE_MICRO_1_9,test
1,SECTOR_MANUFACTURING_SMALL,SIZE_SMALL_10_49,SECTOR_MANUFACTURING_SMALL|SIZE_SMALL_10_49,train
2,SECTOR_PROFESSIONAL_SERVICES,SIZE_MEDIUM_50_249,SECTOR_PROFESSIONAL_SERVICES|SIZE_MEDIUM_50_249,train
3,SECTOR_PROFESSIONAL_SERVICES,SIZE_SMALL_10_49,SECTOR_PROFESSIONAL_SERVICES|SIZE_SMALL_10_49,train
4,SECTOR_MANUFACTURING_SMALL,SIZE_MEDIUM_50_249,SECTOR_MANUFACTURING_SMALL|SIZE_MEDIUM_50_249,val
5,SECTOR_CONSTRUCTION,SIZE_MICRO_1_9,SECTOR_CONSTRUCTION|SIZE_MICRO_1_9,train
6,SECTOR_RETAIL,SIZE_SMALL_10_49,SECTOR_RETAIL|SIZE_SMALL_10_49,train
7,SECTOR_TECH_SERVICES,SIZE_SMALL_10_49,SECTOR_TECH_SERVICES|SIZE_SMALL_10_49,train
8,SECTOR_HOSPITALITY,SIZE_MICRO_1_9,SECTOR_HOSPITALITY|SIZE_MICRO_1_9,train
9,SECTOR_PROFESSIONAL_SERVICES,SIZE_MEDIUM_50_249,SECTOR_PROFESSIONAL_SERVICES|SIZE_MEDIUM_50_249,train
10,SECTOR_CONSTRUCTION,SIZE_MICRO_1_9,SECTOR_CONSTRUCTION|SIZE_MICRO_1_9,train
11,SECTOR_TECH_SERVICES,SIZE_MICRO_1_9,SECTOR_TECH_SERVICES|SIZE_MICRO_1_9,train
12,SECTOR_RETAIL,SIZE_SMALL_10_49,SECTOR_RETAIL|SIZE_SMALL_10_49,train
13,SECTOR_TRANSPORT,SIZE_MICRO_1_9,SECTOR_TRANSPORT|SIZE_MICRO_1_9,train
14,SECTOR_PROFESSIONAL_SERVICES,SIZE_MICRO_1_9,SECTOR_PROFESSIONAL_SERVICES|SIZE_MICRO_1_9,train
15,SECTOR_TECH_SERVICES,SIZE_SMALL_10_49,SECTOR_TECH_SERVICES|SIZE_SMALL_10_49,train
16,SECTOR_HOSPITALITY,SIZE_MEDIUM_50_249,SECTOR_HOSPITALITY|SIZE_MEDIUM_50_249,test
17,SECTOR_TECH_SERVICES,SIZE_MICRO_1_9,SECTOR_TECH_SERVICES|SIZE_MICRO_1_9,val
18,SECTOR_PROFESSIONAL_SERVICES,SIZE_SMALL_10_49,SECTOR_PROFESSIONAL_SERVICES|SIZE_SMALL_10_49,train
19,SECTOR_OTHER,SIZE_SMALL_10_49,SECTOR_OTHER|SIZE_SMALL_10_49,train
20,SECTOR_MANUFACTURING_SMALL,SIZE_SMALL_10_49,SECTOR_MANUFACTURING_SMALL|SIZE_SMALL_10_49,test
21,SECTOR_HOSPITALITY,SIZE_MICRO_1_9,SECTOR_HOSPITALITY|SIZE_MICRO_1_9,train
22,SECTOR_HOSPITALITY,SIZE_MICRO_1_9,SECTOR_HOSPITALITY|SIZE_MICRO_1_9,train
23,SECTOR_HEALTHCARE_SMALL,SIZE_SMALL_10_49,SECTOR_HEALTHCARE_SMALL|SIZE_SMALL_10_49,val
24,SECTOR_CONSTRUCTION,SIZE_SMALL_10_49,SECTOR_CONSTRUCTION|SIZE_SMALL_10_49,train
25,SECTOR_TRANSPORT,SIZE_MICRO_1_9,SECTOR_TRANSPORT|SIZE_MICRO_1_9,train
26,SECTOR_RETAIL,SIZE_SMALL_10_49,SECTOR_RETAIL|SIZE_SMALL_10_49,val
27,SECTOR_TECH_SERVICES,SIZE_SMALL_10_49,SECTOR_TECH_SERVICES|SIZE_SMALL_10_49,train
28,SECTOR_HEALTHCARE_SMALL,SIZE_SMALL_10_49,SECTOR_HEALTHCARE_SMALL|SIZE_SMALL_10_49,train
29,SECTOR_MANUFACTURING_SMALL,SIZE_MICRO_1_9,SECTOR_MANUFACTURING_SMALL|SIZE_MICRO_1_9,train
30,SECTOR_HOSPITALITY,SIZE_MICRO_1_9,SECTOR_HOSPITALITY|SIZE_MICRO_1_9,train
31,SECTOR_OTHER,SIZE_MICRO_1_9,SECTOR_OTHER|SIZE_MICRO_1_9,train
32,SECTOR_RETAIL,SIZE_SMALL_10_49,SECTOR_RETAIL|SIZE_SMALL_10_49,train
33,SECTOR_TECH_SERVICES,SIZE_MEDIUM_50_249,SECTOR_TECH_SERVICES|SIZE_MEDIUM_50_249,train
34,SECTOR_TRANSPORT,SIZE_SMALL_10_49,SECTOR_TRANSPORT|SIZE_SMALL_10_49,train
35,SECTOR_TECH_SERVICES,SIZE_MICRO_1_9,SECTOR_TECH_SERVICES|SIZE_MICRO_1_9,train
36,SECTOR_PROFESSIONAL_SERVICES,SIZE_MICRO_1_9,SECTOR_PROFESSIONAL_SERVICES|SIZE_MICRO_1_9,train
37,SECTOR_HEALTHCARE_SMALL,SIZE_MEDIUM_50_249,SECTOR_HEALTHCARE_SMALL|SIZE_MEDIUM_50_249,train
38,SECTOR_RETAIL,SIZE_MEDIUM_50_249,SECTOR_RETAIL|SIZE_MEDIUM_50_249,val
39,SECTOR_HOSPITALITY,SIZE_SMALL_10_49,SECTOR_HOSPITALITY|SIZE_SMALL_10_49,train
40,SECTOR_TECH_SERVICES,SIZE_SMALL_10_49,SECTOR_TECH_SERVICES|SIZE_SMALL_10_49,train
41,SECTOR_MANUFACTURING_SMALL,SIZE_MICRO_1_9,SECTOR_MANUFACTURING_SMALL|SIZE_MICRO_1_9,train
42,SECTOR_PROFESSIONAL_SERVICES,SIZE_SMALL_10_49,SECTOR_PROFESSIONAL_SERVICES|SIZE_SMALL_10_49,train
43,SECTOR_OTHER,SIZE_MICRO_1_9,SECTOR_OTHER|SIZE_MICRO_1_9,test
44,SECTOR_PROFESSIONAL_SERVICES,SIZE_MICRO_1_9,SECTOR_PROFESSIONAL_SERVICES|SIZE_MICRO_1_9,train
45,SECTOR_MANUFACTURING_SMALL,SIZE_SMALL_10_49,SECTOR_MANUFACTURING_SMALL|SIZE_SMALL_10_49,train
46,SECTOR_RETAIL,SIZE_SMALL_10_49,SECTOR_RETAIL|SIZE_SMALL_10_49,train
47,SECTOR_MANUFACTURING_SMALL,SIZE_SMALL_10_49,SECTOR_MANUFACTURING_SMALL|SIZE_SMALL_10_49,val
48,SECTOR_HEALTHCARE_SMALL,SIZE_MICRO_1_9,SECTOR_HEALTHCARE_SMALL|SIZE_MICRO_1_9,val
49,SECTOR_TRANSPORT,SIZE_MICRO_1_9,SECTOR_TRANSPORT|SIZE_MICRO_1_9,train
50,SECTOR_HEALTHCARE_SMALL,SIZE_SMALL_10_49,SECTOR_HEALTHCARE_SMALL|SIZE_SMALL_10_49,train
51,SECTOR_TECH_SERVICES,SIZE_MICRO_1_9,SECTOR_TECH_SERVICES|SIZE_MICRO_1_9,train
52,SECTOR_HEALTHCARE_SMALL,SIZE_SMALL_10_49,SECTOR_HEALTHCARE_SMALL|SIZE_SMALL_10_49,train
53,SECTOR_MANUFACTURING_SMALL,SIZE_MICRO_1_9,SECTOR_MANUFACTURING_SMALL|SIZE_MICRO_1_9,train
54,SECTOR_HEALTHCARE_SMALL,SIZE_MICRO_1_9,SECTOR_HEALTHCARE_SMALL|SIZE_MICRO_1_9,train
55,SECTOR_PROFESSIONAL_SERVICES,SIZE_MICRO_1_9,SECTOR_PROFESSIONAL_SERVICES|SIZE_MICRO_1_9,train
56,SECTOR_TECH_SERVICES,SIZE_MICRO_1_9,SECTOR_TECH_SERVICES|SIZE_MICRO_1_9,val
57,SECTOR_TRANSPORT,SIZE_SMALL_10_49,SECTOR_TRANSPORT|SIZE_SMALL_10_49,train
58,SECTOR_HEALTHCARE_SMALL,SIZE_SMALL_10_49,SECTOR_HEALTHCARE_SMALL|SIZE_SMALL_10_49,test
59,SECTOR_PROFESSIONAL_SERVICES,SIZE_MICRO_1_9,SECTOR_PROFESSIONAL_SERVICES|SIZE_MICRO_1_9,train
60,SECTOR_TRANSPORT,SIZE_MEDIUM_50_249,SECTOR_TRANSPORT|SIZE_MEDIUM_50_249,train
61,SECTOR_OTHER,SIZE_SMALL_10_49,SECTOR_OTHER|SIZE_SMALL_10_49,train
62,SECTOR_OTHER,SIZE_MEDIUM_50_249,SECTOR_OTHER|SIZE_MEDIUM_50_249,train
63,SECTOR_TRANSPORT,SIZE_MEDIUM_50_249,SECTOR_TRANSPORT|SIZE_MEDIUM_50_249,test
64,SECTOR_TECH_SERVICES,SIZE_MICRO_1_9,SECTOR_TECH_SERVICES|SIZE_MICRO_1_9,train
65,SECTOR_CONSTRUCTION,SIZE_SMALL_10_49,SECTOR_CONSTRUCTION|SIZE_SMALL_10_49,train
66,SECTOR_PROFESSIONAL_SERVICES,SIZE_MEDIUM_50_249,SECTOR_PROFESSIONAL_SERVICES|SIZE_MEDIUM_50_249,train
67,SECTOR_HEALTHCARE_SMALL,SIZE_SMALL_10_49,SECTOR_HEALTHCARE_SMALL|SIZE_SMALL_10_49,train
68,SECTOR_TECH_SERVICES,SIZE_MICRO_1_9,SECTOR_TECH_SERVICES|SIZE_MICRO_1_9,test
69,SECTOR_TRANSPORT,SIZE_SMALL_10_49,SECTOR_TRANSPORT|SIZE_SMALL_10_49,test
70,SECTOR_HOSPITALITY,SIZE_MEDIUM_50_249,SECTOR_HOSPITALITY|SIZE_MEDIUM_50_249,train
71,SECTOR_RETAIL,SIZE_MICRO_1_9,SECTOR_RETAIL|SIZE_MICRO_1_9,train
72,SECTOR_CONSTRUCTION,SIZE_MICRO_1_9,SECTOR_CONSTRUCTION|SIZE_MICRO_1_9,train
73,SECTOR_RETAIL,SIZE_MICRO_1_9,SECTOR_RETAIL|SIZE_MICRO_1_9,train
74,SECTOR_CONSTRUCTION,SIZE_MICRO_1_9,SECTOR_CONSTRUCTION|SIZE_MICRO_1_9,train
75,SECTOR_OTHER,SIZE_MICRO_1_9,SECTOR_OTHER|SIZE_MICRO_1_9,train
76,SECTOR_PROFESSIONAL_SERVICES,SIZE_MICRO_1_9,SECTOR_PROFESSIONAL_SERVICES|SIZE_MICRO_1_9,train
77,SECTOR_CONSTRUCTION,SIZE_MICRO_1_9,SECTOR_CONSTRUCTION|SIZE_MICRO_1_9,val
78,SECTOR_RETAIL,SIZE_MICRO_1_9,SECTOR_RETAIL|SIZE_MICRO_1_9,train
79,SECTOR_CONSTRUCTION,SIZE_SMALL_10_49,SECTOR_CONSTRUCTION|SIZE_SMALL_10_49,train
80,SECTOR_TECH_SERVICES,SIZE_MICRO_1_9,SECTOR_TECH_SERVICES|SIZE_MICRO_1_9,train
81,SECTOR_TRANSPORT,SIZE_SMALL_10_49,SECTOR_TRANSPORT|SIZE_SMALL_10_49,train
82,SECTOR_PROFESSIONAL_SERVICES,SIZE_MEDIUM_50_249,SECTOR_PROFESSIONAL_SERVICES|SIZE_MEDIUM_50_249,val
83,SECTOR_MANUFACTURING_SMALL,SIZE_MEDIUM_50_249,SECTOR_MANUFACTURING_SMALL|SIZE_MEDIUM_50_249,train
84,SECTOR_CONSTRUCTION,SIZE_MICRO_1_9,SECTOR_CONSTRUCTION|SIZE_MICRO_1_9,train
85,SECTOR_TECH_SERVICES,SIZE_SMALL_10_49,SECTOR_TECH_SERVICES|SIZE_SMALL_10_49,train
86,SECTOR_HOSPITALITY,SIZE_SMALL_10_49,SECTOR_HOSPITALITY|SIZE_SMALL_10_49,train
87,SECTOR_HOSPITALITY,SIZE_SMALL_10_49,SECTOR_HOSPITALITY|SIZE_SMALL_10_49,train
88,SECTOR_RETAIL,SIZE_MICRO_1_9,SECTOR_RETAIL|SIZE_MICRO_1_9,train
89,SECTOR_MANUFACTURING_SMALL,SIZE_MICRO_1_9,SECTOR_MANUFACTURING_SMALL|SIZE_MICRO_1_9,test
90,SECTOR_HOSPITALITY,SIZE_SMALL_10_49,SECTOR_HOSPITALITY|SIZE_SMALL_10_49,train
91,SECTOR_RETAIL,SIZE_SMALL_10_49,SECTOR_RETAIL|SIZE_SMALL_10_49,test
92,SECTOR_OTHER,SIZE_SMALL_10_49,SECTOR_OTHER|SIZE_SMALL_10_49,train
93,SECTOR_TECH_SERVICES,SIZE_MEDIUM_50_249,SECTOR_TECH_SERVICES|SIZE_MEDIUM_50_249,train
94,SECTOR_HEALTHCARE_SMALL,SIZE_SMALL_10_49,SECTOR_HEALTHCARE_SMALL|SIZE_SMALL_10_49,train
95,SECTOR_RETAIL,SIZE_MICRO_1_9,SECTOR_RETAIL|SIZE_MICRO_1_9,train
96,SECTOR_HOSPITALITY,SIZE_MICRO_1_9,SECTOR_HOSPITALITY|SIZE_MICRO_1_9,train
97,SECTOR_TRANSPORT,SIZE_MEDIUM_50_249,SECTOR_TRANSPORT|SIZE_MEDIUM_50_249,train
98,SECTOR_RETAIL,SIZE_MICRO_1_9,SECTOR_RETAIL|SIZE_MICRO_1_9,train
99,SECTOR_HEALTHCARE_SMALL,SIZE_SMALL_10_49,SECTOR_HEALTHCARE_SMALL|SIZE_SMALL_10_49,train
100,SECTOR_OTHER,SIZE_MICRO_1_9,SECTOR_OTHER|SIZE_MICRO_1_9,train
101,SECTOR_HEALTHCARE_SMALL,SIZE_MICRO_1_9,SECTOR_HEALTHCARE_SMALL|SIZE_MICRO_1_9,train
102,SECTOR_HOSPITALITY,SIZE_SMALL_10_49,SECTOR_HOSPITALITY|SIZE_SMALL_10_49,train
103,SECTOR_MANUFACTURING_SMALL,SIZE_MICRO_1_9,SECTOR_MANUFACTURING_SMALL|SIZE_MICRO_1_9,train
104,SECTOR_HOSPITALITY,SIZE_MICRO_1_9,SECTOR_HOSPITALITY|SIZE_MICRO_1_9,train
105,SECTOR_HOSPITALITY,SIZE_MICRO_1_9,SECTOR_HOSPITALITY|SIZE_MICRO_1_9,val
106,SECTOR_HOSPITALITY,SIZE_SMALL_10_49,SECTOR_HOSPITALITY|SIZE_SMALL_10_49,train
107,SECTOR_CONSTRUCTION,SIZE_SMALL_10_49,SECTOR_CONSTRUCTION|SIZE_SMALL_10_49,train
108,SECTOR_PROFESSIONAL_SERVICES,SIZE_MICRO_1_9,SECTOR_PROFESSIONAL_SERVICES|SIZE_MICRO_1_9,train
109,SECTOR_PROFESSIONAL_SERVICES,SIZE_SMALL_10_49,SECTOR_PROFESSIONAL_SERVICES|SIZE_SMALL_10_49,train
110,SECTOR_TECH_SERVICES,SIZE_MICRO_1_9,SECTOR_TECH_SERVICES|SIZE_MICRO_1_9,train
111,SECTOR_TECH_SERVICES,SIZE_MEDIUM_50_249,SECTOR_TECH_SERVICES|SIZE_MEDIUM_50_249,train
112,SECTOR_MANUFACTURING_SMALL,SIZE_SMALL_10_49,SECTOR_MANUFACTURING_SMALL|SIZE_SMALL_10_49,train
113,SECTOR_TRANSPORT,SIZE_MICRO_1_9,SECTOR_TRANSPORT|SIZE_MICRO_1_9,train
114,SECTOR_TECH_SERVICES,SIZE_MICRO_1_9,SECTOR_TECH_SERVICES|SIZE_MICRO_1_9,train
115,SECTOR_CONSTRUCTION,SIZE_MEDIUM_50_249,SECTOR_CONSTRUCTION|SIZE_MEDIUM_50_249,test
116,SECTOR_OTHER,SIZE_MICRO_1_9,SECTOR_OTHER|SIZE_MICRO_1_9,train
117,SECTOR_HOSPITALITY,SIZE_MICRO_1_9,SECTOR_HOSPITALITY|SIZE_MICRO_1_9,train
118,SECTOR_CONSTRUCTION,SIZE_MICRO_1_9,SECTOR_CONSTRUCTION|SIZE_MICRO_1_9,test
119,SECTOR_RETAIL,SIZE_MICRO_1_9,SECTOR_RETAIL|SIZE_MICRO_1_9,train
120,SECTOR_RETAIL,SIZE_MICRO_1_9,SECTOR_RETAIL|SIZE_MICRO_1_9,train
121,SECTOR_MANUFACTURING_SMALL,SIZE_MICRO_1_9,SECTOR_MANUFACTURING_SMALL|SIZE_MICRO_1_9,train
122,SECTOR_TRANSPORT,SIZE_SMALL_10_49,SECTOR_TRANSPORT|SIZE_SMALL_10_49,train
123,SECTOR_OTHER,SIZE_MICRO_1_9,SECTOR_OTHER|SIZE_MICRO_1_9,val
124,SECTOR_CONSTRUCTION,SIZE_MICRO_1_9,SECTOR_CONSTRUCTION|SIZE_MICRO_1_9,val
125,SECTOR_TECH_SERVICES,SIZE_MEDIUM_50_249,SECTOR_TECH_SERVICES|SIZE_MEDIUM_50_249,train
126,SECTOR_TECH_SERVICES,SIZE_SMALL_10_49,SECTOR_TECH_SERVICES|SIZE_SMALL_10_49,test
127,SECTOR_RETAIL,SIZE_MICRO_1_9,SECTOR_RETAIL|SIZE_MICRO_1_9,train
128,SECTOR_PROFESSIONAL_SERVICES,SIZE_MICRO_1_9,SECTOR_PROFESSIONAL_SERVICES|SIZE_MICRO_1_9,train
129,SECTOR_OTHER,SIZE_SMALL_10_49,SECTOR_OTHER|SIZE_SMALL_10_49,train
130,SECTOR_PROFESSIONAL_SERVICES,SIZE_MEDIUM_50_249,SECTOR_PROFESSIONAL_SERVICES|SIZE_MEDIUM_50_249,train
131,SECTOR_PROFESSIONAL_SERVICES,SIZE_MICRO_1_9,SECTOR_PROFESSIONAL_SERVICES|SIZE_MICRO_1_9,train
132,SECTOR_CONSTRUCTION,SIZE_MICRO_1_9,SECTOR_CONSTRUCTION|SIZE_MICRO_1_9,train
133,SECTOR_TRANSPORT,SIZE_MICRO_1_9,SECTOR_TRANSPORT|SIZE_MICRO_1_9,train
134,SECTOR_RETAIL,SIZE_SMALL_10_49,SECTOR_RETAIL|SIZE_SMALL_10_49,train
135,SECTOR_TRANSPORT,SIZE_MICRO_1_9,SECTOR_TRANSPORT|SIZE_MICRO_1_9,train
136,SECTOR_HOSPITALITY,SIZE_SMALL_10_49,SECTOR_HOSPITALITY|SIZE_SMALL_10_49,train
137,SECTOR_HOSPITALITY,SIZE_SMALL_10_49,SECTOR_HOSPITALITY|SIZE_SMALL_10_49,test
138,SECTOR_HOSPITALITY,SIZE_MICRO_1_9,SECTOR_HOSPITALITY|SIZE_MICRO_1_9,train
139,SECTOR_TRANSPORT,SIZE_MICRO_1_9,SECTOR_TRANSPORT|SIZE_MICRO_1_9,train
140,SECTOR_RETAIL,SIZE_SMALL_10_49,SECTOR_RETAIL|SIZE_SMALL_10_49,val
141,SECTOR_TRANSPORT,SIZE_MICRO_1_9,SECTOR_TRANSPORT|SIZE_MICRO_1_9,test
142,SECTOR_OTHER,SIZE_MICRO_1_9,SECTOR_OTHER|SIZE_MICRO_1_9,test
143,SECTOR_TRANSPORT,SIZE_SMALL_10_49,SECTOR_TRANSPORT|SIZE_SMALL_10_49,val
144,SECTOR_PROFESSIONAL_SERVICES,SIZE_SMALL_10_49,SECTOR_PROFESSIONAL_SERVICES|SIZE_SMALL_10_49,train
145,SECTOR_RETAIL,SIZE_MICRO_1_9,SECTOR_RETAIL|SIZE_MICRO_1_9,val
146,SECTOR_MANUFACTURING_SMALL,SIZE_MEDIUM_50_249,SECTOR_MANUFACTURING_SMALL|SIZE_MEDIUM_50_249,train
147,SECTOR_PROFESSIONAL_SERVICES,SIZE_MICRO_1_9,SECTOR_PROFESSIONAL_SERVICES|SIZE_MICRO_1_9,val
148,SECTOR_RETAIL,SIZE_MICRO_1_9,SECTOR_RETAIL|SIZE_MICRO_1_9,val
149,SECTOR_HEALTHCARE_SMALL,SIZE_MICRO_1_9,SECTOR_HEALTHCARE_SMALL|SIZE_MICRO_1_9,train
150,SECTOR_TRANSPORT,SIZE_SMALL_10_49,SECTOR_TRANSPORT|SIZE_SMALL_10_49,train
151,SECTOR_CONSTRUCTION,SIZE_MEDIUM_50_249,SECTOR_CONSTRUCTION|SIZE_MEDIUM_50_249,train
152,SECTOR_HEALTHCARE_SMALL,SIZE_MICRO_1_9,SECTOR_HEALTHCARE_SMALL|SIZE_MICRO_1_9,train
153,SECTOR_PROFESSIONAL_SERVICES,SIZE_MICRO_1_9,SECTOR_PROFESSIONAL_SERVICES|SIZE_MICRO_1_9,train
154,SECTOR_CONSTRUCTION,SIZE_MICRO_1_9,SECTOR_CONSTRUCTION|SIZE_MICRO_1_9,val
155,SECTOR_CONSTRUCTION,SIZE_SMALL_10_49,SECTOR_CONSTRUCTION|SIZE_SMALL_10_49,train
156,SECTOR_HOSPITALITY,SIZE_MICRO_1_9,SECTOR_HOSPITALITY|SIZE_MICRO_1_9,train
157,SECTOR_HOSPITALITY,SIZE_MICRO_1_9,SECTOR_HOSPITALITY|SIZE_MICRO_1_9,train
158,SECTOR_HOSPITALITY,SIZE_SMALL_10_49,SECTOR_HOSPITALITY|SIZE_SMALL_10_49,train
159,SECTOR_TRANSPORT,SIZE_MEDIUM_50_249,SECTOR_TRANSPORT|SIZE_MEDIUM_50_249,train
160,SECTOR_TECH_SERVICES,SIZE_SMALL_10_49,SECTOR_TECH_SERVICES|SIZE_SMALL_10_49,train
161,SECTOR_TECH_SERVICES,SIZE_SMALL_10_49,SECTOR_TECH_SERVICES|SIZE_SMALL_10_49,train
162,SECTOR_PROFESSIONAL_SERVICES,SIZE_MICRO_1_9,SECTOR_PROFESSIONAL_SERVICES|SIZE_MICRO_1_9,train
163,SECTOR_TECH_SERVICES,SIZE_SMALL_10_49,SECTOR_TECH_SERVICES|SIZE_SMALL_10_49,train
164,SECTOR_PROFESSIONAL_SERVICES,SIZE_MICRO_1_9,SECTOR_PROFESSIONAL_SERVICES|SIZE_MICRO_1_9,test
165,SECTOR_RETAIL,SIZE_MICRO_1_9,SECTOR_RETAIL|SIZE_MICRO_1_9,train
166,SECTOR_RETAIL,SIZE_MICRO_1_9,SECTOR_RETAIL|SIZE_MICRO_1_9,val
167,SECTOR_PROFESSIONAL_SERVICES,SIZE_MICRO_1_9,SECTOR_PROFESSIONAL_SERVICES|SIZE_MICRO_1_9,train
168,SECTOR_HOSPITALITY,SIZE_MICRO_1_9,SECTOR_HOSPITALITY|SIZE_MICRO_1_9,train
169,SECTOR_PROFESSIONAL_SERVICES,SIZE_MICRO_1_9,SECTOR_PROFESSIONAL_SERVICES|SIZE_MICRO_1_9,train
170,SECTOR_CONSTRUCTION,SIZE_MICRO_1_9,SECTOR_CONSTRUCTION|SIZE_MICRO_1_9,test
171,SECTOR_TECH_SERVICES,SIZE_SMALL_10_49,SECTOR_TECH_SERVICES|SIZE_SMALL_10_49,val
172,SECTOR_TECH_SERVICES,SIZE_SMALL_10_49,SECTOR_TECH_SERVICES|SIZE_SMALL_10_49,test
173,SECTOR_CONSTRUCTION,SIZE_MICRO_1_9,SECTOR_CONSTRUCTION|SIZE_MICRO_1_9,train
174,SECTOR_HOSPITALITY,SIZE_MICRO_1_9,SECTOR_HOSPITALITY|SIZE_MICRO_1_9,test
175,SECTOR_CONSTRUCTION,SIZE_MEDIUM_50_249,SECTOR_CONSTRUCTION|SIZE_MEDIUM_50_249,train
176,SECTOR_HOSPITALITY,SIZE_SMALL_10_49,SECTOR_HOSPITALITY|SIZE_SMALL_10_49,test
177,SECTOR_OTHER,SIZE_MICRO_1_9,SECTOR_OTHER|SIZE_MICRO_1_9,train
178,SECTOR_CONSTRUCTION,SIZE_MICRO_1_9,SECTOR_CONSTRUCTION|SIZE_MICRO_1_9,train
179,SECTOR_PROFESSIONAL_SERVICES,SIZE_SMALL_10_49,SECTOR_PROFESSIONAL_SERVICES|SIZE_SMALL_10_49,train
180,SECTOR_MANUFACTURING_SMALL,SIZE_MICRO_1_9,SECTOR_MANUFACTURING_SMALL|SIZE_MICRO_1_9,train
181,SECTOR_PROFESSIONAL_SERVICES,SIZE_MICRO_1_9,SECTOR_PROFESSIONAL_SERVICES|SIZE_MICRO_1_9,train
182,SECTOR_TECH_SERVICES,SIZE_MICRO_1_9,SECTOR_TECH_SERVICES|SIZE_MICRO_1_9,train
183,SECTOR_TRANSPORT,SIZE_MICRO_1_9,SECTOR_TRANSPORT|SIZE_MICRO_1_9,train
184,SECTOR_HEALTHCARE_SMALL,SIZE_SMALL_10_49,SECTOR_HEALTHCARE_SMALL|SIZE_SMALL_10_49,train
185,SECTOR_MANUFACTURING_SMALL,SIZE_MEDIUM_50_249,SECTOR_MANUFACTURING_SMALL|SIZE_MEDIUM_50_249,val
186,SECTOR_CONSTRUCTION,SIZE_MICRO_1_9,SECTOR_CONSTRUCTION|SIZE_MICRO_1_9,test
187,SECTOR_MANUFACTURING_SMALL,SIZE_MEDIUM_50_249,SECTOR_MANUFACTURING_SMALL|SIZE_MEDIUM_50_249,train
188,SECTOR_RETAIL,SIZE_SMALL_10_49,SECTOR_RETAIL|SIZE_SMALL_10_49,test
189,SECTOR_HOSPITALITY,SIZE_MICRO_1_9,SECTOR_HOSPITALITY|SIZE_MICRO_1_9,train
190,SECTOR_TECH_SERVICES,SIZE_SMALL_10_49,SECTOR_TECH_SERVICES|SIZE_SMALL_10_49,train
191,SECTOR_TRANSPORT,SIZE_MICRO_1_9,SECTOR_TRANSPORT|SIZE_MICRO_1_9,train
192,SECTOR_RETAIL,SIZE_SMALL_10_49,SECTOR_RETAIL|SIZE_SMALL_10_49,test
193,SECTOR_RETAIL,SIZE_MICRO_1_9,SECTOR_RETAIL|SIZE_MICRO_1_9,train
194,SECTOR_TECH_SERVICES,SIZE_MICRO_1_9,SECTOR_TECH_SERVICES|SIZE_MICRO_1_9,val
195,SECTOR_RETAIL,SIZE_SMALL_10_49,SECTOR_RETAIL|SIZE_SMALL_10_49,train
196,SECTOR_HEALTHCARE_SMALL,SIZE_MEDIUM_50_249,SECTOR_HEALTHCARE_SMALL|SIZE_MEDIUM_50_249,train
197,SECTOR_TRANSPORT,SIZE_SMALL_10_49,SECTOR_TRANSPORT|SIZE_SMALL_10_49,train
198,SECTOR_RETAIL,SIZE_MICRO_1_9,SECTOR_RETAIL|SIZE_MICRO_1_9,test
199,SECTOR_MANUFACTURING_SMALL,SIZE_MICRO_1_9,SECTOR_MANUFACTURING_SMALL|SIZE_MICRO_1_9,train
200,SECTOR_CONSTRUCTION,SIZE_SMALL_10_49,SECTOR_CONSTRUCTION|SIZE_SMALL_10_49,test
201,SECTOR_RETAIL,SIZE_MICRO_1_9,SECTOR_RETAIL|SIZE_MICRO_1_9,train
202,SECTOR_MANUFACTURING_SMALL,SIZE_SMALL_10_49,SECTOR_MANUFACTURING_SMALL|SIZE_SMALL_10_49,test
203,SECTOR_RETAIL,SIZE_MICRO_1_9,SECTOR_RETAIL|SIZE_MICRO_1_9,val
204,SECTOR_TRANSPORT,SIZE_MICRO_1_9,SECTOR_TRANSPORT|SIZE_MICRO_1_9,train
205,SECTOR_TRANSPORT,SIZE_MEDIUM_50_249,SECTOR_TRANSPORT|SIZE_MEDIUM_50_249,train
206,SECTOR_OTHER,SIZE_MICRO_1_9,SECTOR_OTHER|SIZE_MICRO_1_9,train
207,SECTOR_MANUFACTURING_SMALL,SIZE_MICRO_1_9,SECTOR_MANUFACTURING_SMALL|SIZE_MICRO_1_9,train
208,SECTOR_MANUFACTURING_SMALL,SIZE_MEDIUM_50_249,SECTOR_MANUFACTURING_SMALL|SIZE_MEDIUM_50_249,train
209,SECTOR_PROFESSIONAL_SERVICES,SIZE_SMALL_10_49,SECTOR_PROFESSIONAL_SERVICES|SIZE_SMALL_10_49,test
210,SECTOR_OTHER,SIZE_SMALL_10_49,SECTOR_OTHER|SIZE_SMALL_10_49,train
211,SECTOR_PROFESSIONAL_SERVICES,SIZE_SMALL_10_49,SECTOR_PROFESSIONAL_SERVICES|SIZE_SMALL_10_49,train
212,SECTOR_TRANSPORT,SIZE_MEDIUM_50_249,SECTOR_TRANSPORT|SIZE_MEDIUM_50_249,test
213,SECTOR_RETAIL,SIZE_MICRO_1_9,SECTOR_RETAIL|SIZE_MICRO_1_9,train
214,SECTOR_TRANSPORT,SIZE_SMALL_10_49,SECTOR_TRANSPORT|SIZE_SMALL_10_49,train
215,SECTOR_HEALTHCARE_SMALL,SIZE_SMALL_10_49,SECTOR_HEALTHCARE_SMALL|SIZE_SMALL_10_49,train
216,SECTOR_HEALTHCARE_SMALL,SIZE_MICRO_1_9,SECTOR_HEALTHCARE_SMALL|SIZE_MICRO_1_9,train
217,SECTOR_TECH_SERVICES,SIZE_SMALL_10_49,SECTOR_TECH_SERVICES|SIZE_SMALL_10_49,train
218,SECTOR_HEALTHCARE_SMALL,SIZE_SMALL_10_49,SECTOR_HEALTHCARE_SMALL|SIZE_SMALL_10_49,train
219,SECTOR_TECH_SERVICES,SIZE_SMALL_10_49,SECTOR_TECH_SERVICES|SIZE_SMALL_10_49,train
220,SECTOR_TECH_SERVICES,SIZE_MEDIUM_50_249,SECTOR_TECH_SERVICES|SIZE_MEDIUM_50_249,val
221,SECTOR_PROFESSIONAL_SERVICES,SIZE_MEDIUM_50_249,SECTOR_PROFESSIONAL_SERVICES|SIZE_MEDIUM_50_249,train
222,SECTOR_HOSPITALITY,SIZE_MICRO_1_9,SECTOR_HOSPITALITY|SIZE_MICRO_1_9,train
223,SECTOR_OTHER,SIZE_MICRO_1_9,SECTOR_OTHER|SIZE_MICRO_1_9,train
224,SECTOR_TRANSPORT,SIZE_SMALL_10_49,SECTOR_TRANSPORT|SIZE_SMALL_10_49,train
225,SECTOR_HOSPITALITY,SIZE_MICRO_1_9,SECTOR_HOSPITALITY|SIZE_MICRO_1_9,train
226,SECTOR_TECH_SERVICES,SIZE_SMALL_10_49,SECTOR_TECH_SERVICES|SIZE_SMALL_10_49,train
227,SECTOR_TECH_SERVICES,SIZE_SMALL_10_49,SECTOR_TECH_SERVICES|SIZE_SMALL_10_49,train
228,SECTOR_RETAIL,SIZE_SMALL_10_49,SECTOR_RETAIL|SIZE_SMALL_10_49,train
229,SECTOR_RETAIL,SIZE_MICRO_1_9,SECTOR_RETAIL|SIZE_MICRO_1_9,train
230,SECTOR_TECH_SERVICES,SIZE_SMALL_10_49,SECTOR_TECH_SERVICES|SIZE_SMALL_10_49,train
231,SECTOR_TRANSPORT,SIZE_SMALL_10_49,SECTOR_TRANSPORT|SIZE_SMALL_10_49,train
232,SECTOR_RETAIL,SIZE_MICRO_1_9,SECTOR_RETAIL|SIZE_MICRO_1_9,train
233,SECTOR_TRANSPORT,SIZE_MICRO_1_9,SECTOR_TRANSPORT|SIZE_MICRO_1_9,train
234,SECTOR_MANUFACTURING_SMALL,SIZE_SMALL_10_49,SECTOR_MANUFACTURING_SMALL|SIZE_SMALL_10_49,train
235,SECTOR_OTHER,SIZE_MICRO_1_9,SECTOR_OTHER|SIZE_MICRO_1_9,val
236,SECTOR_RETAIL,SIZE_MICRO_1_9,SECTOR_RETAIL|SIZE_MICRO_1_9,train
237,SECTOR_HEALTHCARE_SMALL,SIZE_MICRO_1_9,SECTOR_HEALTHCARE_SMALL|SIZE_MICRO_1_9,train
238,SECTOR_PROFESSIONAL_SERVICES,SIZE_MICRO_1_9,SECTOR_PROFESSIONAL_SERVICES|SIZE_MICRO_1_9,test
239,SECTOR_OTHER,SIZE_MICRO_1_9,SECTOR_OTHER|SIZE_MICRO_1_9,test
240,SECTOR_OTHER,SIZE_SMALL_10_49,SECTOR_OTHER|SIZE_SMALL_10_49,train
241,SECTOR_HEALTHCARE_SMALL,SIZE_MICRO_1_9,SECTOR_HEALTHCARE_SMALL|SIZE_MICRO_1_9,train
242,SECTOR_MANUFACTURING_SMALL,SIZE_SMALL_10_49,SECTOR_MANUFACTURING_SMALL|SIZE_SMALL_10_49,train
243,SECTOR_TECH_SERVICES,SIZE_MICRO_1_9,SECTOR_TECH_SERVICES|SIZE_MICRO_1_9,train
244,SECTOR_HOSPITALITY,SIZE_MICRO_1_9,SECTOR_HOSPITALITY|SIZE_MICRO_1_9,train
245,SECTOR_MANUFACTURING_SMALL,SIZE_MICRO_1_9,SECTOR_MANUFACTURING_SMALL|SIZE_MICRO_1_9,train
246,SECTOR_MANUFACTURING_SMALL,SIZE_MEDIUM_50_249,SECTOR_MANUFACTURING_SMALL|SIZE_MEDIUM_50_249,train
247,SECTOR_OTHER,SIZE_SMALL_10_49,SECTOR_OTHER|SIZE_SMALL_10_49,val
248,SECTOR_OTHER,SIZE_MEDIUM_50_249,SECTOR_OTHER|SIZE_MEDIUM_50_249,test
249,SECTOR_HOSPITALITY,SIZE_MICRO_1_9,SECTOR_HOSPITALITY|SIZE_MICRO_1_9,train
250,SECTOR_RETAIL,SIZE_MICRO_1_9,SECTOR_RETAIL|SIZE_MICRO_1_9,test
251,SECTOR_RETAIL,SIZE_MICRO_1_9,SECTOR_RETAIL|SIZE_MICRO_1_9,train
252,SECTOR_TECH_SERVICES,SIZE_MICRO_1_9,SECTOR_TECH_SERVICES|SIZE_MICRO_1_9,train
253,SECTOR_MANUFACTURING_SMALL,SIZE_MICRO_1_9,SECTOR_MANUFACTURING_SMALL|SIZE_MICRO_1_9,train
254,SECTOR_OTHER,SIZE_MICRO_1_9,SECTOR_OTHER|SIZE_MICRO_1_9,train
255,SECTOR_TRANSPORT,SIZE_MEDIUM_50_249,SECTOR_TRANSPORT|SIZE_MEDIUM_50_249,train
256,SECTOR_TRANSPORT,SIZE_MICRO_1_9,SECTOR_TRANSPORT|SIZE_MICRO_1_9,val
257,SECTOR_CONSTRUCTION,SIZE_SMALL_10_49,SECTOR_CONSTRUCTION|SIZE_SMALL_10_49,train
258,SECTOR_TECH_SERVICES,SIZE_MICRO_1_9,SECTOR_TECH_SERVICES|SIZE_MICRO_1_9,train
259,SECTOR_OTHER,SIZE_SMALL_10_49,SECTOR_OTHER|SIZE_SMALL_10_49,train
260,SECTOR_PROFESSIONAL_SERVICES,SIZE_SMALL_10_49,SECTOR_PROFESSIONAL_SERVICES|SIZE_SMALL_10_49,train
261,SECTOR_TECH_SERVICES,SIZE_MICRO_1_9,SECTOR_TECH_SERVICES|SIZE_MICRO_1_9,test
262,SECTOR_PROFESSIONAL_SERVICES,SIZE_MICRO_1_9,SECTOR_PROFESSIONAL_SERVICES|SIZE_MICRO_1_9,train
263,SECTOR_TRANSPORT,SIZE_MICRO_1_9,SECTOR_TRANSPORT|SIZE_MICRO_1_9,train
264,SECTOR_HEALTHCARE_SMALL,SIZE_MICRO_1_9,SECTOR_HEALTHCARE_SMALL|SIZE_MICRO_1_9,train
265,SECTOR_TRANSPORT,SIZE_MICRO_1_9,SECTOR_TRANSPORT|SIZE_MICRO_1_9,test
266,SECTOR_CONSTRUCTION,SIZE_SMALL_10_49,SECTOR_CONSTRUCTION|SIZE_SMALL_10_49,train
267,SECTOR_HEALTHCARE_SMALL,SIZE_MICRO_1_9,SECTOR_HEALTHCARE_SMALL|SIZE_MICRO_1_9,train
268,SECTOR_TECH_SERVICES,SIZE_MEDIUM_50_249,SECTOR_TECH_SERVICES|SIZE_MEDIUM_50_249,train
269,SECTOR_MANUFACTURING_SMALL,SIZE_SMALL_10_49,SECTOR_MANUFACTURING_SMALL|SIZE_SMALL_10_49,val
270,SECTOR_TECH_SERVICES,SIZE_MICRO_1_9,SECTOR_TECH_SERVICES|SIZE_MICRO_1_9,train
271,SECTOR_TRANSPORT,SIZE_SMALL_10_49,SECTOR_TRANSPORT|SIZE_SMALL_10_49,train
272,SECTOR_HEALTHCARE_SMALL,SIZE_SMALL_10_49,SECTOR_HEALTHCARE_SMALL|SIZE_SMALL_10_49,test
273,SECTOR_HOSPITALITY,SIZE_MICRO_1_9,SECTOR_HOSPITALITY|SIZE_MICRO_1_9,test
274,SECTOR_RETAIL,SIZE_SMALL_10_49,SECTOR_RETAIL|SIZE_SMALL_10_49,train
275,SECTOR_HEALTHCARE_SMALL,SIZE_SMALL_10_49,SECTOR_HEALTHCARE_SMALL|SIZE_SMALL_10_49,train
276,SECTOR_OTHER,SIZE_MICRO_1_9,SECTOR_OTHER|SIZE_MICRO_1_9,test
277,SECTOR_PROFESSIONAL_SERVICES,SIZE_MEDIUM_50_249,SECTOR_PROFESSIONAL_SERVICES|SIZE_MEDIUM_50_249,train
278,SECTOR_PROFESSIONAL_SERVICES,SIZE_MICRO_1_9,SECTOR_PROFESSIONAL_SERVICES|SIZE_MICRO_1_9,train
279,SECTOR_HEALTHCARE_SMALL,SIZE_MICRO_1_9,SECTOR_HEALTHCARE_SMALL|SIZE_MICRO_1_9,test
280,SECTOR_MANUFACTURING_SMALL,SIZE_MICRO_1_9,SECTOR_MANUFACTURING_SMALL|SIZE_MICRO_1_9,train
281,SECTOR_HOSPITALITY,SIZE_SMALL_10_49,SECTOR_HOSPITALITY|SIZE_SMALL_10_49,train
282,SECTOR_HOSPITALITY,SIZE_MICRO_1_9,SECTOR_HOSPITALITY|SIZE_MICRO_1_9,train
283,SECTOR_PROFESSIONAL_SERVICES,SIZE_MICRO_1_9,SECTOR_PROFESSIONAL_SERVICES|SIZE_MICRO_1_9,train
284,SECTOR_TECH_SERVICES,SIZE_SMALL_10_49,SECTOR_TECH_SERVICES|SIZE_SMALL_10_49,test
285,SECTOR_HEALTHCARE_SMALL,SIZE_SMALL_10_49,SECTOR_HEALTHCARE_SMALL|SIZE_SMALL_10_49,train
286,SECTOR_HEALTHCARE_SMALL,SIZE_MICRO_1_9,SECTOR_HEALTHCARE_SMALL|SIZE_MICRO_1_9,train
287,SECTOR_HOSPITALITY,SIZE_SMALL_10_49,SECTOR_HOSPITALITY|SIZE_SMALL_10_49,val
288,SECTOR_TECH_SERVICES,SIZE_SMALL_10_49,SECTOR_TECH_SERVICES|SIZE_SMALL_10_49,train
289,SECTOR_OTHER,SIZE_SMALL_10_49,SECTOR_OTHER|SIZE_SMALL_10_49,train
290,SECTOR_TRANSPORT,SIZE_MICRO_1_9,SECTOR_TRANSPORT|SIZE_MICRO_1_9,train
291,SECTOR_TECH_SERVICES,SIZE_SMALL_10_49,SECTOR_TECH_SERVICES|SIZE_SMALL_10_49,train
292,SECTOR_PROFESSIONAL_SERVICES,SIZE_MICRO_1_9,SECTOR_PROFESSIONAL_SERVICES|SIZE_MICRO_1_9,train
293,SECTOR_PROFESSIONAL_SERVICES,SIZE_MICRO_1_9,SECTOR_PROFESSIONAL_SERVICES|SIZE_MICRO_1_9,train
294,SECTOR_HOSPITALITY,SIZE_SMALL_10_49,SECTOR_HOSPITALITY|SIZE_SMALL_10_49,train
295,SECTOR_TECH_SERVICES,SIZE_SMALL_10_49,SECTOR_TECH_SERVICES|SIZE_SMALL_10_49,train
296,SECTOR_OTHER,SIZE_SMALL_10_49,SECTOR_OTHER|SIZE_SMALL_10_49,train
297,SECTOR_OTHER,SIZE_MEDIUM_50_249,SECTOR_OTHER|SIZE_MEDIUM_50_249,train
298,SECTOR_PROFESSIONAL_SERVICES,SIZE_SMALL_10_49,SECTOR_PROFESSIONAL_SERVICES|SIZE_SMALL_10_49,test
299,SECTOR_TECH_SERVICES,SIZE_SMALL_10_49,SECTOR_TECH_SERVICES|SIZE_SMALL_10_49,train
300,SECTOR_HOSPITALITY,SIZE_MEDIUM_50_249,SECTOR_HOSPITALITY|SIZE_MEDIUM_50_249,val
301,SECTOR_HOSPITALITY,SIZE_MICRO_1_9,SECTOR_HOSPITALITY|SIZE_MICRO_1_9,train
302,SECTOR_OTHER,SIZE_MEDIUM_50_249,SECTOR_OTHER|SIZE_MEDIUM_50_249,train
303,SECTOR_CONSTRUCTION,SIZE_MICRO_1_9,SECTOR_CONSTRUCTION|SIZE_MICRO_1_9,train
304,SECTOR_TECH_SERVICES,SIZE_MICRO_1_9,SECTOR_TECH_SERVICES|SIZE_MICRO_1_9,train
305,SECTOR_MANUFACTURING_SMALL,SIZE_MICRO_1_9,SECTOR_MANUFACTURING_SMALL|SIZE_MICRO_1_9,train
306,SECTOR_MANUFACTURING_SMALL,SIZE_SMALL_10_49,SECTOR_MANUFACTURING_SMALL|SIZE_SMALL_10_49,test
307,SECTOR_HEALTHCARE_SMALL,SIZE_SMALL_10_49,SECTOR_HEALTHCARE_SMALL|SIZE_SMALL_10_49,train
308,SECTOR_MANUFACTURING_SMALL,SIZE_MICRO_1_9,SECTOR_MANUFACTURING_SMALL|SIZE_MICRO_1_9,train
309,SECTOR_HOSPITALITY,SIZE_SMALL_10_49,SECTOR_HOSPITALITY|SIZE_SMALL_10_49,train
310,SECTOR_TRANSPORT,SIZE_MICRO_1_9,SECTOR_TRANSPORT|SIZE_MICRO_1_9,train
311,SECTOR_OTHER,SIZE_MEDIUM_50_249,SECTOR_OTHER|SIZE_MEDIUM_50_249,train
312,SECTOR_CONSTRUCTION,SIZE_SMALL_10_49,SECTOR_CONSTRUCTION|SIZE_SMALL_10_49,train
313,SECTOR_TRANSPORT,SIZE_SMALL_10_49,SECTOR_TRANSPORT|SIZE_SMALL_10_49,test
314,SECTOR_MANUFACTURING_SMALL,SIZE_SMALL_10_49,SECTOR_MANUFACTURING_SMALL|SIZE_SMALL_10_49,val
315,SECTOR_MANUFACTURING_SMALL,SIZE_SMALL_10_49,SECTOR_MANUFACTURING_SMALL|SIZE_SMALL_10_49,train
316,SECTOR_HEALTHCARE_SMALL,SIZE_SMALL_10_49,SECTOR_HEALTHCARE_SMALL|SIZE_SMALL_10_49,test
317,SECTOR_CONSTRUCTION,SIZE_SMALL_10_49,SECTOR_CONSTRUCTION|SIZE_SMALL_10_49,train
318,SECTOR_OTHER,SIZE_SMALL_10_49,SECTOR_OTHER|SIZE_SMALL_10_49,train
319,SECTOR_OTHER,SIZE_MICRO_1_9,SECTOR_OTHER|SIZE_MICRO_1_9,train
320,SECTOR_MANUFACTURING_SMALL,SIZE_MICRO_1_9,SECTOR_MANUFACTURING_SMALL|SIZE_MICRO_1_9,train
321,SECTOR_MANUFACTURING_SMALL,SIZE_MICRO_1_9,SECTOR_MANUFACTURING_SMALL|SIZE_MICRO_1_9,test
322,SECTOR_CONSTRUCTION,SIZE_MICRO_1_9,SECTOR_CONSTRUCTION|SIZE_MICRO_1_9,test
323,SECTOR_PROFESSIONAL_SERVICES,SIZE_SMALL_10_49,SECTOR_PROFESSIONAL_SERVICES|SIZE_SMALL_10_49,train
324,SECTOR_MANUFACTURING_SMALL,SIZE_MICRO_1_9,SECTOR_MANUFACTURING_SMALL|SIZE_MICRO_1_9,val
325,SECTOR_RETAIL,SIZE_SMALL_10_49,SECTOR_RETAIL|SIZE_SMALL_10_49,test
326,SECTOR_MANUFACTURING_SMALL,SIZE_MICRO_1_9,SECTOR_MANUFACTURING_SMALL|SIZE_MICRO_1_9,train
327,SECTOR_CONSTRUCTION,SIZE_MICRO_1_9,SECTOR_CONSTRUCTION|SIZE_MICRO_1_9,train
328,SECTOR_CONSTRUCTION,SIZE_SMALL_10_49,SECTOR_CONSTRUCTION|SIZE_SMALL_10_49,train
329,SECTOR_PROFESSIONAL_SERVICES,SIZE_SMALL_10_49,SECTOR_PROFESSIONAL_SERVICES|SIZE_SMALL_10_49,train
330,SECTOR_CONSTRUCTION,SIZE_SMALL_10_49,SECTOR_CONSTRUCTION|SIZE_SMALL_10_49,train
331,SECTOR_TECH_SERVICES,SIZE_MICRO_1_9,SECTOR_TECH_SERVICES|SIZE_MICRO_1_9,train
332,SECTOR_HEALTHCARE_SMALL,SIZE_MICRO_1_9,SECTOR_HEALTHCARE_SMALL|SIZE_MICRO_1_9,train
333,SECTOR_HEALTHCARE_SMALL,SIZE_SMALL_10_49,SECTOR_HEALTHCARE_SMALL|SIZE_SMALL_10_49,train
334,SECTOR_HOSPITALITY,SIZE_MICRO_1_9,SECTOR_HOSPITALITY|SIZE_MICRO_1_9,train
335,SECTOR_CONSTRUCTION,SIZE_SMALL_10_49,SECTOR_CONSTRUCTION|SIZE_SMALL_10_49,val
336,SECTOR_MANUFACTURING_SMALL,SIZE_MICRO_1_9,SECTOR_MANUFACTURING_SMALL|SIZE_MICRO_1_9,train
337,SECTOR_HEALTHCARE_SMALL,SIZE_MICRO_1_9,SECTOR_HEALTHCARE_SMALL|SIZE_MICRO_1_9,train
338,SECTOR_MANUFACTURING_SMALL,SIZE_SMALL_10_49,SECTOR_MANUFACTURING_SMALL|SIZE_SMALL_10_49,train
339,SECTOR_OTHER,SIZE_SMALL_10_49,SECTOR_OTHER|SIZE_SMALL_10_49,train
340,SECTOR_TRANSPORT,SIZE_SMALL_10_49,SECTOR_TRANSPORT|SIZE_SMALL_10_49,train
341,SECTOR_TRANSPORT,SIZE_SMALL_10_49,SECTOR_TRANSPORT|SIZE_SMALL_10_49,train
342,SECTOR_HEALTHCARE_SMALL,SIZE_MICRO_1_9,SECTOR_HEALTHCARE_SMALL|SIZE_MICRO_1_9,train
343,SECTOR_PROFESSIONAL_SERVICES,SIZE_SMALL_10_49,SECTOR_PROFESSIONAL_SERVICES|SIZE_SMALL_10_49,train
344,SECTOR_PROFESSIONAL_SERVICES,SIZE_MICRO_1_9,SECTOR_PROFESSIONAL_SERVICES|SIZE_MICRO_1_9,train
345,SECTOR_RETAIL,SIZE_MEDIUM_50_249,SECTOR_RETAIL|SIZE_MEDIUM_50_249,train
346,SECTOR_TRANSPORT,SIZE_MICRO_1_9,SECTOR_TRANSPORT|SIZE_MICRO_1_9,train
347,SECTOR_CONSTRUCTION,SIZE_MICRO_1_9,SECTOR_CONSTRUCTION|SIZE_MICRO_1_9,train
348,SECTOR_HEALTHCARE_SMALL,SIZE_SMALL_10_49,SECTOR_HEALTHCARE_SMALL|SIZE_SMALL_10_49,test
349,SECTOR_HEALTHCARE_SMALL,SIZE_SMALL_10_49,SECTOR_HEALTHCARE_SMALL|SIZE_SMALL_10_49,train
350,SECTOR_OTHER,SIZE_MICRO_1_9,SECTOR_OTHER|SIZE_MICRO_1_9,train
351,SECTOR_HOSPITALITY,SIZE_MICRO_1_9,SECTOR_HOSPITALITY|SIZE_MICRO_1_9,test
352,SECTOR_HEALTHCARE_SMALL,SIZE_SMALL_10_49,SECTOR_HEALTHCARE_SMALL|SIZE_SMALL_10_49,train
353,SECTOR_TECH_SERVICES,SIZE_MICRO_1_9,SECTOR_TECH_SERVICES|SIZE_MICRO_1_9,train
354,SECTOR_PROFESSIONAL_SERVICES,SIZE_MICRO_1_9,SECTOR_PROFESSIONAL_SERVICES|SIZE_MICRO_1_9,train
355,SECTOR_HEALTHCARE_SMALL,SIZE_SMALL_10_49,SECTOR_HEALTHCARE_SMALL|SIZE_SMALL_10_49,train
356,SECTOR_TRANSPORT,SIZE_SMALL_10_49,SECTOR_TRANSPORT|SIZE_SMALL_10_49,train
357,SECTOR_OTHER,SIZE_MICRO_1_9,SECTOR_OTHER|SIZE_MICRO_1_9,train
358,SECTOR_MANUFACTURING_SMALL,SIZE_SMALL_10_49,SECTOR_MANUFACTURING_SMALL|SIZE_SMALL_10_49,train
359,SECTOR_MANUFACTURING_SMALL,SIZE_MICRO_1_9,SECTOR_MANUFACTURING_SMALL|SIZE_MICRO_1_9,train
360,SECTOR_TECH_SERVICES,SIZE_SMALL_10_49,SECTOR_TECH_SERVICES|SIZE_SMALL_10_49,train
361,SECTOR_OTHER,SIZE_MICRO_1_9,SECTOR_OTHER|SIZE_MICRO_1_9,train
362,SECTOR_MANUFACTURING_SMALL,SIZE_SMALL_10_49,SECTOR_MANUFACTURING_SMALL|SIZE_SMALL_10_49,train
363,SECTOR_HOSPITALITY,SIZE_SMALL_10_49,SECTOR_HOSPITALITY|SIZE_SMALL_10_49,train
364,SECTOR_HEALTHCARE_SMALL,SIZE_MEDIUM_50_249,SECTOR_HEALTHCARE_SMALL|SIZE_MEDIUM_50_249,train
365,SECTOR_TECH_SERVICES,SIZE_MICRO_1_9,SECTOR_TECH_SERVICES|SIZE_MICRO_1_9,val
366,SECTOR_MANUFACTURING_SMALL,SIZE_MICRO_1_9,SECTOR_MANUFACTURING_SMALL|SIZE_MICRO_1_9,train
367,SECTOR_CONSTRUCTION,SIZE_MICRO_1_9,SECTOR_CONSTRUCTION|SIZE_MICRO_1_9,train
368,SECTOR_TECH_SERVICES,SIZE_SMALL_10_49,SECTOR_TECH_SERVICES|SIZE_SMALL_10_49,train
369,SECTOR_RETAIL,SIZE_SMALL_10_49,SECTOR_RETAIL|SIZE_SMALL_10_49,train
370,SECTOR_HOSPITALITY,SIZE_MICRO_1_9,SECTOR_HOSPITALITY|SIZE_MICRO_1_9,train
371,SECTOR_OTHER,SIZE_MICRO_1_9,SECTOR_OTHER|SIZE_MICRO_1_9,train
372,SECTOR_PROFESSIONAL_SERVICES,SIZE_MICRO_1_9,SECTOR_PROFESSIONAL_SERVICES|SIZE_MICRO_1_9,train
373,SECTOR_MANUFACTURING_SMALL,SIZE_SMALL_10_49,SECTOR_MANUFACTURING_SMALL|SIZE_SMALL_10_49,train
374,SECTOR_TRANSPORT,SIZE_MEDIUM_50_249,SECTOR_TRANSPORT|SIZE_MEDIUM_50_249,test
375,SECTOR_RETAIL,SIZE_MICRO_1_9,SECTOR_RETAIL|SIZE_MICRO_1_9,train
376,SECTOR_CONSTRUCTION,SIZE_MICRO_1_9,SECTOR_CONSTRUCTION|SIZE_MICRO_1_9,test
377,SECTOR_MANUFACTURING_SMALL,SIZE_MICRO_1_9,SECTOR_MANUFACTURING_SMALL|SIZE_MICRO_1_9,train
378,SECTOR_OTHER,SIZE_SMALL_10_49,SECTOR_OTHER|SIZE_SMALL_10_49,train
379,SECTOR_HEALTHCARE_SMALL,SIZE_MICRO_1_9,SECTOR_HEALTHCARE_SMALL|SIZE_MICRO_1_9,train
380,SECTOR_HOSPITALITY,SIZE_MEDIUM_50_249,SECTOR_HOSPITALITY|SIZE_MEDIUM_50_249,train
381,SECTOR_CONSTRUCTION,SIZE_SMALL_10_49,SECTOR_CONSTRUCTION|SIZE_SMALL_10_49,train
382,SECTOR_HEALTHCARE_SMALL,SIZE_MICRO_1_9,SECTOR_HEALTHCARE_SMALL|SIZE_MICRO_1_9,train
383,SECTOR_HEALTHCARE_SMALL,SIZE_MICRO_1_9,SECTOR_HEALTHCARE_SMALL|SIZE_MICRO_1_9,train
384,SECTOR_TECH_SERVICES,SIZE_MICRO_1_9,SECTOR_TECH_SERVICES|SIZE_MICRO_1_9,test
385,SECTOR_OTHER,SIZE_MICRO_1_9,SECTOR_OTHER|SIZE_MICRO_1_9,test
386,SECTOR_HOSPITALITY,SIZE_SMALL_10_49,SECTOR_HOSPITALITY|SIZE_SMALL_10_49,train
387,SECTOR_HOSPITALITY,SIZE_SMALL_10_49,SECTOR_HOSPITALITY|SIZE_SMALL_10_49,train
388,SECTOR_MANUFACTURING_SMALL,SIZE_SMALL_10_49,SECTOR_MANUFACTURING_SMALL|SIZE_SMALL_10_49,train
389,SECTOR_OTHER,SIZE_MEDIUM_50_249,SECTOR_OTHER|SIZE_MEDIUM_50_249,train
390,SECTOR_OTHER,SIZE_SMALL_10_49,SECTOR_OTHER|SIZE_SMALL_10_49,train
391,SECTOR_TECH_SERVICES,SIZE_MICRO_1_9,SECTOR_TECH_SERVICES|SIZE_MICRO_1_9,val
392,SECTOR_CONSTRUCTION,SIZE_SMALL_10_49,SECTOR_CONSTRUCTION|SIZE_SMALL_10_49,train
393,SECTOR_MANUFACTURING_SMALL,SIZE_SMALL_10_49,SECTOR_MANUFACTURING_SMALL|SIZE_SMALL_10_49,train
394,SECTOR_TECH_SERVICES,SIZE_MICRO_1_9,SECTOR_TECH_SERVICES|SIZE_MICRO_1_9,train
395,SECTOR_HOSPITALITY,SIZE_SMALL_10_49,SECTOR_HOSPITALITY|SIZE_SMALL_10_49,test
396,SECTOR_TRANSPORT,SIZE_MICRO_1_9,SECTOR_TRANSPORT|SIZE_MICRO_1_9,train
397,SECTOR_TECH_SERVICES,SIZE_MEDIUM_50_249,SECTOR_TECH_SERVICES|SIZE_MEDIUM_50_249,train
398,SECTOR_OTHER,SIZE_SMALL_10_49,SECTOR_OTHER|SIZE_SMALL_10_49,train
399,SECTOR_MANUFACTURING_SMALL,SIZE_MICRO_1_9,SECTOR_MANUFACTURING_SMALL|SIZE_MICRO_1_9,train
400,SECTOR_PROFESSIONAL_SERVICES,SIZE_MICRO_1_9,SECTOR_PROFESSIONAL_SERVICES|SIZE_MICRO_1_9,train
401,SECTOR_TECH_SERVICES,SIZE_MICRO_1_9,SECTOR_TECH_SERVICES|SIZE_MICRO_1_9,train
402,SECTOR_RETAIL,SIZE_SMALL_10_49,SECTOR_RETAIL|SIZE_SMALL_10_49,train
403,SECTOR_MANUFACTURING_SMALL,SIZE_MICRO_1_9,SECTOR_MANUFACTURING_SMALL|SIZE_MICRO_1_9,train
404,SECTOR_HOSPITALITY,SIZE_MICRO_1_9,SECTOR_HOSPITALITY|SIZE_MICRO_1_9,train
405,SECTOR_OTHER,SIZE_MICRO_1_9,SECTOR_OTHER|SIZE_MICRO_1_9,val
406,SECTOR_OTHER,SIZE_SMALL_10_49,SECTOR_OTHER|SIZE_SMALL_10_49,train
407,SECTOR_OTHER,SIZE_MICRO_1_9,SECTOR_OTHER|SIZE_MICRO_1_9,test
408,SECTOR_RETAIL,SIZE_MICRO_1_9,SECTOR_RETAIL|SIZE_MICRO_1_9,train
409,SECTOR_HEALTHCARE_SMALL,SIZE_SMALL_10_49,SECTOR_HEALTHCARE_SMALL|SIZE_SMALL_10_49,train
410,SECTOR_CONSTRUCTION,SIZE_SMALL_10_49,SECTOR_CONSTRUCTION|SIZE_SMALL_10_49,val
411,SECTOR_OTHER,SIZE_MICRO_1_9,SECTOR_OTHER|SIZE_MICRO_1_9,val
412,SECTOR_HOSPITALITY,SIZE_MICRO_1_9,SECTOR_HOSPITALITY|SIZE_MICRO_1_9,train
413,SECTOR_HOSPITALITY,SIZE_MICRO_1_9,SECTOR_HOSPITALITY|SIZE_MICRO_1_9,train
414,SECTOR_TRANSPORT,SIZE_SMALL_10_49,SECTOR_TRANSPORT|SIZE_SMALL_10_49,test
415,SECTOR_PROFESSIONAL_SERVICES,SIZE_MICRO_1_9,SECTOR_PROFESSIONAL_SERVICES|SIZE_MICRO_1_9,train
416,SECTOR_HEALTHCARE_SMALL,SIZE_MICRO_1_9,SECTOR_HEALTHCARE_SMALL|SIZE_MICRO_1_9,test
417,SECTOR_CONSTRUCTION,SIZE_MICRO_1_9,SECTOR_CONSTRUCTION|SIZE_MICRO_1_9,train
418,SECTOR_TECH_SERVICES,SIZE_SMALL_10_49,SECTOR_TECH_SERVICES|SIZE_SMALL_10_49,val
419,SECTOR_PROFESSIONAL_SERVICES,SIZE_MICRO_1_9,SECTOR_PROFESSIONAL_SERVICES|SIZE_MICRO_1_9,train
420,SECTOR_PROFESSIONAL_SERVICES,SIZE_SMALL_10_49,SECTOR_PROFESSIONAL_SERVICES|SIZE_SMALL_10_49,train
421,SECTOR_RETAIL,SIZE_MEDIUM_50_249,SECTOR_RETAIL|SIZE_MEDIUM_50_249,test
422,SECTOR_HEALTHCARE_SMALL,SIZE_SMALL_10_49,SECTOR_HEALTHCARE_SMALL|SIZE_SMALL_10_49,val
423,SECTOR_HOSPITALITY,SIZE_MICRO_1_9,SECTOR_HOSPITALITY|SIZE_MICRO_1_9,train
424,SECTOR_HEALTHCARE_SMALL,SIZE_MICRO_1_9,SECTOR_HEALTHCARE_SMALL|SIZE_MICRO_1_9,train
425,SECTOR_HEALTHCARE_SMALL,SIZE_SMALL_10_49,SECTOR_HEALTHCARE_SMALL|SIZE_SMALL_10_49,train
426,SECTOR_HOSPITALITY,SIZE_MICRO_1_9,SECTOR_HOSPITALITY|SIZE_MICRO_1_9,train
427,SECTOR_PROFESSIONAL_SERVICES,SIZE_MICRO_1_9,SECTOR_PROFESSIONAL_SERVICES|SIZE_MICRO_1_9,train
428,SECTOR_HOSPITALITY,SIZE_MICRO_1_9,SECTOR_HOSPITALITY|SIZE_MICRO_1_9,train
429,SECTOR_TECH_SERVICES,SIZE_MICRO_1_9,SECTOR_TECH_SERVICES|SIZE_MICRO_1_9,train
430,SECTOR_CONSTRUCTION,SIZE_MEDIUM_50_249,SECTOR_CONSTRUCTION|SIZE_MEDIUM_50_249,test
431,SECTOR_HOSPITALITY,SIZE_MICRO_1_9,SECTOR_HOSPITALITY|SIZE_MICRO_1_9,train
432,SECTOR_MANUFACTURING_SMALL,SIZE_SMALL_10_49,SECTOR_MANUFACTURING_SMALL|SIZE_SMALL_10_49,train
433,SECTOR_TRANSPORT,SIZE_MICRO_1_9,SECTOR_TRANSPORT|SIZE_MICRO_1_9,train
434,SECTOR_OTHER,SIZE_SMALL_10_49,SECTOR_OTHER|SIZE_SMALL_10_49,train
435,SECTOR_MANUFACTURING_SMALL,SIZE_MICRO_1_9,SECTOR_MANUFACTURING_SMALL|SIZE_MICRO_1_9,train
436,SECTOR_TRANSPORT,SIZE_SMALL_10_49,SECTOR_TRANSPORT|SIZE_SMALL_10_49,test
437,SECTOR_TECH_SERVICES,SIZE_MICRO_1_9,SECTOR_TECH_SERVICES|SIZE_MICRO_1_9,train
438,SECTOR_HEALTHCARE_SMALL,SIZE_MICRO_1_9,SECTOR_HEALTHCARE_SMALL|SIZE_MICRO_1_9,train
439,SECTOR_HOSPITALITY,SIZE_MEDIUM_50_249,SECTOR_HOSPITALITY|SIZE_MEDIUM_50_249,val
440,SECTOR_MANUFACTURING_SMALL,SIZE_MICRO_1_9,SECTOR_MANUFACTURING_SMALL|SIZE_MICRO_1_9,test
441,SECTOR_CONSTRUCTION,SIZE_MEDIUM_50_249,SECTOR_CONSTRUCTION|SIZE_MEDIUM_50_249,train
442,SECTOR_TECH_SERVICES,SIZE_SMALL_10_49,SECTOR_TECH_SERVICES|SIZE_SMALL_10_49,train
443,SECTOR_MANUFACTURING_SMALL,SIZE_MICRO_1_9,SECTOR_MANUFACTURING_SMALL|SIZE_MICRO_1_9,train
444,SECTOR_CONSTRUCTION,SIZE_SMALL_10_49,SECTOR_CONSTRUCTION|SIZE_SMALL_10_49,test
445,SECTOR_PROFESSIONAL_SERVICES,SIZE_MICRO_1_9,SECTOR_PROFESSIONAL_SERVICES|SIZE_MICRO_1_9,train
446,SECTOR_MANUFACTURING_SMALL,SIZE_MICRO_1_9,SECTOR_MANUFACTURING_SMALL|SIZE_MICRO_1_9,test
447,SECTOR_PROFESSIONAL_SERVICES,SIZE_MICRO_1_9,SECTOR_PROFESSIONAL_SERVICES|SIZE_MICRO_1_9,val
448,SECTOR_CONSTRUCTION,SIZE_MICRO_1_9,SECTOR_CONSTRUCTION|SIZE_MICRO_1_9,train
449,SECTOR_HEALTHCARE_SMALL,SIZE_SMALL_10_49,SECTOR_HEALTHCARE_SMALL|SIZE_SMALL_10_49,train
450,SECTOR_HEALTHCARE_SMALL,SIZE_MICRO_1_9,SECTOR_HEALTHCARE_SMALL|SIZE_MICRO_1_9,train
451,SECTOR_TECH_SERVICES,SIZE_SMALL_10_49,SECTOR_TECH_SERVICES|SIZE_SMALL_10_49,val
452,SECTOR_TRANSPORT,SIZE_MICRO_1_9,SECTOR_TRANSPORT|SIZE_MICRO_1_9,train
453,SECTOR_HOSPITALITY,SIZE_MICRO_1_9,SECTOR_HOSPITALITY|SIZE_MICRO_1_9,train
454,SECTOR_MANUFACTURING_SMALL,SIZE_MEDIUM_50_249,SECTOR_MANUFACTURING_SMALL|SIZE_MEDIUM_50_249,train
455,SECTOR_RETAIL,SIZE_MICRO_1_9,SECTOR_RETAIL|SIZE_MICRO_1_9,train
456,SECTOR_PROFESSIONAL_SERVICES,SIZE_MICRO_1_9,SECTOR_PROFESSIONAL_SERVICES|SIZE_MICRO_1_9,train
457,SECTOR_OTHER,SIZE_MICRO_1_9,SECTOR_OTHER|SIZE_MICRO_1_9,val
458,SECTOR_HEALTHCARE_SMALL,SIZE_MICRO_1_9,SECTOR_HEALTHCARE_SMALL|SIZE_MICRO_1_9,train
459,SECTOR_CONSTRUCTION,SIZE_MICRO_1_9,SECTOR_CONSTRUCTION|SIZE_MICRO_1_9,val
460,SECTOR_TECH_SERVICES,SIZE_MICRO_1_9,SECTOR_TECH_SERVICES|SIZE_MICRO_1_9,train
461,SECTOR_HOSPITALITY,SIZE_SMALL_10_49,SECTOR_HOSPITALITY|SIZE_SMALL_10_49,train
462,SECTOR_CONSTRUCTION,SIZE_MICRO_1_9,SECTOR_CONSTRUCTION|SIZE_MICRO_1_9,train
463,SECTOR_RETAIL,SIZE_MICRO_1_9,SECTOR_RETAIL|SIZE_MICRO_1_9,train
464,SECTOR_HEALTHCARE_SMALL,SIZE_MICRO_1_9,SECTOR_HEALTHCARE_SMALL|SIZE_MICRO_1_9,train
465,SECTOR_HOSPITALITY,SIZE_MEDIUM_50_249,SECTOR_HOSPITALITY|SIZE_MEDIUM_50_249,train
466,SECTOR_RETAIL,SIZE_MICRO_1_9,SECTOR_RETAIL|SIZE_MICRO_1_9,train
467,SECTOR_HOSPITALITY,SIZE_SMALL_10_49,SECTOR_HOSPITALITY|SIZE_SMALL_10_49,train
468,SECTOR_MANUFACTURING_SMALL,SIZE_SMALL_10_49,SECTOR_MANUFACTURING_SMALL|SIZE_SMALL_10_49,train
469,SECTOR_HEALTHCARE_SMALL,SIZE_MICRO_1_9,SECTOR_HEALTHCARE_SMALL|SIZE_MICRO_1_9,train
470,SECTOR_OTHER,SIZE_MEDIUM_50_249,SECTOR_OTHER|SIZE_MEDIUM_50_249,test
471,SECTOR_PROFESSIONAL_SERVICES,SIZE_MICRO_1_9,SECTOR_PROFESSIONAL_SERVICES|SIZE_MICRO_1_9,train
472,SECTOR_CONSTRUCTION,SIZE_SMALL_10_49,SECTOR_CONSTRUCTION|SIZE_SMALL_10_49,train
473,SECTOR_HEALTHCARE_SMALL,SIZE_MICRO_1_9,SECTOR_HEALTHCARE_SMALL|SIZE_MICRO_1_9,test
474,SECTOR_RETAIL,SIZE_MICRO_1_9,SECTOR_RETAIL|SIZE_MICRO_1_9,train
475,SECTOR_TECH_SERVICES,SIZE_SMALL_10_49,SECTOR_TECH_SERVICES|SIZE_SMALL_10_49,train
476,SECTOR_HEALTHCARE_SMALL,SIZE_MEDIUM_50_249,SECTOR_HEALTHCARE_SMALL|SIZE_MEDIUM_50_249,test
477,SECTOR_OTHER,SIZE_MICRO_1_9,SECTOR_OTHER|SIZE_MICRO_1_9,train
478,SECTOR_PROFESSIONAL_SERVICES,SIZE_MICRO_1_9,SECTOR_PROFESSIONAL_SERVICES|SIZE_MICRO_1_9,train
479,SECTOR_RETAIL,SIZE_MICRO_1_9,SECTOR_RETAIL|SIZE_MICRO_1_9,train
480,SECTOR_HOSPITALITY,SIZE_SMALL_10_49,SECTOR_HOSPITALITY|SIZE_SMALL_10_49,train
481,SECTOR_OTHER,SIZE_MICRO_1_9,SECTOR_OTHER|SIZE_MICRO_1_9,train
482,SECTOR_TECH_SERVICES,SIZE_MICRO_1_9,SECTOR_TECH_SERVICES|SIZE_MICRO_1_9,train
483,SECTOR_RETAIL,SIZE_SMALL_10_49,SECTOR_RETAIL|SIZE_SMALL_10_49,train
484,SECTOR_RETAIL,SIZE_SMALL_10_49,SECTOR_RETAIL|SIZE_SMALL_10_49,train
485,SECTOR_PROFESSIONAL_SERVICES,SIZE_MICRO_1_9,SECTOR_PROFESSIONAL_SERVICES|SIZE_MICRO_1_9,train
486,SECTOR_HOSPITALITY,SIZE_SMALL_10_49,SECTOR_HOSPITALITY|SIZE_SMALL_10_49,train
487,SECTOR_TRANSPORT,SIZE_MICRO_1_9,SECTOR_TRANSPORT|SIZE_MICRO_1_9,train
488,SECTOR_OTHER,SIZE_MICRO_1_9,SECTOR_OTHER|SIZE_MICRO_1_9,train
489,SECTOR_RETAIL,SIZE_MICRO_1_9,SECTOR_RETAIL|SIZE_MICRO_1_9,train
490,SECTOR_PROFESSIONAL_SERVICES,SIZE_MICRO_1_9,SECTOR_PROFESSIONAL_SERVICES|SIZE_MICRO_1_9,test
491,SECTOR_PROFESSIONAL_SERVICES,SIZE_SMALL_10_49,SECTOR_PROFESSIONAL_SERVICES|SIZE_SMALL_10_49,train
492,SECTOR_HOSPITALITY,SIZE_MICRO_1_9,SECTOR_HOSPITALITY|SIZE_MICRO_1_9,train
493,SECTOR_HOSPITALITY,SIZE_MICRO_1_9,SECTOR_HOSPITALITY|SIZE_MICRO_1_9,train
494,SECTOR_HOSPITALITY,SIZE_MICRO_1_9,SECTOR_HOSPITALITY|SIZE_MICRO_1_9,test
495,SECTOR_PROFESSIONAL_SERVICES,SIZE_SMALL_10_49,SECTOR_PROFESSIONAL_SERVICES|SIZE_SMALL_10_49,train
496,SECTOR_RETAIL,SIZE_SMALL_10_49,SECTOR_RETAIL|SIZE_SMALL_10_49,train
497,SECTOR_HOSPITALITY,SIZE_SMALL_10_49,SECTOR_HOSPITALITY|SIZE_SMALL_10_49,train
498,SECTOR_TECH_SERVICES,SIZE_MICRO_1_9,SECTOR_TECH_SERVICES|SIZE_MICRO_1_9,train
499,SECTOR_HEALTHCARE_SMALL,SIZE_SMALL_10_49,SECTOR_HEALTHCARE_SMALL|SIZE_SMALL_10_49,train
500,SECTOR_MANUFACTURING_SMALL,SIZE_MEDIUM_50_249,SECTOR_MANUFACTURING_SMALL|SIZE_MEDIUM_50_249,train
501,SECTOR_CONSTRUCTION,SIZE_MICRO_1_9,SECTOR_CONSTRUCTION|SIZE_MICRO_1_9,val
502,SECTOR_HOSPITALITY,SIZE_MICRO_1_9,SECTOR_HOSPITALITY|SIZE_MICRO_1_9,train
503,SECTOR_CONSTRUCTION,SIZE_MICRO_1_9,SECTOR_CONSTRUCTION|SIZE_MICRO_1_9,train
504,SECTOR_TRANSPORT,SIZE_MICRO_1_9,SECTOR_TRANSPORT|SIZE_MICRO_1_9,train
505,SECTOR_CONSTRUCTION,SIZE_MICRO_1_9,SECTOR_CONSTRUCTION|SIZE_MICRO_1_9,train
506,SECTOR_TECH_SERVICES,SIZE_SMALL_10_49,SECTOR_TECH_SERVICES|SIZE_SMALL_10_49,train
507,SECTOR_RETAIL,SIZE_SMALL_10_49,SECTOR_RETAIL|SIZE_SMALL_10_49,val
508,SECTOR_MANUFACTURING_SMALL,SIZE_SMALL_10_49,SECTOR_MANUFACTURING_SMALL|SIZE_SMALL_10_49,train
509,SECTOR_HEALTHCARE_SMALL,SIZE_SMALL_10_49,SECTOR_HEALTHCARE_SMALL|SIZE_SMALL_10_49,train
510,SECTOR_PROFESSIONAL_SERVICES,SIZE_MICRO_1_9,SECTOR_PROFESSIONAL_SERVICES|SIZE_MICRO_1_9,train
511,SECTOR_TECH_SERVICES,SIZE_MEDIUM_50_249,SECTOR_TECH_SERVICES|SIZE_MEDIUM_50_249,test
512,SECTOR_TECH_SERVICES,SIZE_MICRO_1_9,SECTOR_TECH_SERVICES|SIZE_MICRO_1_9,train
513,SECTOR_CONSTRUCTION,SIZE_MEDIUM_50_249,SECTOR_CONSTRUCTION|SIZE_MEDIUM_50_249,train
514,SECTOR_TRANSPORT,SIZE_MEDIUM_50_249,SECTOR_TRANSPORT|SIZE_MEDIUM_50_249,train
515,SECTOR_TECH_SERVICES,SIZE_MEDIUM_50_249,SECTOR_TECH_SERVICES|SIZE_MEDIUM_50_249,train
516,SECTOR_MANUFACTURING_SMALL,SIZE_SMALL_10_49,SECTOR_MANUFACTURING_SMALL|SIZE_SMALL_10_49,train
517,SECTOR_OTHER,SIZE_SMALL_10_49,SECTOR_OTHER|SIZE_SMALL_10_49,train
518,SECTOR_MANUFACTURING_SMALL,SIZE_SMALL_10_49,SECTOR_MANUFACTURING_SMALL|SIZE_SMALL_10_49,test
519,SECTOR_OTHER,SIZE_MICRO_1_9,SECTOR_OTHER|SIZE_MICRO_1_9,train
520,SECTOR_TECH_SERVICES,SIZE_MICRO_1_9,SECTOR_TECH_SERVICES|SIZE_MICRO_1_9,train
521,SECTOR_HEALTHCARE_SMALL,SIZE_SMALL_10_49,SECTOR_HEALTHCARE_SMALL|SIZE_SMALL_10_49,train
522,SECTOR_TECH_SERVICES,SIZE_MICRO_1_9,SECTOR_TECH_SERVICES|SIZE_MICRO_1_9,train
523,SECTOR_HEALTHCARE_SMALL,SIZE_SMALL_10_49,SECTOR_HEALTHCARE_SMALL|SIZE_SMALL_10_49,train
524,SECTOR_HEALTHCARE_SMALL,SIZE_MEDIUM_50_249,SECTOR_HEALTHCARE_SMALL|SIZE_MEDIUM_50_249,train
525,SECTOR_HEALTHCARE_SMALL,SIZE_MICRO_1_9,SECTOR_HEALTHCARE_SMALL|SIZE_MICRO_1_9,train
526,SECTOR_PROFESSIONAL_SERVICES,SIZE_SMALL_10_49,SECTOR_PROFESSIONAL_SERVICES|SIZE_SMALL_10_49,train
527,SECTOR_TECH_SERVICES,SIZE_SMALL_10_49,SECTOR_TECH_SERVICES|SIZE_SMALL_10_49,train
528,SECTOR_PROFESSIONAL_SERVICES,SIZE_SMALL_10_49,SECTOR_PROFESSIONAL_SERVICES|SIZE_SMALL_10_49,train
529,SECTOR_HOSPITALITY,SIZE_SMALL_10_49,SECTOR_HOSPITALITY|SIZE_SMALL_10_49,train
530,SECTOR_MANUFACTURING_SMALL,SIZE_MICRO_1_9,SECTOR_MANUFACTURING_SMALL|SIZE_MICRO_1_9,val
531,SECTOR_TECH_SERVICES,SIZE_MICRO_1_9,SECTOR_TECH_SERVICES|SIZE_MICRO_1_9,train
532,SECTOR_MANUFACTURING_SMALL,SIZE_SMALL_10_49,SECTOR_MANUFACTURING_SMALL|SIZE_SMALL_10_49,train
533,SECTOR_MANUFACTURING_SMALL,SIZE_SMALL_10_49,SECTOR_MANUFACTURING_SMALL|SIZE_SMALL_10_49,train
534,SECTOR_PROFESSIONAL_SERVICES,SIZE_MICRO_1_9,SECTOR_PROFESSIONAL_SERVICES|SIZE_MICRO_1_9,train
535,SECTOR_TECH_SERVICES,SIZE_MICRO_1_9,SECTOR_TECH_SERVICES|SIZE_MICRO_1_9,val
536,SECTOR_TRANSPORT,SIZE_SMALL_10_49,SECTOR_TRANSPORT|SIZE_SMALL_10_49,train
537,SECTOR_CONSTRUCTION,SIZE_MEDIUM_50_249,SECTOR_CONSTRUCTION|SIZE_MEDIUM_50_249,train
538,SECTOR_PROFESSIONAL_SERVICES,SIZE_MICRO_1_9,SECTOR_PROFESSIONAL_SERVICES|SIZE_MICRO_1_9,train
539,SECTOR_RETAIL,SIZE_SMALL_10_49,SECTOR_RETAIL|SIZE_SMALL_10_49,train
540,SECTOR_MANUFACTURING_SMALL,SIZE_SMALL_10_49,SECTOR_MANUFACTURING_SMALL|SIZE_SMALL_10_49,train
541,SECTOR_CONSTRUCTION,SIZE_MICRO_1_9,SECTOR_CONSTRUCTION|SIZE_MICRO_1_9,train
542,SECTOR_HOSPITALITY,SIZE_SMALL_10_49,SECTOR_HOSPITALITY|SIZE_SMALL_10_49,train
543,SECTOR_HEALTHCARE_SMALL,SIZE_MICRO_1_9,SECTOR_HEALTHCARE_SMALL|SIZE_MICRO_1_9,train
544,SECTOR_TRANSPORT,SIZE_SMALL_10_49,SECTOR_TRANSPORT|SIZE_SMALL_10_49,train
545,SECTOR_RETAIL,SIZE_MEDIUM_50_249,SECTOR_RETAIL|SIZE_MEDIUM_50_249,train
546,SECTOR_CONSTRUCTION,SIZE_MICRO_1_9,SECTOR_CONSTRUCTION|SIZE_MICRO_1_9,train
547,SECTOR_TRANSPORT,SIZE_MICRO_1_9,SECTOR_TRANSPORT|SIZE_MICRO_1_9,train
548,SECTOR_TECH_SERVICES,SIZE_SMALL_10_49,SECTOR_TECH_SERVICES|SIZE_SMALL_10_49,train
549,SECTOR_RETAIL,SIZE_MICRO_1_9,SECTOR_RETAIL|SIZE_MICRO_1_9,train
550,SECTOR_RETAIL,SIZE_SMALL_10_49,SECTOR_RETAIL|SIZE_SMALL_10_49,train
551,SECTOR_HEALTHCARE_SMALL,SIZE_MICRO_1_9,SECTOR_HEALTHCARE_SMALL|SIZE_MICRO_1_9,train
552,SECTOR_TECH_SERVICES,SIZE_MICRO_1_9,SECTOR_TECH_SERVICES|SIZE_MICRO_1_9,train
553,SECTOR_MANUFACTURING_SMALL,SIZE_MICRO_1_9,SECTOR_MANUFACTURING_SMALL|SIZE_MICRO_1_9,val
554,SECTOR_RETAIL,SIZE_MICRO_1_9,SECTOR_RETAIL|SIZE_MICRO_1_9,test
555,SECTOR_HEALTHCARE_SMALL,SIZE_MICRO_1_9,SECTOR_HEALTHCARE_SMALL|SIZE_MICRO_1_9,train
556,SECTOR_HOSPITALITY,SIZE_SMALL_10_49,SECTOR_HOSPITALITY|SIZE_SMALL_10_49,train
557,SECTOR_MANUFACTURING_SMALL,SIZE_SMALL_10_49,SECTOR_MANUFACTURING_SMALL|SIZE_SMALL_10_49,test
558,SECTOR_CONSTRUCTION,SIZE_SMALL_10_49,SECTOR_CONSTRUCTION|SIZE_SMALL_10_49,train
559,SECTOR_OTHER,SIZE_SMALL_10_49,SECTOR_OTHER|SIZE_SMALL_10_49,val
560,SECTOR_CONSTRUCTION,SIZE_SMALL_10_49,SECTOR_CONSTRUCTION|SIZE_SMALL_10_49,train
561,SECTOR_MANUFACTURING_SMALL,SIZE_MICRO_1_9,SECTOR_MANUFACTURING_SMALL|SIZE_MICRO_1_9,train
562,SECTOR_MANUFACTURING_SMALL,SIZE_SMALL_10_49,SECTOR_MANUFACTURING_SMALL|SIZE_SMALL_10_49,train
563,SECTOR_TRANSPORT,SIZE_MICRO_1_9,SECTOR_TRANSPORT|SIZE_MICRO_1_9,train
564,SECTOR_TRANSPORT,SIZE_SMALL_10_49,SECTOR_TRANSPORT|SIZE_SMALL_10_49,train
565,SECTOR_MANUFACTURING_SMALL,SIZE_SMALL_10_49,SECTOR_MANUFACTURING_SMALL|SIZE_SMALL_10_49,test
566,SECTOR_HEALTHCARE_SMALL,SIZE_SMALL_10_49,SECTOR_HEALTHCARE_SMALL|SIZE_SMALL_10_49,test
567,SECTOR_OTHER,SIZE_MICRO_1_9,SECTOR_OTHER|SIZE_MICRO_1_9,val
568,SECTOR_TECH_SERVICES,SIZE_SMALL_10_49,SECTOR_TECH_SERVICES|SIZE_SMALL_10_49,train
569,SECTOR_CONSTRUCTION,SIZE_MICRO_1_9,SECTOR_CONSTRUCTION|SIZE_MICRO_1_9,train
570,SECTOR_PROFESSIONAL_SERVICES,SIZE_MICRO_1_9,SECTOR_PROFESSIONAL_SERVICES|SIZE_MICRO_1_9,train
571,SECTOR_TECH_SERVICES,SIZE_MICRO_1_9,SECTOR_TECH_SERVICES|SIZE_MICRO_1_9,train
572,SECTOR_HOSPITALITY,SIZE_SMALL_10_49,SECTOR_HOSPITALITY|SIZE_SMALL_10_49,val
573,SECTOR_RETAIL,SIZE_SMALL_10_49,SECTOR_RETAIL|SIZE_SMALL_10_49,test
574,SECTOR_CONSTRUCTION,SIZE_MEDIUM_50_249,SECTOR_CONSTRUCTION|SIZE_MEDIUM_50_249,train
575,SECTOR_MANUFACTURING_SMALL,SIZE_MEDIUM_50_249,SECTOR_MANUFACTURING_SMALL|SIZE_MEDIUM_50_249,train
576,SECTOR_OTHER,SIZE_SMALL_10_49,SECTOR_OTHER|SIZE_SMALL_10_49,train
577,SECTOR_TRANSPORT,SIZE_MICRO_1_9,SECTOR_TRANSPORT|SIZE_MICRO_1_9,train
578,SECTOR_MANUFACTURING_SMALL,SIZE_MICRO_1_9,SECTOR_MANUFACTURING_SMALL|SIZE_MICRO_1_9,val
579,SECTOR_HOSPITALITY,SIZE_MICRO_1_9,SECTOR_HOSPITALITY|SIZE_MICRO_1_9,val
580,SECTOR_RETAIL,SIZE_MICRO_1_9,SECTOR_RETAIL|SIZE_MICRO_1_9,train
581,SECTOR_HOSPITALITY,SIZE_SMALL_10_49,SECTOR_HOSPITALITY|SIZE_SMALL_10_49,train
582,SECTOR_TRANSPORT,SIZE_MICRO_1_9,SECTOR_TRANSPORT|SIZE_MICRO_1_9,train
583,SECTOR_OTHER,SIZE_MICRO_1_9,SECTOR_OTHER|SIZE_MICRO_1_9,train
584,SECTOR_MANUFACTURING_SMALL,SIZE_MICRO_1_9,SECTOR_MANUFACTURING_SMALL|SIZE_MICRO_1_9,train
585,SECTOR_HEALTHCARE_SMALL,SIZE_MICRO_1_9,SECTOR_HEALTHCARE_SMALL|SIZE_MICRO_1_9,train
586,SECTOR_OTHER,SIZE_MICRO_1_9,SECTOR_OTHER|SIZE_MICRO_1_9,train
587,SECTOR_HOSPITALITY,SIZE_SMALL_10_49,SECTOR_HOSPITALITY|SIZE_SMALL_10_49,train
588,SECTOR_TECH_SERVICES,SIZE_MICRO_1_9,SECTOR_TECH_SERVICES|SIZE_MICRO_1_9,train
589,SECTOR_HOSPITALITY,SIZE_MICRO_1_9,SECTOR_HOSPITALITY|SIZE_MICRO_1_9,train
590,SECTOR_MANUFACTURING_SMALL,SIZE_MICRO_1_9,SECTOR_MANUFACTURING_SMALL|SIZE_MICRO_1_9,train
591,SECTOR_CONSTRUCTION,SIZE_MICRO_1_9,SECTOR_CONSTRUCTION|SIZE_MICRO_1_9,test
592,SECTOR_RETAIL,SIZE_SMALL_10_49,SECTOR_RETAIL|SIZE_SMALL_10_49,val
593,SECTOR_RETAIL,SIZE_MICRO_1_9,SECTOR_RETAIL|SIZE_MICRO_1_9,train
594,SECTOR_HOSPITALITY,SIZE_SMALL_10_49,SECTOR_HOSPITALITY|SIZE_SMALL_10_49,test
595,SECTOR_MANUFACTURING_SMALL,SIZE_MICRO_1_9,SECTOR_MANUFACTURING_SMALL|SIZE_MICRO_1_9,train
596,SECTOR_RETAIL,SIZE_SMALL_10_49,SECTOR_RETAIL|SIZE_SMALL_10_49,train
597,SECTOR_CONSTRUCTION,SIZE_MICRO_1_9,SECTOR_CONSTRUCTION|SIZE_MICRO_1_9,test
598,SECTOR_MANUFACTURING_SMALL,SIZE_SMALL_10_49,SECTOR_MANUFACTURING_SMALL|SIZE_SMALL_10_49,train
599,SECTOR_RETAIL,SIZE_MICRO_1_9,SECTOR_RETAIL|SIZE_MICRO_1_9,train
600,SECTOR_TRANSPORT,SIZE_MICRO_1_9,SECTOR_TRANSPORT|SIZE_MICRO_1_9,train
601,SECTOR_OTHER,SIZE_MICRO_1_9,SECTOR_OTHER|SIZE_MICRO_1_9,train
602,SECTOR_CONSTRUCTION,SIZE_SMALL_10_49,SECTOR_CONSTRUCTION|SIZE_SMALL_10_49,train
603,SECTOR_TRANSPORT,SIZE_MEDIUM_50_249,SECTOR_TRANSPORT|SIZE_MEDIUM_50_249,train
604,SECTOR_TRANSPORT,SIZE_MICRO_1_9,SECTOR_TRANSPORT|SIZE_MICRO_1_9,train
605,SECTOR_CONSTRUCTION,SIZE_SMALL_10_49,SECTOR_CONSTRUCTION|SIZE_SMALL_10_49,train
606,SECTOR_MANUFACTURING_SMALL,SIZE_MICRO_1_9,SECTOR_MANUFACTURING_SMALL|SIZE_MICRO_1_9,val
607,SECTOR_CONSTRUCTION,SIZE_MICRO_1_9,SECTOR_CONSTRUCTION|SIZE_MICRO_1_9,train
608,SECTOR_RETAIL,SIZE_SMALL_10_49,SECTOR_RETAIL|SIZE_SMALL_10_49,train
609,SECTOR_PROFESSIONAL_SERVICES,SIZE_MEDIUM_50_249,SECTOR_PROFESSIONAL_SERVICES|SIZE_MEDIUM_50_249,val
610,SECTOR_CONSTRUCTION,SIZE_MICRO_1_9,SECTOR_CONSTRUCTION|SIZE_MICRO_1_9,train
611,SECTOR_TECH_SERVICES,SIZE_MICRO_1_9,SECTOR_TECH_SERVICES|SIZE_MICRO_1_9,train
612,SECTOR_HEALTHCARE_SMALL,SIZE_SMALL_10_49,SECTOR_HEALTHCARE_SMALL|SIZE_SMALL_10_49,train
613,SECTOR_PROFESSIONAL_SERVICES,SIZE_SMALL_10_49,SECTOR_PROFESSIONAL_SERVICES|SIZE_SMALL_10_49,train
614,SECTOR_TRANSPORT,SIZE_MICRO_1_9,SECTOR_TRANSPORT|SIZE_MICRO_1_9,train
615,SECTOR_OTHER,SIZE_SMALL_10_49,SECTOR_OTHER|SIZE_SMALL_10_49,train
616,SECTOR_OTHER,SIZE_SMALL_10_49,SECTOR_OTHER|SIZE_SMALL_10_49,train
617,SECTOR_TRANSPORT,SIZE_SMALL_10_49,SECTOR_TRANSPORT|SIZE_SMALL_10_49,train
618,SECTOR_TECH_SERVICES,SIZE_MICRO_1_9,SECTOR_TECH_SERVICES|SIZE_MICRO_1_9,train
619,SECTOR_MANUFACTURING_SMALL,SIZE_MICRO_1_9,SECTOR_MANUFACTURING_SMALL|SIZE_MICRO_1_9,train
620,SECTOR_CONSTRUCTION,SIZE_MICRO_1_9,SECTOR_CONSTRUCTION|SIZE_MICRO_1_9,train
621,SECTOR_HOSPITALITY,SIZE_MICRO_1_9,SECTOR_HOSPITALITY|SIZE_MICRO_1_9,train
622,SECTOR_HEALTHCARE_SMALL,SIZE_MICRO_1_9,SECTOR_HEALTHCARE_SMALL|SIZE_MICRO_1_9,train
623,SECTOR_RETAIL,SIZE_MICRO_1_9,SECTOR_RETAIL|SIZE_MICRO_1_9,train
624,SECTOR_MANUFACTURING_SMALL,SIZE_MICRO_1_9,SECTOR_MANUFACTURING_SMALL|SIZE_MICRO_1_9,train
625,SECTOR_RETAIL,SIZE_MICRO_1_9,SECTOR_RETAIL|SIZE_MICRO_1_9,train
626,SECTOR_TRANSPORT,SIZE_SMALL_10_49,SECTOR_TRANSPORT|SIZE_SMALL_10_49,train
627,SECTOR_HOSPITALITY,SIZE_MICRO_1_9,SECTOR_HOSPITALITY|SIZE_MICRO_1_9,train
628,SECTOR_HEALTHCARE_SMALL,SIZE_SMALL_10_49,SECTOR_HEALTHCARE_SMALL|SIZE_SMALL_10_49,train
629,SECTOR_HEALTHCARE_SMALL,SIZE_MICRO_1_9,SECTOR_HEALTHCARE_SMALL|SIZE_MICRO_1_9,test
630,SECTOR_CONSTRUCTION,SIZE_MICRO_1_9,SECTOR_CONSTRUCTION|SIZE_MICRO_1_9,train
631,SECTOR_MANUFACTURING_SMALL,SIZE_MICRO_1_9,SECTOR_MANUFACTURING_SMALL|SIZE_MICRO_1_9,train
632,SECTOR_HEALTHCARE_SMALL,SIZE_SMALL_10_49,SECTOR_HEALTHCARE_SMALL|SIZE_SMALL_10_49,test
633,SECTOR_PROFESSIONAL_SERVICES,SIZE_SMALL_10_49,SECTOR_PROFESSIONAL_SERVICES|SIZE_SMALL_10_49,val
634,SECTOR_MANUFACTURING_SMALL,SIZE_MICRO_1_9,SECTOR_MANUFACTURING_SMALL|SIZE_MICRO_1_9,train
635,SECTOR_OTHER,SIZE_SMALL_10_49,SECTOR_OTHER|SIZE_SMALL_10_49,train
636,SECTOR_TECH_SERVICES,SIZE_SMALL_10_49,SECTOR_TECH_SERVICES|SIZE_SMALL_10_49,test
637,SECTOR_HEALTHCARE_SMALL,SIZE_SMALL_10_49,SECTOR_HEALTHCARE_SMALL|SIZE_SMALL_10_49,test
638,SECTOR_OTHER,SIZE_MICRO_1_9,SECTOR_OTHER|SIZE_MICRO_1_9,train
639,SECTOR_OTHER,SIZE_MICRO_1_9,SECTOR_OTHER|SIZE_MICRO_1_9,train
640,SECTOR_PROFESSIONAL_SERVICES,SIZE_SMALL_10_49,SECTOR_PROFESSIONAL_SERVICES|SIZE_SMALL_10_49,train
641,SECTOR_CONSTRUCTION,SIZE_MICRO_1_9,SECTOR_CONSTRUCTION|SIZE_MICRO_1_9,train
642,SECTOR_HEALTHCARE_SMALL,SIZE_SMALL_10_49,SECTOR_HEALTHCARE_SMALL|SIZE_SMALL_10_49,val
643,SECTOR_CONSTRUCTION,SIZE_SMALL_10_49,SECTOR_CONSTRUCTION|SIZE_SMALL_10_49,train
644,SECTOR_RETAIL,SIZE_MEDIUM_50_249,SECTOR_RETAIL|SIZE_MEDIUM_50_249,train
645,SECTOR_RETAIL,SIZE_MICRO_1_9,SECTOR_RETAIL|SIZE_MICRO_1_9,train
646,SECTOR_MANUFACTURING_SMALL,SIZE_MEDIUM_50_249,SECTOR_MANUFACTURING_SMALL|SIZE_MEDIUM_50_249,val
647,SECTOR_MANUFACTURING_SMALL,SIZE_MICRO_1_9,SECTOR_MANUFACTURING_SMALL|SIZE_MICRO_1_9,test
648,SECTOR_MANUFACTURING_SMALL,SIZE_MICRO_1_9,SECTOR_MANUFACTURING_SMALL|SIZE_MICRO_1_9,train
649,SECTOR_CONSTRUCTION,SIZE_MICRO_1_9,SECTOR_CONSTRUCTION|SIZE_MICRO_1_9,train
650,SECTOR_HOSPITALITY,SIZE_MICRO_1_9,SECTOR_HOSPITALITY|SIZE_MICRO_1_9,val
651,SECTOR_RETAIL,SIZE_MICRO_1_9,SECTOR_RETAIL|SIZE_MICRO_1_9,train
652,SECTOR_TECH_SERVICES,SIZE_SMALL_10_49,SECTOR_TECH_SERVICES|SIZE_SMALL_10_49,test
653,SECTOR_CONSTRUCTION,SIZE_MEDIUM_50_249,SECTOR_CONSTRUCTION|SIZE_MEDIUM_50_249,train
654,SECTOR_HEALTHCARE_SMALL,SIZE_MICRO_1_9,SECTOR_HEALTHCARE_SMALL|SIZE_MICRO_1_9,test
655,SECTOR_OTHER,SIZE_MICRO_1_9,SECTOR_OTHER|SIZE_MICRO_1_9,train
656,SECTOR_TECH_SERVICES,SIZE_MICRO_1_9,SECTOR_TECH_SERVICES|SIZE_MICRO_1_9,val
657,SECTOR_RETAIL,SIZE_MICRO_1_9,SECTOR_RETAIL|SIZE_MICRO_1_9,train
658,SECTOR_MANUFACTURING_SMALL,SIZE_SMALL_10_49,SECTOR_MANUFACTURING_SMALL|SIZE_SMALL_10_49,test
659,SECTOR_HOSPITALITY,SIZE_MICRO_1_9,SECTOR_HOSPITALITY|SIZE_MICRO_1_9,train
660,SECTOR_CONSTRUCTION,SIZE_MEDIUM_50_249,SECTOR_CONSTRUCTION|SIZE_MEDIUM_50_249,train
661,SECTOR_RETAIL,SIZE_MICRO_1_9,SECTOR_RETAIL|SIZE_MICRO_1_9,train
662,SECTOR_CONSTRUCTION,SIZE_SMALL_10_49,SECTOR_CONSTRUCTION|SIZE_SMALL_10_49,train
663,SECTOR_CONSTRUCTION,SIZE_MICRO_1_9,SECTOR_CONSTRUCTION|SIZE_MICRO_1_9,train
664,SECTOR_TRANSPORT,SIZE_SMALL_10_49,SECTOR_TRANSPORT|SIZE_SMALL_10_49,val
665,SECTOR_TECH_SERVICES,SIZE_SMALL_10_49,SECTOR_TECH_SERVICES|SIZE_SMALL_10_49,val
666,SECTOR_PROFESSIONAL_SERVICES,SIZE_MICRO_1_9,SECTOR_PROFESSIONAL_SERVICES|SIZE_MICRO_1_9,train
667,SECTOR_HOSPITALITY,SIZE_MICRO_1_9,SECTOR_HOSPITALITY|SIZE_MICRO_1_9,test
668,SECTOR_TECH_SERVICES,SIZE_MICRO_1_9,SECTOR_TECH_SERVICES|SIZE_MICRO_1_9,test
669,SECTOR_TRANSPORT,SIZE_SMALL_10_49,SECTOR_TRANSPORT|SIZE_SMALL_10_49,test
670,SECTOR_RETAIL,SIZE_MICRO_1_9,SECTOR_RETAIL|SIZE_MICRO_1_9,train
671,SECTOR_CONSTRUCTION,SIZE_MICRO_1_9,SECTOR_CONSTRUCTION|SIZE_MICRO_1_9,train
672,SECTOR_PROFESSIONAL_SERVICES,SIZE_MICRO_1_9,SECTOR_PROFESSIONAL_SERVICES|SIZE_MICRO_1_9,train
673,SECTOR_MANUFACTURING_SMALL,SIZE_SMALL_10_49,SECTOR_MANUFACTURING_SMALL|SIZE_SMALL_10_49,train
674,SECTOR_TECH_SERVICES,SIZE_MICRO_1_9,SECTOR_TECH_SERVICES|SIZE_MICRO_1_9,train
675,SECTOR_TECH_SERVICES,SIZE_SMALL_10_49,SECTOR_TECH_SERVICES|SIZE_SMALL_10_49,train
676,SECTOR_HEALTHCARE_SMALL,SIZE_SMALL_10_49,SECTOR_HEALTHCARE_SMALL|SIZE_SMALL_10_49,train
677,SECTOR_TECH_SERVICES,SIZE_SMALL_10_49,SECTOR_TECH_SERVICES|SIZE_SMALL_10_49,val
678,SECTOR_MANUFACTURING_SMALL,SIZE_MICRO_1_9,SECTOR_MANUFACTURING_SMALL|SIZE_MICRO_1_9,train
679,SECTOR_HOSPITALITY,SIZE_SMALL_10_49,SECTOR_HOSPITALITY|SIZE_SMALL_10_49,train
680,SECTOR_CONSTRUCTION,SIZE_MICRO_1_9,SECTOR_CONSTRUCTION|SIZE_MICRO_1_9,train
681,SECTOR_OTHER,SIZE_MICRO_1_9,SECTOR_OTHER|SIZE_MICRO_1_9,train
682,SECTOR_OTHER,SIZE_SMALL_10_49,SECTOR_OTHER|SIZE_SMALL_10_49,train
683,SECTOR_OTHER,SIZE_MICRO_1_9,SECTOR_OTHER|SIZE_MICRO_1_9,val
684,SECTOR_HEALTHCARE_SMALL,SIZE_SMALL_10_49,SECTOR_HEALTHCARE_SMALL|SIZE_SMALL_10_49,train
685,SECTOR_MANUFACTURING_SMALL,SIZE_SMALL_10_49,SECTOR_MANUFACTURING_SMALL|SIZE_SMALL_10_49,test
686,SECTOR_TECH_SERVICES,SIZE_MICRO_1_9,SECTOR_TECH_SERVICES|SIZE_MICRO_1_9,train
687,SECTOR_CONSTRUCTION,SIZE_MICRO_1_9,SECTOR_CONSTRUCTION|SIZE_MICRO_1_9,train
688,SECTOR_HOSPITALITY,SIZE_MICRO_1_9,SECTOR_HOSPITALITY|SIZE_MICRO_1_9,test
689,SECTOR_TRANSPORT,SIZE_MICRO_1_9,SECTOR_TRANSPORT|SIZE_MICRO_1_9,train
690,SECTOR_OTHER,SIZE_MICRO_1_9,SECTOR_OTHER|SIZE_MICRO_1_9,train
691,SECTOR_TRANSPORT,SIZE_SMALL_10_49,SECTOR_TRANSPORT|SIZE_SMALL_10_49,train
692,SECTOR_CONSTRUCTION,SIZE_SMALL_10_49,SECTOR_CONSTRUCTION|SIZE_SMALL_10_49,val
693,SECTOR_TECH_SERVICES,SIZE_SMALL_10_49,SECTOR_TECH_SERVICES|SIZE_SMALL_10_49,train
694,SECTOR_TECH_SERVICES,SIZE_MICRO_1_9,SECTOR_TECH_SERVICES|SIZE_MICRO_1_9,train
695,SECTOR_TECH_SERVICES,SIZE_MICRO_1_9,SECTOR_TECH_SERVICES|SIZE_MICRO_1_9,train
696,SECTOR_RETAIL,SIZE_MICRO_1_9,SECTOR_RETAIL|SIZE_MICRO_1_9,train
697,SECTOR_CONSTRUCTION,SIZE_MICRO_1_9,SECTOR_CONSTRUCTION|SIZE_MICRO_1_9,train
698,SECTOR_RETAIL,SIZE_MICRO_1_9,SECTOR_RETAIL|SIZE_MICRO_1_9,val
699,SECTOR_HEALTHCARE_SMALL,SIZE_MEDIUM_50_249,SECTOR_HEALTHCARE_SMALL|SIZE_MEDIUM_50_249,test
700,SECTOR_RETAIL,SIZE_MEDIUM_50_249,SECTOR_RETAIL|SIZE_MEDIUM_50_249,val
701,SECTOR_MANUFACTURING_SMALL,SIZE_MEDIUM_50_249,SECTOR_MANUFACTURING_SMALL|SIZE_MEDIUM_50_249,train
702,SECTOR_CONSTRUCTION,SIZE_MICRO_1_9,SECTOR_CONSTRUCTION|SIZE_MICRO_1_9,train
703,SECTOR_OTHER,SIZE_SMALL_10_49,SECTOR_OTHER|SIZE_SMALL_10_49,train
704,SECTOR_CONSTRUCTION,SIZE_MICRO_1_9,SECTOR_CONSTRUCTION|SIZE_MICRO_1_9,test
705,SECTOR_PROFESSIONAL_SERVICES,SIZE_SMALL_10_49,SECTOR_PROFESSIONAL_SERVICES|SIZE_SMALL_10_49,train
706,SECTOR_PROFESSIONAL_SERVICES,SIZE_SMALL_10_49,SECTOR_PROFESSIONAL_SERVICES|SIZE_SMALL_10_49,train
707,SECTOR_MANUFACTURING_SMALL,SIZE_MICRO_1_9,SECTOR_MANUFACTURING_SMALL|SIZE_MICRO_1_9,train
708,SECTOR_OTHER,SIZE_SMALL_10_49,SECTOR_OTHER|SIZE_SMALL_10_49,train
709,SECTOR_CONSTRUCTION,SIZE_SMALL_10_49,SECTOR_CONSTRUCTION|SIZE_SMALL_10_49,train
710,SECTOR_HOSPITALITY,SIZE_MICRO_1_9,SECTOR_HOSPITALITY|SIZE_MICRO_1_9,train
711,SECTOR_HOSPITALITY,SIZE_MICRO_1_9,SECTOR_HOSPITALITY|SIZE_MICRO_1_9,test
712,SECTOR_HEALTHCARE_SMALL,SIZE_SMALL_10_49,SECTOR_HEALTHCARE_SMALL|SIZE_SMALL_10_49,train
713,SECTOR_HOSPITALITY,SIZE_MEDIUM_50_249,SECTOR_HOSPITALITY|SIZE_MEDIUM_50_249,train
714,SECTOR_PROFESSIONAL_SERVICES,SIZE_MICRO_1_9,SECTOR_PROFESSIONAL_SERVICES|SIZE_MICRO_1_9,train
715,SECTOR_MANUFACTURING_SMALL,SIZE_MICRO_1_9,SECTOR_MANUFACTURING_SMALL|SIZE_MICRO_1_9,train
716,SECTOR_CONSTRUCTION,SIZE_MICRO_1_9,SECTOR_CONSTRUCTION|SIZE_MICRO_1_9,train
717,SECTOR_OTHER,SIZE_SMALL_10_49,SECTOR_OTHER|SIZE_SMALL_10_49,test
718,SECTOR_PROFESSIONAL_SERVICES,SIZE_MICRO_1_9,SECTOR_PROFESSIONAL_SERVICES|SIZE_MICRO_1_9,val
719,SECTOR_TRANSPORT,SIZE_MICRO_1_9,SECTOR_TRANSPORT|SIZE_MICRO_1_9,train
720,SECTOR_PROFESSIONAL_SERVICES,SIZE_SMALL_10_49,SECTOR_PROFESSIONAL_SERVICES|SIZE_SMALL_10_49,train
721,SECTOR_MANUFACTURING_SMALL,SIZE_MICRO_1_9,SECTOR_MANUFACTURING_SMALL|SIZE_MICRO_1_9,train
722,SECTOR_OTHER,SIZE_MICRO_1_9,SECTOR_OTHER|SIZE_MICRO_1_9,train
723,SECTOR_TECH_SERVICES,SIZE_MICRO_1_9,SECTOR_TECH_SERVICES|SIZE_MICRO_1_9,train
724,SECTOR_CONSTRUCTION,SIZE_SMALL_10_49,SECTOR_CONSTRUCTION|SIZE_SMALL_10_49,train
725,SECTOR_RETAIL,SIZE_MICRO_1_9,SECTOR_RETAIL|SIZE_MICRO_1_9,val
726,SECTOR_TRANSPORT,SIZE_MICRO_1_9,SECTOR_TRANSPORT|SIZE_MICRO_1_9,train
727,SECTOR_CONSTRUCTION,SIZE_MICRO_1_9,SECTOR_CONSTRUCTION|SIZE_MICRO_1_9,train
728,SECTOR_TRANSPORT,SIZE_MICRO_1_9,SECTOR_TRANSPORT|SIZE_MICRO_1_9,train
729,SECTOR_PROFESSIONAL_SERVICES,SIZE_MICRO_1_9,SECTOR_PROFESSIONAL_SERVICES|SIZE_MICRO_1_9,val
730,SECTOR_PROFESSIONAL_SERVICES,SIZE_MICRO_1_9,SECTOR_PROFESSIONAL_SERVICES|SIZE_MICRO_1_9,train
731,SECTOR_CONSTRUCTION,SIZE_SMALL_10_49,SECTOR_CONSTRUCTION|SIZE_SMALL_10_49,train
732,SECTOR_RETAIL,SIZE_MEDIUM_50_249,SECTOR_RETAIL|SIZE_MEDIUM_50_249,train
733,SECTOR_TRANSPORT,SIZE_MICRO_1_9,SECTOR_TRANSPORT|SIZE_MICRO_1_9,train
734,SECTOR_CONSTRUCTION,SIZE_SMALL_10_49,SECTOR_CONSTRUCTION|SIZE_SMALL_10_49,val
735,SECTOR_TECH_SERVICES,SIZE_MICRO_1_9,SECTOR_TECH_SERVICES|SIZE_MICRO_1_9,train
736,SECTOR_OTHER,SIZE_MICRO_1_9,SECTOR_OTHER|SIZE_MICRO_1_9,train
737,SECTOR_HEALTHCARE_SMALL,SIZE_SMALL_10_49,SECTOR_HEALTHCARE_SMALL|SIZE_SMALL_10_49,train
738,SECTOR_HEALTHCARE_SMALL,SIZE_SMALL_10_49,SECTOR_HEALTHCARE_SMALL|SIZE_SMALL_10_49,train
739,SECTOR_TRANSPORT,SIZE_MICRO_1_9,SECTOR_TRANSPORT|SIZE_MICRO_1_9,train
740,SECTOR_HEALTHCARE_SMALL,SIZE_SMALL_10_49,SECTOR_HEALTHCARE_SMALL|SIZE_SMALL_10_49,train
741,SECTOR_PROFESSIONAL_SERVICES,SIZE_MICRO_1_9,SECTOR_PROFESSIONAL_SERVICES|SIZE_MICRO_1_9,train
742,SECTOR_PROFESSIONAL_SERVICES,SIZE_MICRO_1_9,SECTOR_PROFESSIONAL_SERVICES|SIZE_MICRO_1_9,train
743,SECTOR_MANUFACTURING_SMALL,SIZE_SMALL_10_49,SECTOR_MANUFACTURING_SMALL|SIZE_SMALL_10_49,train
744,SECTOR_HOSPITALITY,SIZE_MICRO_1_9,SECTOR_HOSPITALITY|SIZE_MICRO_1_9,train
745,SECTOR_PROFESSIONAL_SERVICES,SIZE_MICRO_1_9,SECTOR_PROFESSIONAL_SERVICES|SIZE_MICRO_1_9,train
746,SECTOR_HOSPITALITY,SIZE_SMALL_10_49,SECTOR_HOSPITALITY|SIZE_SMALL_10_49,train
747,SECTOR_OTHER,SIZE_SMALL_10_49,SECTOR_OTHER|SIZE_SMALL_10_49,train
748,SECTOR_PROFESSIONAL_SERVICES,SIZE_MICRO_1_9,SECTOR_PROFESSIONAL_SERVICES|SIZE_MICRO_1_9,train
749,SECTOR_OTHER,SIZE_MICRO_1_9,SECTOR_OTHER|SIZE_MICRO_1_9,train
750,SECTOR_HOSPITALITY,SIZE_MICRO_1_9,SECTOR_HOSPITALITY|SIZE_MICRO_1_9,train
751,SECTOR_HOSPITALITY,SIZE_SMALL_10_49,SECTOR_HOSPITALITY|SIZE_SMALL_10_49,train
752,SECTOR_OTHER,SIZE_SMALL_10_49,SECTOR_OTHER|SIZE_SMALL_10_49,train
753,SECTOR_PROFESSIONAL_SERVICES,SIZE_MICRO_1_9,SECTOR_PROFESSIONAL_SERVICES|SIZE_MICRO_1_9,train
754,SECTOR_CONSTRUCTION,SIZE_SMALL_10_49,SECTOR_CONSTRUCTION|SIZE_SMALL_10_49,train
755,SECTOR_HEALTHCARE_SMALL,SIZE_SMALL_10_49,SECTOR_HEALTHCARE_SMALL|SIZE_SMALL_10_49,train
756,SECTOR_TECH_SERVICES,SIZE_SMALL_10_49,SECTOR_TECH_SERVICES|SIZE_SMALL_10_49,test
757,SECTOR_RETAIL,SIZE_SMALL_10_49,SECTOR_RETAIL|SIZE_SMALL_10_49,test
758,SECTOR_MANUFACTURING_SMALL,SIZE_SMALL_10_49,SECTOR_MANUFACTURING_SMALL|SIZE_SMALL_10_49,train
759,SECTOR_MANUFACTURING_SMALL,SIZE_SMALL_10_49,SECTOR_MANUFACTURING_SMALL|SIZE_SMALL_10_49,train
760,SECTOR_RETAIL,SIZE_SMALL_10_49,SECTOR_RETAIL|SIZE_SMALL_10_49,train
761,SECTOR_HEALTHCARE_SMALL,SIZE_SMALL_10_49,SECTOR_HEALTHCARE_SMALL|SIZE_SMALL_10_49,train
762,SECTOR_PROFESSIONAL_SERVICES,SIZE_MEDIUM_50_249,SECTOR_PROFESSIONAL_SERVICES|SIZE_MEDIUM_50_249,train
763,SECTOR_HEALTHCARE_SMALL,SIZE_SMALL_10_49,SECTOR_HEALTHCARE_SMALL|SIZE_SMALL_10_49,train
764,SECTOR_TRANSPORT,SIZE_SMALL_10_49,SECTOR_TRANSPORT|SIZE_SMALL_10_49,test
765,SECTOR_TRANSPORT,SIZE_SMALL_10_49,SECTOR_TRANSPORT|SIZE_SMALL_10_49,train
766,SECTOR_TRANSPORT,SIZE_SMALL_10_49,SECTOR_TRANSPORT|SIZE_SMALL_10_49,test
767,SECTOR_TECH_SERVICES,SIZE_MICRO_1_9,SECTOR_TECH_SERVICES|SIZE_MICRO_1_9,train
768,SECTOR_HEALTHCARE_SMALL,SIZE_SMALL_10_49,SECTOR_HEALTHCARE_SMALL|SIZE_SMALL_10_49,train
769,SECTOR_PROFESSIONAL_SERVICES,SIZE_MICRO_1_9,SECTOR_PROFESSIONAL_SERVICES|SIZE_MICRO_1_9,train
770,SECTOR_TRANSPORT,SIZE_MICRO_1_9,SECTOR_TRANSPORT|SIZE_MICRO_1_9,train
771,SECTOR_PROFESSIONAL_SERVICES,SIZE_SMALL_10_49,SECTOR_PROFESSIONAL_SERVICES|SIZE_SMALL_10_49,test
772,SECTOR_HEALTHCARE_SMALL,SIZE_MICRO_1_9,SECTOR_HEALTHCARE_SMALL|SIZE_MICRO_1_9,val
773,SECTOR_MANUFACTURING_SMALL,SIZE_MICRO_1_9,SECTOR_MANUFACTURING_SMALL|SIZE_MICRO_1_9,train
774,SECTOR_HOSPITALITY,SIZE_MICRO_1_9,SECTOR_HOSPITALITY|SIZE_MICRO_1_9,train
775,SECTOR_TECH_SERVICES,SIZE_MICRO_1_9,SECTOR_TECH_SERVICES|SIZE_MICRO_1_9,train
776,SECTOR_TECH_SERVICES,SIZE_SMALL_10_49,SECTOR_TECH_SERVICES|SIZE_SMALL_10_49,train
777,SECTOR_HEALTHCARE_SMALL,SIZE_MICRO_1_9,SECTOR_HEALTHCARE_SMALL|SIZE_MICRO_1_9,train
778,SECTOR_HEALTHCARE_SMALL,SIZE_MICRO_1_9,SECTOR_HEALTHCARE_SMALL|SIZE_MICRO_1_9,val
779,SECTOR_RETAIL,SIZE_MICRO_1_9,SECTOR_RETAIL|SIZE_MICRO_1_9,train
780,SECTOR_OTHER,SIZE_SMALL_10_49,SECTOR_OTHER|SIZE_SMALL_10_49,train
781,SECTOR_MANUFACTURING_SMALL,SIZE_MICRO_1_9,SECTOR_MANUFACTURING_SMALL|SIZE_MICRO_1_9,train
782,SECTOR_RETAIL,SIZE_MEDIUM_50_249,SECTOR_RETAIL|SIZE_MEDIUM_50_249,train
783,SECTOR_CONSTRUCTION,SIZE_SMALL_10_49,SECTOR_CONSTRUCTION|SIZE_SMALL_10_49,train
784,SECTOR_HEALTHCARE_SMALL,SIZE_SMALL_10_49,SECTOR_HEALTHCARE_SMALL|SIZE_SMALL_10_49,train
785,SECTOR_OTHER,SIZE_MICRO_1_9,SECTOR_OTHER|SIZE_MICRO_1_9,train
786,SECTOR_HEALTHCARE_SMALL,SIZE_SMALL_10_49,SECTOR_HEALTHCARE_SMALL|SIZE_SMALL_10_49,train
787,SECTOR_HEALTHCARE_SMALL,SIZE_SMALL_10_49,SECTOR_HEALTHCARE_SMALL|SIZE_SMALL_10_49,val
788,SECTOR_OTHER,SIZE_MEDIUM_50_249,SECTOR_OTHER|SIZE_MEDIUM_50_249,train
789,SECTOR_HOSPITALITY,SIZE_MEDIUM_50_249,SECTOR_HOSPITALITY|SIZE_MEDIUM_50_249,train
790,SECTOR_TECH_SERVICES,SIZE_SMALL_10_49,SECTOR_TECH_SERVICES|SIZE_SMALL_10_49,val
791,SECTOR_HOSPITALITY,SIZE_MEDIUM_50_249,SECTOR_HOSPITALITY|SIZE_MEDIUM_50_249,train
792,SECTOR_TRANSPORT,SIZE_SMALL_10_49,SECTOR_TRANSPORT|SIZE_SMALL_10_49,train
793,SECTOR_HEALTHCARE_SMALL,SIZE_MICRO_1_9,SECTOR_HEALTHCARE_SMALL|SIZE_MICRO_1_9,val
794,SECTOR_CONSTRUCTION,SIZE_SMALL_10_49,SECTOR_CONSTRUCTION|SIZE_SMALL_10_49,val
795,SECTOR_MANUFACTURING_SMALL,SIZE_SMALL_10_49,SECTOR_MANUFACTURING_SMALL|SIZE_SMALL_10_49,val
796,SECTOR_RETAIL,SIZE_MICRO_1_9,SECTOR_RETAIL|SIZE_MICRO_1_9,train
797,SECTOR_RETAIL,SIZE_MEDIUM_50_249,SECTOR_RETAIL|SIZE_MEDIUM_50_249,val
798,SECTOR_OTHER,SIZE_MICRO_1_9,SECTOR_OTHER|SIZE_MICRO_1_9,train
799,SECTOR_TRANSPORT,SIZE_SMALL_10_49,SECTOR_TRANSPORT|SIZE_SMALL_10_49,train
800,SECTOR_TECH_SERVICES,SIZE_SMALL_10_49,SECTOR_TECH_SERVICES|SIZE_SMALL_10_49,train
801,SECTOR_HOSPITALITY,SIZE_MEDIUM_50_249,SECTOR_HOSPITALITY|SIZE_MEDIUM_50_249,train
802,SECTOR_OTHER,SIZE_SMALL_10_49,SECTOR_OTHER|SIZE_SMALL_10_49,test
803,SECTOR_HOSPITALITY,SIZE_SMALL_10_49,SECTOR_HOSPITALITY|SIZE_SMALL_10_49,test
804,SECTOR_RETAIL,SIZE_MICRO_1_9,SECTOR_RETAIL|SIZE_MICRO_1_9,train
805,SECTOR_MANUFACTURING_SMALL,SIZE_MICRO_1_9,SECTOR_MANUFACTURING_SMALL|SIZE_MICRO_1_9,train
806,SECTOR_RETAIL,SIZE_SMALL_10_49,SECTOR_RETAIL|SIZE_SMALL_10_49,train
807,SECTOR_RETAIL,SIZE_MICRO_1_9,SECTOR_RETAIL|SIZE_MICRO_1_9,train
808,SECTOR_HOSPITALITY,SIZE_MICRO_1_9,SECTOR_HOSPITALITY|SIZE_MICRO_1_9,val
809,SECTOR_OTHER,SIZE_SMALL_10_49,SECTOR_OTHER|SIZE_SMALL_10_49,train
810,SECTOR_HEALTHCARE_SMALL,SIZE_SMALL_10_49,SECTOR_HEALTHCARE_SMALL|SIZE_SMALL_10_49,train
811,SECTOR_TRANSPORT,SIZE_MICRO_1_9,SECTOR_TRANSPORT|SIZE_MICRO_1_9,train
812,SECTOR_RETAIL,SIZE_MICRO_1_9,SECTOR_RETAIL|SIZE_MICRO_1_9,train
813,SECTOR_HEALTHCARE_SMALL,SIZE_MICRO_1_9,SECTOR_HEALTHCARE_SMALL|SIZE_MICRO_1_9,train
814,SECTOR_RETAIL,SIZE_MEDIUM_50_249,SECTOR_RETAIL|SIZE_MEDIUM_50_249,train
815,SECTOR_MANUFACTURING_SMALL,SIZE_MICRO_1_9,SECTOR_MANUFACTURING_SMALL|SIZE_MICRO_1_9,train
816,SECTOR_CONSTRUCTION,SIZE_MICRO_1_9,SECTOR_CONSTRUCTION|SIZE_MICRO_1_9,train
817,SECTOR_HEALTHCARE_SMALL,SIZE_MICRO_1_9,SECTOR_HEALTHCARE_SMALL|SIZE_MICRO_1_9,train
818,SECTOR_HOSPITALITY,SIZE_SMALL_10_49,SECTOR_HOSPITALITY|SIZE_SMALL_10_49,val
819,SECTOR_MANUFACTURING_SMALL,SIZE_MICRO_1_9,SECTOR_MANUFACTURING_SMALL|SIZE_MICRO_1_9,train
820,SECTOR_TRANSPORT,SIZE_MICRO_1_9,SECTOR_TRANSPORT|SIZE_MICRO_1_9,test
821,SECTOR_RETAIL,SIZE_MICRO_1_9,SECTOR_RETAIL|SIZE_MICRO_1_9,train
822,SECTOR_HOSPITALITY,SIZE_MICRO_1_9,SECTOR_HOSPITALITY|SIZE_MICRO_1_9,train
823,SECTOR_HEALTHCARE_SMALL,SIZE_SMALL_10_49,SECTOR_HEALTHCARE_SMALL|SIZE_SMALL_10_49,train
824,SECTOR_MANUFACTURING_SMALL,SIZE_MEDIUM_50_249,SECTOR_MANUFACTURING_SMALL|SIZE_MEDIUM_50_249,train
825,SECTOR_HEALTHCARE_SMALL,SIZE_SMALL_10_49,SECTOR_HEALTHCARE_SMALL|SIZE_SMALL_10_49,train
826,SECTOR_TECH_SERVICES,SIZE_MICRO_1_9,SECTOR_TECH_SERVICES|SIZE_MICRO_1_9,test
827,SECTOR_MANUFACTURING_SMALL,SIZE_SMALL_10_49,SECTOR_MANUFACTURING_SMALL|SIZE_SMALL_10_49,train
828,SECTOR_CONSTRUCTION,SIZE_MICRO_1_9,SECTOR_CONSTRUCTION|SIZE_MICRO_1_9,train
829,SECTOR_TRANSPORT,SIZE_MEDIUM_50_249,SECTOR_TRANSPORT|SIZE_MEDIUM_50_249,train
830,SECTOR_PROFESSIONAL_SERVICES,SIZE_MICRO_1_9,SECTOR_PROFESSIONAL_SERVICES|SIZE_MICRO_1_9,train
831,SECTOR_TECH_SERVICES,SIZE_SMALL_10_49,SECTOR_TECH_SERVICES|SIZE_SMALL_10_49,val
832,SECTOR_TECH_SERVICES,SIZE_MICRO_1_9,SECTOR_TECH_SERVICES|SIZE_MICRO_1_9,test
833,SECTOR_CONSTRUCTION,SIZE_MICRO_1_9,SECTOR_CONSTRUCTION|SIZE_MICRO_1_9,train
834,SECTOR_PROFESSIONAL_SERVICES,SIZE_MICRO_1_9,SECTOR_PROFESSIONAL_SERVICES|SIZE_MICRO_1_9,train
835,SECTOR_OTHER,SIZE_SMALL_10_49,SECTOR_OTHER|SIZE_SMALL_10_49,train
836,SECTOR_TECH_SERVICES,SIZE_MICRO_1_9,SECTOR_TECH_SERVICES|SIZE_MICRO_1_9,train
837,SECTOR_TRANSPORT,SIZE_MICRO_1_9,SECTOR_TRANSPORT|SIZE_MICRO_1_9,train
838,SECTOR_HEALTHCARE_SMALL,SIZE_MICRO_1_9,SECTOR_HEALTHCARE_SMALL|SIZE_MICRO_1_9,train
839,SECTOR_TECH_SERVICES,SIZE_MICRO_1_9,SECTOR_TECH_SERVICES|SIZE_MICRO_1_9,train
840,SECTOR_HOSPITALITY,SIZE_MICRO_1_9,SECTOR_HOSPITALITY|SIZE_MICRO_1_9,train
841,SECTOR_MANUFACTURING_SMALL,SIZE_MICRO_1_9,SECTOR_MANUFACTURING_SMALL|SIZE_MICRO_1_9,train
842,SECTOR_OTHER,SIZE_SMALL_10_49,SECTOR_OTHER|SIZE_SMALL_10_49,train
843,SECTOR_OTHER,SIZE_MICRO_1_9,SECTOR_OTHER|SIZE_MICRO_1_9,train
844,SECTOR_RETAIL,SIZE_SMALL_10_49,SECTOR_RETAIL|SIZE_SMALL_10_49,train
845,SECTOR_TRANSPORT,SIZE_SMALL_10_49,SECTOR_TRANSPORT|SIZE_SMALL_10_49,train
846,SECTOR_TECH_SERVICES,SIZE_MICRO_1_9,SECTOR_TECH_SERVICES|SIZE_MICRO_1_9,val
847,SECTOR_CONSTRUCTION,SIZE_SMALL_10_49,SECTOR_CONSTRUCTION|SIZE_SMALL_10_49,train
848,SECTOR_TECH_SERVICES,SIZE_MICRO_1_9,SECTOR_TECH_SERVICES|SIZE_MICRO_1_9,train
849,SECTOR_PROFESSIONAL_SERVICES,SIZE_MEDIUM_50_249,SECTOR_PROFESSIONAL_SERVICES|SIZE_MEDIUM_50_249,val
850,SECTOR_MANUFACTURING_SMALL,SIZE_MICRO_1_9,SECTOR_MANUFACTURING_SMALL|SIZE_MICRO_1_9,train
851,SECTOR_PROFESSIONAL_SERVICES,SIZE_MICRO_1_9,SECTOR_PROFESSIONAL_SERVICES|SIZE_MICRO_1_9,train
852,SECTOR_MANUFACTURING_SMALL,SIZE_MICRO_1_9,SECTOR_MANUFACTURING_SMALL|SIZE_MICRO_1_9,val
853,SECTOR_HEALTHCARE_SMALL,SIZE_MICRO_1_9,SECTOR_HEALTHCARE_SMALL|SIZE_MICRO_1_9,train
854,SECTOR_OTHER,SIZE_SMALL_10_49,SECTOR_OTHER|SIZE_SMALL_10_49,train
855,SECTOR_HEALTHCARE_SMALL,SIZE_SMALL_10_49,SECTOR_HEALTHCARE_SMALL|SIZE_SMALL_10_49,train
856,SECTOR_HOSPITALITY,SIZE_SMALL_10_49,SECTOR_HOSPITALITY|SIZE_SMALL_10_49,train
857,SECTOR_MANUFACTURING_SMALL,SIZE_SMALL_10_49,SECTOR_MANUFACTURING_SMALL|SIZE_SMALL_10_49,test
858,SECTOR_TRANSPORT,SIZE_MICRO_1_9,SECTOR_TRANSPORT|SIZE_MICRO_1_9,test
859,SECTOR_TRANSPORT,SIZE_MICRO_1_9,SECTOR_TRANSPORT|SIZE_MICRO_1_9,train
860,SECTOR_HEALTHCARE_SMALL,SIZE_MICRO_1_9,SECTOR_HEALTHCARE_SMALL|SIZE_MICRO_1_9,train
861,SECTOR_TRANSPORT,SIZE_MICRO_1_9,SECTOR_TRANSPORT|SIZE_MICRO_1_9,train
862,SECTOR_CONSTRUCTION,SIZE_MICRO_1_9,SECTOR_CONSTRUCTION|SIZE_MICRO_1_9,train
863,SECTOR_PROFESSIONAL_SERVICES,SIZE_MICRO_1_9,SECTOR_PROFESSIONAL_SERVICES|SIZE_MICRO_1_9,train
864,SECTOR_MANUFACTURING_SMALL,SIZE_MEDIUM_50_249,SECTOR_MANUFACTURING_SMALL|SIZE_MEDIUM_50_249,train
865,SECTOR_PROFESSIONAL_SERVICES,SIZE_MICRO_1_9,SECTOR_PROFESSIONAL_SERVICES|SIZE_MICRO_1_9,train
866,SECTOR_CONSTRUCTION,SIZE_MICRO_1_9,SECTOR_CONSTRUCTION|SIZE_MICRO_1_9,train
867,SECTOR_TRANSPORT,SIZE_MEDIUM_50_249,SECTOR_TRANSPORT|SIZE_MEDIUM_50_249,train
868,SECTOR_HEALTHCARE_SMALL,SIZE_MICRO_1_9,SECTOR_HEALTHCARE_SMALL|SIZE_MICRO_1_9,train
869,SECTOR_RETAIL,SIZE_SMALL_10_49,SECTOR_RETAIL|SIZE_SMALL_10_49,train
870,SECTOR_HEALTHCARE_SMALL,SIZE_SMALL_10_49,SECTOR_HEALTHCARE_SMALL|SIZE_SMALL_10_49,train
871,SECTOR_TRANSPORT,SIZE_SMALL_10_49,SECTOR_TRANSPORT|SIZE_SMALL_10_49,val
872,SECTOR_MANUFACTURING_SMALL,SIZE_MICRO_1_9,SECTOR_MANUFACTURING_SMALL|SIZE_MICRO_1_9,train
873,SECTOR_TECH_SERVICES,SIZE_SMALL_10_49,SECTOR_TECH_SERVICES|SIZE_SMALL_10_49,train
874,SECTOR_TECH_SERVICES,SIZE_MICRO_1_9,SECTOR_TECH_SERVICES|SIZE_MICRO_1_9,train
875,SECTOR_CONSTRUCTION,SIZE_MICRO_1_9,SECTOR_CONSTRUCTION|SIZE_MICRO_1_9,train
876,SECTOR_MANUFACTURING_SMALL,SIZE_MICRO_1_9,SECTOR_MANUFACTURING_SMALL|SIZE_MICRO_1_9,train
877,SECTOR_TECH_SERVICES,SIZE_MICRO_1_9,SECTOR_TECH_SERVICES|SIZE_MICRO_1_9,train
878,SECTOR_TRANSPORT,SIZE_MICRO_1_9,SECTOR_TRANSPORT|SIZE_MICRO_1_9,train
879,SECTOR_HEALTHCARE_SMALL,SIZE_MEDIUM_50_249,SECTOR_HEALTHCARE_SMALL|SIZE_MEDIUM_50_249,train
880,SECTOR_CONSTRUCTION,SIZE_MICRO_1_9,SECTOR_CONSTRUCTION|SIZE_MICRO_1_9,train
881,SECTOR_RETAIL,SIZE_MICRO_1_9,SECTOR_RETAIL|SIZE_MICRO_1_9,test
882,SECTOR_OTHER,SIZE_MICRO_1_9,SECTOR_OTHER|SIZE_MICRO_1_9,train
883,SECTOR_MANUFACTURING_SMALL,SIZE_SMALL_10_49,SECTOR_MANUFACTURING_SMALL|SIZE_SMALL_10_49,train
884,SECTOR_TECH_SERVICES,SIZE_MICRO_1_9,SECTOR_TECH_SERVICES|SIZE_MICRO_1_9,test
885,SECTOR_OTHER,SIZE_MICRO_1_9,SECTOR_OTHER|SIZE_MICRO_1_9,val
886,SECTOR_TRANSPORT,SIZE_SMALL_10_49,SECTOR_TRANSPORT|SIZE_SMALL_10_49,train
887,SECTOR_PROFESSIONAL_SERVICES,SIZE_MICRO_1_9,SECTOR_PROFESSIONAL_SERVICES|SIZE_MICRO_1_9,train
888,SECTOR_RETAIL,SIZE_SMALL_10_49,SECTOR_RETAIL|SIZE_SMALL_10_49,train
889,SECTOR_HOSPITALITY,SIZE_MICRO_1_9,SECTOR_HOSPITALITY|SIZE_MICRO_1_9,val
890,SECTOR_TRANSPORT,SIZE_MICRO_1_9,SECTOR_TRANSPORT|SIZE_MICRO_1_9,train
891,SECTOR_CONSTRUCTION,SIZE_MICRO_1_9,SECTOR_CONSTRUCTION|SIZE_MICRO_1_9,train
892,SECTOR_PROFESSIONAL_SERVICES,SIZE_MICRO_1_9,SECTOR_PROFESSIONAL_SERVICES|SIZE_MICRO_1_9,train
893,SECTOR_TECH_SERVICES,SIZE_SMALL_10_49,SECTOR_TECH_SERVICES|SIZE_SMALL_10_49,train
894,SECTOR_HOSPITALITY,SIZE_MICRO_1_9,SECTOR_HOSPITALITY|SIZE_MICRO_1_9,train
895,SECTOR_TECH_SERVICES,SIZE_MICRO_1_9,SECTOR_TECH_SERVICES|SIZE_MICRO_1_9,train
896,SECTOR_MANUFACTURING_SMALL,SIZE_SMALL_10_49,SECTOR_MANUFACTURING_SMALL|SIZE_SMALL_10_49,train
897,SECTOR_HOSPITALITY,SIZE_MICRO_1_9,SECTOR_HOSPITALITY|SIZE_MICRO_1_9,train
898,SECTOR_TECH_SERVICES,SIZE_MICRO_1_9,SECTOR_TECH_SERVICES|SIZE_MICRO_1_9,train
899,SECTOR_TRANSPORT,SIZE_SMALL_10_49,SECTOR_TRANSPORT|SIZE_SMALL_10_49,train
900,SECTOR_TECH_SERVICES,SIZE_MEDIUM_50_249,SECTOR_TECH_SERVICES|SIZE_MEDIUM_50_249,test
901,SECTOR_CONSTRUCTION,SIZE_SMALL_10_49,SECTOR_CONSTRUCTION|SIZE_SMALL_10_49,train
902,SECTOR_TECH_SERVICES,SIZE_MEDIUM_50_249,SECTOR_TECH_SERVICES|SIZE_MEDIUM_50_249,train
903,SECTOR_HEALTHCARE_SMALL,SIZE_MICRO_1_9,SECTOR_HEALTHCARE_SMALL|SIZE_MICRO_1_9,train
904,SECTOR_HEALTHCARE_SMALL,SIZE_MICRO_1_9,SECTOR_HEALTHCARE_SMALL|SIZE_MICRO_1_9,train
905,SECTOR_PROFESSIONAL_SERVICES,SIZE_SMALL_10_49,SECTOR_PROFESSIONAL_SERVICES|SIZE_SMALL_10_49,train
906,SECTOR_TRANSPORT,SIZE_MEDIUM_50_249,SECTOR_TRANSPORT|SIZE_MEDIUM_50_249,train
907,SECTOR_TRANSPORT,SIZE_MICRO_1_9,SECTOR_TRANSPORT|SIZE_MICRO_1_9,train
908,SECTOR_TECH_SERVICES,SIZE_SMALL_10_49,SECTOR_TECH_SERVICES|SIZE_SMALL_10_49,train
909,SECTOR_MANUFACTURING_SMALL,SIZE_MEDIUM_50_249,SECTOR_MANUFACTURING_SMALL|SIZE_MEDIUM_50_249,train
910,SECTOR_RETAIL,SIZE_MEDIUM_50_249,SECTOR_RETAIL|SIZE_MEDIUM_50_249,train
911,SECTOR_TRANSPORT,SIZE_SMALL_10_49,SECTOR_TRANSPORT|SIZE_SMALL_10_49,train
912,SECTOR_HEALTHCARE_SMALL,SIZE_MICRO_1_9,SECTOR_HEALTHCARE_SMALL|SIZE_MICRO_1_9,train
913,SECTOR_PROFESSIONAL_SERVICES,SIZE_SMALL_10_49,SECTOR_PROFESSIONAL_SERVICES|SIZE_SMALL_10_49,train
914,SECTOR_HEALTHCARE_SMALL,SIZE_SMALL_10_49,SECTOR_HEALTHCARE_SMALL|SIZE_SMALL_10_49,train
915,SECTOR_HEALTHCARE_SMALL,SIZE_SMALL_10_49,SECTOR_HEALTHCARE_SMALL|SIZE_SMALL_10_49,train
916,SECTOR_MANUFACTURING_SMALL,SIZE_MICRO_1_9,SECTOR_MANUFACTURING_SMALL|SIZE_MICRO_1_9,test
917,SECTOR_HOSPITALITY,SIZE_MICRO_1_9,SECTOR_HOSPITALITY|SIZE_MICRO_1_9,train
918,SECTOR_TECH_SERVICES,SIZE_MICRO_1_9,SECTOR_TECH_SERVICES|SIZE_MICRO_1_9,train
919,SECTOR_HEALTHCARE_SMALL,SIZE_SMALL_10_49,SECTOR_HEALTHCARE_SMALL|SIZE_SMALL_10_49,train
920,SECTOR_MANUFACTURING_SMALL,SIZE_MICRO_1_9,SECTOR_MANUFACTURING_SMALL|SIZE_MICRO_1_9,train
921,SECTOR_TECH_SERVICES,SIZE_SMALL_10_49,SECTOR_TECH_SERVICES|SIZE_SMALL_10_49,train
922,SECTOR_TECH_SERVICES,SIZE_MICRO_1_9,SECTOR_TECH_SERVICES|SIZE_MICRO_1_9,train
923,SECTOR_HEALTHCARE_SMALL,SIZE_MICRO_1_9,SECTOR_HEALTHCARE_SMALL|SIZE_MICRO_1_9,train
924,SECTOR_CONSTRUCTION,SIZE_MICRO_1_9,SECTOR_CONSTRUCTION|SIZE_MICRO_1_9,train
925,SECTOR_TRANSPORT,SIZE_SMALL_10_49,SECTOR_TRANSPORT|SIZE_SMALL_10_49,train
926,SECTOR_PROFESSIONAL_SERVICES,SIZE_MICRO_1_9,SECTOR_PROFESSIONAL_SERVICES|SIZE_MICRO_1_9,train
927,SECTOR_TRANSPORT,SIZE_MICRO_1_9,SECTOR_TRANSPORT|SIZE_MICRO_1_9,val
928,SECTOR_MANUFACTURING_SMALL,SIZE_SMALL_10_49,SECTOR_MANUFACTURING_SMALL|SIZE_SMALL_10_49,train
929,SECTOR_HEALTHCARE_SMALL,SIZE_MICRO_1_9,SECTOR_HEALTHCARE_SMALL|SIZE_MICRO_1_9,test
930,SECTOR_MANUFACTURING_SMALL,SIZE_MEDIUM_50_249,SECTOR_MANUFACTURING_SMALL|SIZE_MEDIUM_50_249,train
931,SECTOR_RETAIL,SIZE_MICRO_1_9,SECTOR_RETAIL|SIZE_MICRO_1_9,val
932,SECTOR_HEALTHCARE_SMALL,SIZE_SMALL_10_49,SECTOR_HEALTHCARE_SMALL|SIZE_SMALL_10_49,train
933,SECTOR_OTHER,SIZE_SMALL_10_49,SECTOR_OTHER|SIZE_SMALL_10_49,val
934,SECTOR_OTHER,SIZE_SMALL_10_49,SECTOR_OTHER|SIZE_SMALL_10_49,train
935,SECTOR_TECH_SERVICES,SIZE_MEDIUM_50_249,SECTOR_TECH_SERVICES|SIZE_MEDIUM_50_249,train
936,SECTOR_RETAIL,SIZE_SMALL_10_49,SECTOR_RETAIL|SIZE_SMALL_10_49,train
937,SECTOR_HOSPITALITY,SIZE_SMALL_10_49,SECTOR_HOSPITALITY|SIZE_SMALL_10_49,train
938,SECTOR_TECH_SERVICES,SIZE_SMALL_10_49,SECTOR_TECH_SERVICES|SIZE_SMALL_10_49,train
939,SECTOR_CONSTRUCTION,SIZE_MICRO_1_9,SECTOR_CONSTRUCTION|SIZE_MICRO_1_9,train
940,SECTOR_TECH_SERVICES,SIZE_SMALL_10_49,SECTOR_TECH_SERVICES|SIZE_SMALL_10_49,train
941,SECTOR_RETAIL,SIZE_MICRO_1_9,SECTOR_RETAIL|SIZE_MICRO_1_9,train
942,SECTOR_HEALTHCARE_SMALL,SIZE_SMALL_10_49,SECTOR_HEALTHCARE_SMALL|SIZE_SMALL_10_49,train
943,SECTOR_TECH_SERVICES,SIZE_SMALL_10_49,SECTOR_TECH_SERVICES|SIZE_SMALL_10_49,train
944,SECTOR_TRANSPORT,SIZE_SMALL_10_49,SECTOR_TRANSPORT|SIZE_SMALL_10_49,train
945,SECTOR_TECH_SERVICES,SIZE_MICRO_1_9,SECTOR_TECH_SERVICES|SIZE_MICRO_1_9,train
946,SECTOR_TRANSPORT,SIZE_MEDIUM_50_249,SECTOR_TRANSPORT|SIZE_MEDIUM_50_249,train
947,SECTOR_HOSPITALITY,SIZE_SMALL_10_49,SECTOR_HOSPITALITY|SIZE_SMALL_10_49,train
948,SECTOR_RETAIL,SIZE_SMALL_10_49,SECTOR_RETAIL|SIZE_SMALL_10_49,train
949,SECTOR_OTHER,SIZE_MEDIUM_50_249,SECTOR_OTHER|SIZE_MEDIUM_50_249,train
950,SECTOR_OTHER,SIZE_MICRO_1_9,SECTOR_OTHER|SIZE_MICRO_1_9,train
951,SECTOR_RETAIL,SIZE_MICRO_1_9,SECTOR_RETAIL|SIZE_MICRO_1_9,train
952,SECTOR_TECH_SERVICES,SIZE_SMALL_10_49,SECTOR_TECH_SERVICES|SIZE_SMALL_10_49,train
953,SECTOR_TECH_SERVICES,SIZE_MEDIUM_50_249,SECTOR_TECH_SERVICES|SIZE_MEDIUM_50_249,train
954,SECTOR_PROFESSIONAL_SERVICES,SIZE_SMALL_10_49,SECTOR_PROFESSIONAL_SERVICES|SIZE_SMALL_10_49,train
955,SECTOR_OTHER,SIZE_SMALL_10_49,SECTOR_OTHER|SIZE_SMALL_10_49,val
956,SECTOR_HOSPITALITY,SIZE_SMALL_10_49,SECTOR_HOSPITALITY|SIZE_SMALL_10_49,train
957,SECTOR_HEALTHCARE_SMALL,SIZE_MICRO_1_9,SECTOR_HEALTHCARE_SMALL|SIZE_MICRO_1_9,train
958,SECTOR_TRANSPORT,SIZE_MICRO_1_9,SECTOR_TRANSPORT|SIZE_MICRO_1_9,train
959,SECTOR_TECH_SERVICES,SIZE_MEDIUM_50_249,SECTOR_TECH_SERVICES|SIZE_MEDIUM_50_249,train
960,SECTOR_OTHER,SIZE_MICRO_1_9,SECTOR_OTHER|SIZE_MICRO_1_9,train
961,SECTOR_RETAIL,SIZE_SMALL_10_49,SECTOR_RETAIL|SIZE_SMALL_10_49,train
962,SECTOR_MANUFACTURING_SMALL,SIZE_MICRO_1_9,SECTOR_MANUFACTURING_SMALL|SIZE_MICRO_1_9,train
963,SECTOR_MANUFACTURING_SMALL,SIZE_MICRO_1_9,SECTOR_MANUFACTURING_SMALL|SIZE_MICRO_1_9,train
964,SECTOR_TECH_SERVICES,SIZE_MICRO_1_9,SECTOR_TECH_SERVICES|SIZE_MICRO_1_9,train
965,SECTOR_RETAIL,SIZE_SMALL_10_49,SECTOR_RETAIL|SIZE_SMALL_10_49,train
966,SECTOR_OTHER,SIZE_SMALL_10_49,SECTOR_OTHER|SIZE_SMALL_10_49,train
967,SECTOR_TRANSPORT,SIZE_MICRO_1_9,SECTOR_TRANSPORT|SIZE_MICRO_1_9,test
968,SECTOR_PROFESSIONAL_SERVICES,SIZE_MICRO_1_9,SECTOR_PROFESSIONAL_SERVICES|SIZE_MICRO_1_9,train
969,SECTOR_TRANSPORT,SIZE_MICRO_1_9,SECTOR_TRANSPORT|SIZE_MICRO_1_9,train
970,SECTOR_OTHER,SIZE_MEDIUM_50_249,SECTOR_OTHER|SIZE_MEDIUM_50_249,val
971,SECTOR_OTHER,SIZE_SMALL_10_49,SECTOR_OTHER|SIZE_SMALL_10_49,train
972,SECTOR_HEALTHCARE_SMALL,SIZE_MICRO_1_9,SECTOR_HEALTHCARE_SMALL|SIZE_MICRO_1_9,train
973,SECTOR_CONSTRUCTION,SIZE_SMALL_10_49,SECTOR_CONSTRUCTION|SIZE_SMALL_10_49,val
974,SECTOR_CONSTRUCTION,SIZE_SMALL_10_49,SECTOR_CONSTRUCTION|SIZE_SMALL_10_49,train
975,SECTOR_HOSPITALITY,SIZE_MICRO_1_9,SECTOR_HOSPITALITY|SIZE_MICRO_1_9,val
976,SECTOR_MANUFACTURING_SMALL,SIZE_MICRO_1_9,SECTOR_MANUFACTURING_SMALL|SIZE_MICRO_1_9,train
977,SECTOR_TECH_SERVICES,SIZE_MICRO_1_9,SECTOR_TECH_SERVICES|SIZE_MICRO_1_9,train
978,SECTOR_TECH_SERVICES,SIZE_MICRO_1_9,SECTOR_TECH_SERVICES|SIZE_MICRO_1_9,val
979,SECTOR_RETAIL,SIZE_MICRO_1_9,SECTOR_RETAIL|SIZE_MICRO_1_9,train
980,SECTOR_TECH_SERVICES,SIZE_SMALL_10_49,SECTOR_TECH_SERVICES|SIZE_SMALL_10_49,train
981,SECTOR_HEALTHCARE_SMALL,SIZE_MICRO_1_9,SECTOR_HEALTHCARE_SMALL|SIZE_MICRO_1_9,train
982,SECTOR_OTHER,SIZE_MICRO_1_9,SECTOR_OTHER|SIZE_MICRO_1_9,train
983,SECTOR_HEALTHCARE_SMALL,SIZE_MICRO_1_9,SECTOR_HEALTHCARE_SMALL|SIZE_MICRO_1_9,train
984,SECTOR_PROFESSIONAL_SERVICES,SIZE_SMALL_10_49,SECTOR_PROFESSIONAL_SERVICES|SIZE_SMALL_10_49,train
985,SECTOR_HOSPITALITY,SIZE_SMALL_10_49,SECTOR_HOSPITALITY|SIZE_SMALL_10_49,train
986,SECTOR_PROFESSIONAL_SERVICES,SIZE_SMALL_10_49,SECTOR_PROFESSIONAL_SERVICES|SIZE_SMALL_10_49,test
987,SECTOR_PROFESSIONAL_SERVICES,SIZE_MICRO_1_9,SECTOR_PROFESSIONAL_SERVICES|SIZE_MICRO_1_9,test
988,SECTOR_RETAIL,SIZE_MICRO_1_9,SECTOR_RETAIL|SIZE_MICRO_1_9,train
989,SECTOR_CONSTRUCTION,SIZE_MICRO_1_9,SECTOR_CONSTRUCTION|SIZE_MICRO_1_9,val
990,SECTOR_CONSTRUCTION,SIZE_MICRO_1_9,SECTOR_CONSTRUCTION|SIZE_MICRO_1_9,train
991,SECTOR_PROFESSIONAL_SERVICES,SIZE_MICRO_1_9,SECTOR_PROFESSIONAL_SERVICES|SIZE_MICRO_1_9,train
992,SECTOR_CONSTRUCTION,SIZE_MICRO_1_9,SECTOR_CONSTRUCTION|SIZE_MICRO_1_9,train
993,SECTOR_TRANSPORT,SIZE_MICRO_1_9,SECTOR_TRANSPORT|SIZE_MICRO_1_9,train
994,SECTOR_MANUFACTURING_SMALL,SIZE_MICRO_1_9,SECTOR_MANUFACTURING_SMALL|SIZE_MICRO_1_9,train
995,SECTOR_MANUFACTURING_SMALL,SIZE_MEDIUM_50_249,SECTOR_MANUFACTURING_SMALL|SIZE_MEDIUM_50_249,test
996,SECTOR_TRANSPORT,SIZE_MICRO_1_9,SECTOR_TRANSPORT|SIZE_MICRO_1_9,train
997,SECTOR_OTHER,SIZE_SMALL_10_49,SECTOR_OTHER|SIZE_SMALL_10_49,test
998,SECTOR_TRANSPORT,SIZE_MICRO_1_9,SECTOR_TRANSPORT|SIZE_MICRO_1_9,val
999,SECTOR_PROFESSIONAL_SERVICES,SIZE_MICRO_1_9,SECTOR_PROFESSIONAL_SERVICES|SIZE_MICRO_1_9,test
1000,SECTOR_CONSTRUCTION,SIZE_SMALL_10_49,SECTOR_CONSTRUCTION|SIZE_SMALL_10_49,train
1001,SECTOR_HEALTHCARE_SMALL,SIZE_MICRO_1_9,SECTOR_HEALTHCARE_SMALL|SIZE_MICRO_1_9,test
1002,SECTOR_RETAIL,SIZE_MEDIUM_50_249,SECTOR_RETAIL|SIZE_MEDIUM_50_249,train
1003,SECTOR_TECH_SERVICES,SIZE_SMALL_10_49,SECTOR_TECH_SERVICES|SIZE_SMALL_10_49,train
1004,SECTOR_TECH_SERVICES,SIZE_MEDIUM_50_249,SECTOR_TECH_SERVICES|SIZE_MEDIUM_50_249,train
1005,SECTOR_TRANSPORT,SIZE_MICRO_1_9,SECTOR_TRANSPORT|SIZE_MICRO_1_9,train
1006,SECTOR_PROFESSIONAL_SERVICES,SIZE_MICRO_1_9,SECTOR_PROFESSIONAL_SERVICES|SIZE_MICRO_1_9,train
1007,SECTOR_PROFESSIONAL_SERVICES,SIZE_SMALL_10_49,SECTOR_PROFESSIONAL_SERVICES|SIZE_SMALL_10_49,train
1008,SECTOR_OTHER,SIZE_SMALL_10_49,SECTOR_OTHER|SIZE_SMALL_10_49,val
1009,SECTOR_HEALTHCARE_SMALL,SIZE_MICRO_1_9,SECTOR_HEALTHCARE_SMALL|SIZE_MICRO_1_9,train
1010,SECTOR_TRANSPORT,SIZE_MEDIUM_50_249,SECTOR_TRANSPORT|SIZE_MEDIUM_50_249,train
1011,SECTOR_HOSPITALITY,SIZE_SMALL_10_49,SECTOR_HOSPITALITY|SIZE_SMALL_10_49,train
1012,SECTOR_TRANSPORT,SIZE_MICRO_1_9,SECTOR_TRANSPORT|SIZE_MICRO_1_9,train
1013,SECTOR_TECH_SERVICES,SIZE_MICRO_1_9,SECTOR_TECH_SERVICES|SIZE_MICRO_1_9,train
1014,SECTOR_TRANSPORT,SIZE_MICRO_1_9,SECTOR_TRANSPORT|SIZE_MICRO_1_9,val
1015,SECTOR_HOSPITALITY,SIZE_MICRO_1_9,SECTOR_HOSPITALITY|SIZE_MICRO_1_9,val
1016,SECTOR_MANUFACTURING_SMALL,SIZE_MEDIUM_50_249,SECTOR_MANUFACTURING_SMALL|SIZE_MEDIUM_50_249,train
1017,SECTOR_PROFESSIONAL_SERVICES,SIZE_MICRO_1_9,SECTOR_PROFESSIONAL_SERVICES|SIZE_MICRO_1_9,val
1018,SECTOR_RETAIL,SIZE_SMALL_10_49,SECTOR_RETAIL|SIZE_SMALL_10_49,train
1019,SECTOR_OTHER,SIZE_MICRO_1_9,SECTOR_OTHER|SIZE_MICRO_1_9,train
1020,SECTOR_CONSTRUCTION,SIZE_SMALL_10_49,SECTOR_CONSTRUCTION|SIZE_SMALL_10_49,test
1021,SECTOR_HEALTHCARE_SMALL,SIZE_SMALL_10_49,SECTOR_HEALTHCARE_SMALL|SIZE_SMALL_10_49,train
1022,SECTOR_HOSPITALITY,SIZE_MEDIUM_50_249,SECTOR_HOSPITALITY|SIZE_MEDIUM_50_249,train
1023,SECTOR_RETAIL,SIZE_MICRO_1_9,SECTOR_RETAIL|SIZE_MICRO_1_9,train
1024,SECTOR_TRANSPORT,SIZE_MICRO_1_9,SECTOR_TRANSPORT|SIZE_MICRO_1_9,train
1025,SECTOR_TRANSPORT,SIZE_MEDIUM_50_249,SECTOR_TRANSPORT|SIZE_MEDIUM_50_249,train
1026,SECTOR_RETAIL,SIZE_MICRO_1_9,SECTOR_RETAIL|SIZE_MICRO_1_9,train
1027,SECTOR_TRANSPORT,SIZE_MICRO_1_9,SECTOR_TRANSPORT|SIZE_MICRO_1_9,train
1028,SECTOR_CONSTRUCTION,SIZE_MICRO_1_9,SECTOR_CONSTRUCTION|SIZE_MICRO_1_9,train
1029,SECTOR_TRANSPORT,SIZE_MICRO_1_9,SECTOR_TRANSPORT|SIZE_MICRO_1_9,train
1030,SECTOR_RETAIL,SIZE_MICRO_1_9,SECTOR_RETAIL|SIZE_MICRO_1_9,train
1031,SECTOR_HEALTHCARE_SMALL,SIZE_MICRO_1_9,SECTOR_HEALTHCARE_SMALL|SIZE_MICRO_1_9,train
1032,SECTOR_CONSTRUCTION,SIZE_MEDIUM_50_249,SECTOR_CONSTRUCTION|SIZE_MEDIUM_50_249,train
1033,SECTOR_MANUFACTURING_SMALL,SIZE_MICRO_1_9,SECTOR_MANUFACTURING_SMALL|SIZE_MICRO_1_9,train
1034,SECTOR_MANUFACTURING_SMALL,SIZE_SMALL_10_49,SECTOR_MANUFACTURING_SMALL|SIZE_SMALL_10_49,train
1035,SECTOR_PROFESSIONAL_SERVICES,SIZE_SMALL_10_49,SECTOR_PROFESSIONAL_SERVICES|SIZE_SMALL_10_49,train
1036,SECTOR_OTHER,SIZE_MICRO_1_9,SECTOR_OTHER|SIZE_MICRO_1_9,train
1037,SECTOR_HOSPITALITY,SIZE_SMALL_10_49,SECTOR_HOSPITALITY|SIZE_SMALL_10_49,train
1038,SECTOR_PROFESSIONAL_SERVICES,SIZE_MICRO_1_9,SECTOR_PROFESSIONAL_SERVICES|SIZE_MICRO_1_9,train
1039,SECTOR_MANUFACTURING_SMALL,SIZE_SMALL_10_49,SECTOR_MANUFACTURING_SMALL|SIZE_SMALL_10_49,val
1040,SECTOR_TRANSPORT,SIZE_SMALL_10_49,SECTOR_TRANSPORT|SIZE_SMALL_10_49,train
1041,SECTOR_CONSTRUCTION,SIZE_SMALL_10_49,SECTOR_CONSTRUCTION|SIZE_SMALL_10_49,train
1042,SECTOR_MANUFACTURING_SMALL,SIZE_SMALL_10_49,SECTOR_MANUFACTURING_SMALL|SIZE_SMALL_10_49,train
1043,SECTOR_RETAIL,SIZE_MEDIUM_50_249,SECTOR_RETAIL|SIZE_MEDIUM_50_249,train
1044,SECTOR_HEALTHCARE_SMALL,SIZE_MEDIUM_50_249,SECTOR_HEALTHCARE_SMALL|SIZE_MEDIUM_50_249,train
1045,SECTOR_HEALTHCARE_SMALL,SIZE_MICRO_1_9,SECTOR_HEALTHCARE_SMALL|SIZE_MICRO_1_9,train
1046,SECTOR_HEALTHCARE_SMALL,SIZE_SMALL_10_49,SECTOR_HEALTHCARE_SMALL|SIZE_SMALL_10_49,train
1047,SECTOR_RETAIL,SIZE_SMALL_10_49,SECTOR_RETAIL|SIZE_SMALL_10_49,train
1048,SECTOR_TECH_SERVICES,SIZE_MICRO_1_9,SECTOR_TECH_SERVICES|SIZE_MICRO_1_9,train
1049,SECTOR_HOSPITALITY,SIZE_MICRO_1_9,SECTOR_HOSPITALITY|SIZE_MICRO_1_9,train
1050,SECTOR_TECH_SERVICES,SIZE_SMALL_10_49,SECTOR_TECH_SERVICES|SIZE_SMALL_10_49,train
1051,SECTOR_TECH_SERVICES,SIZE_MEDIUM_50_249,SECTOR_TECH_SERVICES|SIZE_MEDIUM_50_249,val
1052,SECTOR_RETAIL,SIZE_MICRO_1_9,SECTOR_RETAIL|SIZE_MICRO_1_9,train
1053,SECTOR_RETAIL,SIZE_SMALL_10_49,SECTOR_RETAIL|SIZE_SMALL_10_49,train
1054,SECTOR_TRANSPORT,SIZE_MICRO_1_9,SECTOR_TRANSPORT|SIZE_MICRO_1_9,train
1055,SECTOR_HOSPITALITY,SIZE_SMALL_10_49,SECTOR_HOSPITALITY|SIZE_SMALL_10_49,val
1056,SECTOR_HEALTHCARE_SMALL,SIZE_SMALL_10_49,SECTOR_HEALTHCARE_SMALL|SIZE_SMALL_10_49,val
1057,SECTOR_CONSTRUCTION,SIZE_MICRO_1_9,SECTOR_CONSTRUCTION|SIZE_MICRO_1_9,val
1058,SECTOR_CONSTRUCTION,SIZE_MEDIUM_50_249,SECTOR_CONSTRUCTION|SIZE_MEDIUM_50_249,train
1059,SECTOR_RETAIL,SIZE_SMALL_10_49,SECTOR_RETAIL|SIZE_SMALL_10_49,test
1060,SECTOR_CONSTRUCTION,SIZE_SMALL_10_49,SECTOR_CONSTRUCTION|SIZE_SMALL_10_49,train
1061,SECTOR_HEALTHCARE_SMALL,SIZE_SMALL_10_49,SECTOR_HEALTHCARE_SMALL|SIZE_SMALL_10_49,test
1062,SECTOR_HOSPITALITY,SIZE_MICRO_1_9,SECTOR_HOSPITALITY|SIZE_MICRO_1_9,train
1063,SECTOR_TRANSPORT,SIZE_SMALL_10_49,SECTOR_TRANSPORT|SIZE_SMALL_10_49,train
1064,SECTOR_RETAIL,SIZE_MEDIUM_50_249,SECTOR_RETAIL|SIZE_MEDIUM_50_249,train
1065,SECTOR_HEALTHCARE_SMALL,SIZE_MICRO_1_9,SECTOR_HEALTHCARE_SMALL|SIZE_MICRO_1_9,train
1066,SECTOR_RETAIL,SIZE_SMALL_10_49,SECTOR_RETAIL|SIZE_SMALL_10_49,train
1067,SECTOR_TRANSPORT,SIZE_MICRO_1_9,SECTOR_TRANSPORT|SIZE_MICRO_1_9,train
1068,SECTOR_TRANSPORT,SIZE_SMALL_10_49,SECTOR_TRANSPORT|SIZE_SMALL_10_49,train
1069,SECTOR_TECH_SERVICES,SIZE_MICRO_1_9,SECTOR_TECH_SERVICES|SIZE_MICRO_1_9,train
1070,SECTOR_HEALTHCARE_SMALL,SIZE_SMALL_10_49,SECTOR_HEALTHCARE_SMALL|SIZE_SMALL_10_49,train
1071,SECTOR_OTHER,SIZE_MEDIUM_50_249,SECTOR_OTHER|SIZE_MEDIUM_50_249,train
1072,SECTOR_RETAIL,SIZE_SMALL_10_49,SECTOR_RETAIL|SIZE_SMALL_10_49,train
1073,SECTOR_CONSTRUCTION,SIZE_SMALL_10_49,SECTOR_CONSTRUCTION|SIZE_SMALL_10_49,train
1074,SECTOR_RETAIL,SIZE_SMALL_10_49,SECTOR_RETAIL|SIZE_SMALL_10_49,train
1075,SECTOR_CONSTRUCTION,SIZE_SMALL_10_49,SECTOR_CONSTRUCTION|SIZE_SMALL_10_49,train
1076,SECTOR_MANUFACTURING_SMALL,SIZE_MICRO_1_9,SECTOR_MANUFACTURING_SMALL|SIZE_MICRO_1_9,train
1077,SECTOR_MANUFACTURING_SMALL,SIZE_MEDIUM_50_249,SECTOR_MANUFACTURING_SMALL|SIZE_MEDIUM_50_249,test
1078,SECTOR_HOSPITALITY,SIZE_MICRO_1_9,SECTOR_HOSPITALITY|SIZE_MICRO_1_9,train
1079,SECTOR_OTHER,SIZE_MICRO_1_9,SECTOR_OTHER|SIZE_MICRO_1_9,train
1080,SECTOR_TECH_SERVICES,SIZE_MICRO_1_9,SECTOR_TECH_SERVICES|SIZE_MICRO_1_9,train
1081,SECTOR_HEALTHCARE_SMALL,SIZE_MEDIUM_50_249,SECTOR_HEALTHCARE_SMALL|SIZE_MEDIUM_50_249,val
1082,SECTOR_RETAIL,SIZE_MICRO_1_9,SECTOR_RETAIL|SIZE_MICRO_1_9,train
1083,SECTOR_TRANSPORT,SIZE_MICRO_1_9,SECTOR_TRANSPORT|SIZE_MICRO_1_9,test
1084,SECTOR_MANUFACTURING_SMALL,SIZE_MICRO_1_9,SECTOR_MANUFACTURING_SMALL|SIZE_MICRO_1_9,train
1085,SECTOR_CONSTRUCTION,SIZE_MEDIUM_50_249,SECTOR_CONSTRUCTION|SIZE_MEDIUM_50_249,train
1086,SECTOR_OTHER,SIZE_SMALL_10_49,SECTOR_OTHER|SIZE_SMALL_10_49,train
1087,SECTOR_MANUFACTURING_SMALL,SIZE_SMALL_10_49,SECTOR_MANUFACTURING_SMALL|SIZE_SMALL_10_49,train
1088,SECTOR_TECH_SERVICES,SIZE_SMALL_10_49,SECTOR_TECH_SERVICES|SIZE_SMALL_10_49,test
1089,SECTOR_TECH_SERVICES,SIZE_MICRO_1_9,SECTOR_TECH_SERVICES|SIZE_MICRO_1_9,train
1090,SECTOR_HEALTHCARE_SMALL,SIZE_SMALL_10_49,SECTOR_HEALTHCARE_SMALL|SIZE_SMALL_10_49,train
1091,SECTOR_MANUFACTURING_SMALL,SIZE_SMALL_10_49,SECTOR_MANUFACTURING_SMALL|SIZE_SMALL_10_49,train
1092,SECTOR_RETAIL,SIZE_SMALL_10_49,SECTOR_RETAIL|SIZE_SMALL_10_49,train
1093,SECTOR_RETAIL,SIZE_MEDIUM_50_249,SECTOR_RETAIL|SIZE_MEDIUM_50_249,test
1094,SECTOR_CONSTRUCTION,SIZE_MEDIUM_50_249,SECTOR_CONSTRUCTION|SIZE_MEDIUM_50_249,train
1095,SECTOR_HOSPITALITY,SIZE_MICRO_1_9,SECTOR_HOSPITALITY|SIZE_MICRO_1_9,train
1096,SECTOR_TRANSPORT,SIZE_MEDIUM_50_249,SECTOR_TRANSPORT|SIZE_MEDIUM_50_249,train
1097,SECTOR_OTHER,SIZE_MICRO_1_9,SECTOR_OTHER|SIZE_MICRO_1_9,train
1098,SECTOR_MANUFACTURING_SMALL,SIZE_MICRO_1_9,SECTOR_MANUFACTURING_SMALL|SIZE_MICRO_1_9,train
1099,SECTOR_HEALTHCARE_SMALL,SIZE_MICRO_1_9,SECTOR_HEALTHCARE_SMALL|SIZE_MICRO_1_9,val
1100,SECTOR_MANUFACTURING_SMALL,SIZE_SMALL_10_49,SECTOR_MANUFACTURING_SMALL|SIZE_SMALL_10_49,train
1101,SECTOR_MANUFACTURING_SMALL,SIZE_MICRO_1_9,SECTOR_MANUFACTURING_SMALL|SIZE_MICRO_1_9,train
1102,SECTOR_TECH_SERVICES,SIZE_SMALL_10_49,SECTOR_TECH_SERVICES|SIZE_SMALL_10_49,train
1103,SECTOR_PROFESSIONAL_SERVICES,SIZE_MICRO_1_9,SECTOR_PROFESSIONAL_SERVICES|SIZE_MICRO_1_9,train
1104,SECTOR_TECH_SERVICES,SIZE_SMALL_10_49,SECTOR_TECH_SERVICES|SIZE_SMALL_10_49,train
1105,SECTOR_PROFESSIONAL_SERVICES,SIZE_MICRO_1_9,SECTOR_PROFESSIONAL_SERVICES|SIZE_MICRO_1_9,train
1106,SECTOR_PROFESSIONAL_SERVICES,SIZE_MICRO_1_9,SECTOR_PROFESSIONAL_SERVICES|SIZE_MICRO_1_9,train
1107,SECTOR_TRANSPORT,SIZE_MICRO_1_9,SECTOR_TRANSPORT|SIZE_MICRO_1_9,train
1108,SECTOR_OTHER,SIZE_MEDIUM_50_249,SECTOR_OTHER|SIZE_MEDIUM_50_249,train
1109,SECTOR_MANUFACTURING_SMALL,SIZE_MICRO_1_9,SECTOR_MANUFACTURING_SMALL|SIZE_MICRO_1_9,train
1110,SECTOR_MANUFACTURING_SMALL,SIZE_MICRO_1_9,SECTOR_MANUFACTURING_SMALL|SIZE_MICRO_1_9,train
1111,SECTOR_CONSTRUCTION,SIZE_MEDIUM_50_249,SECTOR_CONSTRUCTION|SIZE_MEDIUM_50_249,train
1112,SECTOR_RETAIL,SIZE_SMALL_10_49,SECTOR_RETAIL|SIZE_SMALL_10_49,val
1113,SECTOR_CONSTRUCTION,SIZE_MICRO_1_9,SECTOR_CONSTRUCTION|SIZE_MICRO_1_9,train
1114,SECTOR_RETAIL,SIZE_MICRO_1_9,SECTOR_RETAIL|SIZE_MICRO_1_9,train
1115,SECTOR_OTHER,SIZE_MICRO_1_9,SECTOR_OTHER|SIZE_MICRO_1_9,val
1116,SECTOR_HEALTHCARE_SMALL,SIZE_MICRO_1_9,SECTOR_HEALTHCARE_SMALL|SIZE_MICRO_1_9,val
1117,SECTOR_OTHER,SIZE_SMALL_10_49,SECTOR_OTHER|SIZE_SMALL_10_49,train
1118,SECTOR_HEALTHCARE_SMALL,SIZE_MICRO_1_9,SECTOR_HEALTHCARE_SMALL|SIZE_MICRO_1_9,train
1119,SECTOR_TRANSPORT,SIZE_MEDIUM_50_249,SECTOR_TRANSPORT|SIZE_MEDIUM_50_249,train
1120,SECTOR_TRANSPORT,SIZE_SMALL_10_49,SECTOR_TRANSPORT|SIZE_SMALL_10_49,train
1121,SECTOR_TECH_SERVICES,SIZE_MICRO_1_9,SECTOR_TECH_SERVICES|SIZE_MICRO_1_9,train
1122,SECTOR_HEALTHCARE_SMALL,SIZE_MICRO_1_9,SECTOR_HEALTHCARE_SMALL|SIZE_MICRO_1_9,train
1123,SECTOR_HOSPITALITY,SIZE_SMALL_10_49,SECTOR_HOSPITALITY|SIZE_SMALL_10_49,train
1124,SECTOR_RETAIL,SIZE_MEDIUM_50_249,SECTOR_RETAIL|SIZE_MEDIUM_50_249,train
1125,SECTOR_RETAIL,SIZE_MICRO_1_9,SECTOR_RETAIL|SIZE_MICRO_1_9,train
1126,SECTOR_MANUFACTURING_SMALL,SIZE_MICRO_1_9,SECTOR_MANUFACTURING_SMALL|SIZE_MICRO_1_9,train
1127,SECTOR_TRANSPORT,SIZE_SMALL_10_49,SECTOR_TRANSPORT|SIZE_SMALL_10_49,train
1128,SECTOR_TECH_SERVICES,SIZE_SMALL_10_49,SECTOR_TECH_SERVICES|SIZE_SMALL_10_49,val
1129,SECTOR_HOSPITALITY,SIZE_SMALL_10_49,SECTOR_HOSPITALITY|SIZE_SMALL_10_49,train
1130,SECTOR_TRANSPORT,SIZE_MEDIUM_50_249,SECTOR_TRANSPORT|SIZE_MEDIUM_50_249,train
1131,SECTOR_OTHER,SIZE_MICRO_1_9,SECTOR_OTHER|SIZE_MICRO_1_9,train
1132,SECTOR_TRANSPORT,SIZE_MICRO_1_9,SECTOR_TRANSPORT|SIZE_MICRO_1_9,val
1133,SECTOR_MANUFACTURING_SMALL,SIZE_SMALL_10_49,SECTOR_MANUFACTURING_SMALL|SIZE_SMALL_10_49,val
1134,SECTOR_RETAIL,SIZE_SMALL_10_49,SECTOR_RETAIL|SIZE_SMALL_10_49,train
1135,SECTOR_CONSTRUCTION,SIZE_MEDIUM_50_249,SECTOR_CONSTRUCTION|SIZE_MEDIUM_50_249,train
1136,SECTOR_HEALTHCARE_SMALL,SIZE_SMALL_10_49,SECTOR_HEALTHCARE_SMALL|SIZE_SMALL_10_49,train
1137,SECTOR_TECH_SERVICES,SIZE_MICRO_1_9,SECTOR_TECH_SERVICES|SIZE_MICRO_1_9,train
1138,SECTOR_TRANSPORT,SIZE_MICRO_1_9,SECTOR_TRANSPORT|SIZE_MICRO_1_9,train
1139,SECTOR_TRANSPORT,SIZE_SMALL_10_49,SECTOR_TRANSPORT|SIZE_SMALL_10_49,train
1140,SECTOR_RETAIL,SIZE_SMALL_10_49,SECTOR_RETAIL|SIZE_SMALL_10_49,train
1141,SECTOR_TECH_SERVICES,SIZE_SMALL_10_49,SECTOR_TECH_SERVICES|SIZE_SMALL_10_49,train
1142,SECTOR_TECH_SERVICES,SIZE_MICRO_1_9,SECTOR_TECH_SERVICES|SIZE_MICRO_1_9,train
1143,SECTOR_CONSTRUCTION,SIZE_SMALL_10_49,SECTOR_CONSTRUCTION|SIZE_SMALL_10_49,train
1144,SECTOR_TECH_SERVICES,SIZE_SMALL_10_49,SECTOR_TECH_SERVICES|SIZE_SMALL_10_49,train
1145,SECTOR_PROFESSIONAL_SERVICES,SIZE_SMALL_10_49,SECTOR_PROFESSIONAL_SERVICES|SIZE_SMALL_10_49,test
1146,SECTOR_OTHER,SIZE_MICRO_1_9,SECTOR_OTHER|SIZE_MICRO_1_9,train
1147,SECTOR_HOSPITALITY,SIZE_MICRO_1_9,SECTOR_HOSPITALITY|SIZE_MICRO_1_9,test
1148,SECTOR_RETAIL,SIZE_MICRO_1_9,SECTOR_RETAIL|SIZE_MICRO_1_9,train
1149,SECTOR_TECH_SERVICES,SIZE_MICRO_1_9,SECTOR_TECH_SERVICES|SIZE_MICRO_1_9,train
1150,SECTOR_TECH_SERVICES,SIZE_MICRO_1_9,SECTOR_TECH_SERVICES|SIZE_MICRO_1_9,train
1151,SECTOR_HEALTHCARE_SMALL,SIZE_MEDIUM_50_249,SECTOR_HEALTHCARE_SMALL|SIZE_MEDIUM_50_249,train
1152,SECTOR_TECH_SERVICES,SIZE_MICRO_1_9,SECTOR_TECH_SERVICES|SIZE_MICRO_1_9,train
1153,SECTOR_TRANSPORT,SIZE_MICRO_1_9,SECTOR_TRANSPORT|SIZE_MICRO_1_9,train
1154,SECTOR_PROFESSIONAL_SERVICES,SIZE_MEDIUM_50_249,SECTOR_PROFESSIONAL_SERVICES|SIZE_MEDIUM_50_249,train
1155,SECTOR_RETAIL,SIZE_SMALL_10_49,SECTOR_RETAIL|SIZE_SMALL_10_49,train
1156,SECTOR_CONSTRUCTION,SIZE_MICRO_1_9,SECTOR_CONSTRUCTION|SIZE_MICRO_1_9,train
1157,SECTOR_CONSTRUCTION,SIZE_SMALL_10_49,SECTOR_CONSTRUCTION|SIZE_SMALL_10_49,train
1158,SECTOR_TECH_SERVICES,SIZE_SMALL_10_49,SECTOR_TECH_SERVICES|SIZE_SMALL_10_49,train
1159,SECTOR_CONSTRUCTION,SIZE_SMALL_10_49,SECTOR_CONSTRUCTION|SIZE_SMALL_10_49,train
1160,SECTOR_RETAIL,SIZE_MICRO_1_9,SECTOR_RETAIL|SIZE_MICRO_1_9,test
1161,SECTOR_HOSPITALITY,SIZE_SMALL_10_49,SECTOR_HOSPITALITY|SIZE_SMALL_10_49,train
1162,SECTOR_CONSTRUCTION,SIZE_SMALL_10_49,SECTOR_CONSTRUCTION|SIZE_SMALL_10_49,train
1163,SECTOR_OTHER,SIZE_SMALL_10_49,SECTOR_OTHER|SIZE_SMALL_10_49,train
1164,SECTOR_CONSTRUCTION,SIZE_MEDIUM_50_249,SECTOR_CONSTRUCTION|SIZE_MEDIUM_50_249,train
1165,SECTOR_OTHER,SIZE_MICRO_1_9,SECTOR_OTHER|SIZE_MICRO_1_9,train
1166,SECTOR_CONSTRUCTION,SIZE_MICRO_1_9,SECTOR_CONSTRUCTION|SIZE_MICRO_1_9,train
1167,SECTOR_TECH_SERVICES,SIZE_MICRO_1_9,SECTOR_TECH_SERVICES|SIZE_MICRO_1_9,train
1168,SECTOR_CONSTRUCTION,SIZE_SMALL_10_49,SECTOR_CONSTRUCTION|SIZE_SMALL_10_49,train
1169,SECTOR_HOSPITALITY,SIZE_SMALL_10_49,SECTOR_HOSPITALITY|SIZE_SMALL_10_49,train
1170,SECTOR_MANUFACTURING_SMALL,SIZE_MICRO_1_9,SECTOR_MANUFACTURING_SMALL|SIZE_MICRO_1_9,train
1171,SECTOR_CONSTRUCTION,SIZE_SMALL_10_49,SECTOR_CONSTRUCTION|SIZE_SMALL_10_49,train
1172,SECTOR_HEALTHCARE_SMALL,SIZE_SMALL_10_49,SECTOR_HEALTHCARE_SMALL|SIZE_SMALL_10_49,val
1173,SECTOR_RETAIL,SIZE_MICRO_1_9,SECTOR_RETAIL|SIZE_MICRO_1_9,train
1174,SECTOR_HEALTHCARE_SMALL,SIZE_SMALL_10_49,SECTOR_HEALTHCARE_SMALL|SIZE_SMALL_10_49,val
1175,SECTOR_PROFESSIONAL_SERVICES,SIZE_SMALL_10_49,SECTOR_PROFESSIONAL_SERVICES|SIZE_SMALL_10_49,train
1176,SECTOR_PROFESSIONAL_SERVICES,SIZE_MEDIUM_50_249,SECTOR_PROFESSIONAL_SERVICES|SIZE_MEDIUM_50_249,train
1177,SECTOR_OTHER,SIZE_SMALL_10_49,SECTOR_OTHER|SIZE_SMALL_10_49,train
1178,SECTOR_TRANSPORT,SIZE_SMALL_10_49,SECTOR_TRANSPORT|SIZE_SMALL_10_49,train
1179,SECTOR_HOSPITALITY,SIZE_MEDIUM_50_249,SECTOR_HOSPITALITY|SIZE_MEDIUM_50_249,train
1180,SECTOR_TECH_SERVICES,SIZE_MEDIUM_50_249,SECTOR_TECH_SERVICES|SIZE_MEDIUM_50_249,train
1181,SECTOR_RETAIL,SIZE_SMALL_10_49,SECTOR_RETAIL|SIZE_SMALL_10_49,train
1182,SECTOR_HEALTHCARE_SMALL,SIZE_MICRO_1_9,SECTOR_HEALTHCARE_SMALL|SIZE_MICRO_1_9,train
1183,SECTOR_HOSPITALITY,SIZE_SMALL_10_49,SECTOR_HOSPITALITY|SIZE_SMALL_10_49,train
1184,SECTOR_HEALTHCARE_SMALL,SIZE_SMALL_10_49,SECTOR_HEALTHCARE_SMALL|SIZE_SMALL_10_49,train
1185,SECTOR_TECH_SERVICES,SIZE_SMALL_10_49,SECTOR_TECH_SERVICES|SIZE_SMALL_10_49,train
1186,SECTOR_TRANSPORT,SIZE_MICRO_1_9,SECTOR_TRANSPORT|SIZE_MICRO_1_9,train
1187,SECTOR_RETAIL,SIZE_MICRO_1_9,SECTOR_RETAIL|SIZE_MICRO_1_9,train
1188,SECTOR_HOSPITALITY,SIZE_MEDIUM_50_249,SECTOR_HOSPITALITY|SIZE_MEDIUM_50_249,test
1189,SECTOR_HEALTHCARE_SMALL,SIZE_MICRO_1_9,SECTOR_HEALTHCARE_SMALL|SIZE_MICRO_1_9,val
1190,SECTOR_RETAIL,SIZE_MICRO_1_9,SECTOR_RETAIL|SIZE_MICRO_1_9,train
1191,SECTOR_HEALTHCARE_SMALL,SIZE_SMALL_10_49,SECTOR_HEALTHCARE_SMALL|SIZE_SMALL_10_49,train
1192,SECTOR_OTHER,SIZE_MICRO_1_9,SECTOR_OTHER|SIZE_MICRO_1_9,test
1193,SECTOR_PROFESSIONAL_SERVICES,SIZE_SMALL_10_49,SECTOR_PROFESSIONAL_SERVICES|SIZE_SMALL_10_49,train
1194,SECTOR_OTHER,SIZE_SMALL_10_49,SECTOR_OTHER|SIZE_SMALL_10_49,test
1195,SECTOR_OTHER,SIZE_SMALL_10_49,SECTOR_OTHER|SIZE_SMALL_10_49,train
1196,SECTOR_OTHER,SIZE_MICRO_1_9,SECTOR_OTHER|SIZE_MICRO_1_9,train
1197,SECTOR_CONSTRUCTION,SIZE_MEDIUM_50_249,SECTOR_CONSTRUCTION|SIZE_MEDIUM_50_249,train
1198,SECTOR_TECH_SERVICES,SIZE_SMALL_10_49,SECTOR_TECH_SERVICES|SIZE_SMALL_10_49,train
1199,SECTOR_HOSPITALITY,SIZE_MICRO_1_9,SECTOR_HOSPITALITY|SIZE_MICRO_1_9,train
1200,SECTOR_CONSTRUCTION,SIZE_SMALL_10_49,SECTOR_CONSTRUCTION|SIZE_SMALL_10_49,train
1201,SECTOR_OTHER,SIZE_MICRO_1_9,SECTOR_OTHER|SIZE_MICRO_1_9,train
1202,SECTOR_CONSTRUCTION,SIZE_SMALL_10_49,SECTOR_CONSTRUCTION|SIZE_SMALL_10_49,train
1203,SECTOR_CONSTRUCTION,SIZE_SMALL_10_49,SECTOR_CONSTRUCTION|SIZE_SMALL_10_49,train
1204,SECTOR_OTHER,SIZE_MICRO_1_9,SECTOR_OTHER|SIZE_MICRO_1_9,train
1205,SECTOR_OTHER,SIZE_MEDIUM_50_249,SECTOR_OTHER|SIZE_MEDIUM_50_249,train
1206,SECTOR_PROFESSIONAL_SERVICES,SIZE_MICRO_1_9,SECTOR_PROFESSIONAL_SERVICES|SIZE_MICRO_1_9,test
1207,SECTOR_RETAIL,SIZE_MICRO_1_9,SECTOR_RETAIL|SIZE_MICRO_1_9,train
1208,SECTOR_RETAIL,SIZE_MICRO_1_9,SECTOR_RETAIL|SIZE_MICRO_1_9,train
1209,SECTOR_TECH_SERVICES,SIZE_SMALL_10_49,SECTOR_TECH_SERVICES|SIZE_SMALL_10_49,train
1210,SECTOR_TRANSPORT,SIZE_MICRO_1_9,SECTOR_TRANSPORT|SIZE_MICRO_1_9,test
1211,SECTOR_PROFESSIONAL_SERVICES,SIZE_MICRO_1_9,SECTOR_PROFESSIONAL_SERVICES|SIZE_MICRO_1_9,train
1212,SECTOR_HEALTHCARE_SMALL,SIZE_MICRO_1_9,SECTOR_HEALTHCARE_SMALL|SIZE_MICRO_1_9,train
1213,SECTOR_MANUFACTURING_SMALL,SIZE_MICRO_1_9,SECTOR_MANUFACTURING_SMALL|SIZE_MICRO_1_9,train
1214,SECTOR_RETAIL,SIZE_MICRO_1_9,SECTOR_RETAIL|SIZE_MICRO_1_9,val
1215,SECTOR_CONSTRUCTION,SIZE_MICRO_1_9,SECTOR_CONSTRUCTION|SIZE_MICRO_1_9,train
1216,SECTOR_MANUFACTURING_SMALL,SIZE_SMALL_10_49,SECTOR_MANUFACTURING_SMALL|SIZE_SMALL_10_49,train
1217,SECTOR_CONSTRUCTION,SIZE_SMALL_10_49,SECTOR_CONSTRUCTION|SIZE_SMALL_10_49,train
1218,SECTOR_PROFESSIONAL_SERVICES,SIZE_SMALL_10_49,SECTOR_PROFESSIONAL_SERVICES|SIZE_SMALL_10_49,train
1219,SECTOR_OTHER,SIZE_MEDIUM_50_249,SECTOR_OTHER|SIZE_MEDIUM_50_249,val
1220,SECTOR_TECH_SERVICES,SIZE_SMALL_10_49,SECTOR_TECH_SERVICES|SIZE_SMALL_10_49,train
1221,SECTOR_OTHER,SIZE_MICRO_1_9,SECTOR_OTHER|SIZE_MICRO_1_9,train
1222,SECTOR_TRANSPORT,SIZE_SMALL_10_49,SECTOR_TRANSPORT|SIZE_SMALL_10_49,train
1223,SECTOR_HOSPITALITY,SIZE_MEDIUM_50_249,SECTOR_HOSPITALITY|SIZE_MEDIUM_50_249,train
1224,SECTOR_HOSPITALITY,SIZE_MEDIUM_50_249,SECTOR_HOSPITALITY|SIZE_MEDIUM_50_249,train
1225,SECTOR_RETAIL,SIZE_MEDIUM_50_249,SECTOR_RETAIL|SIZE_MEDIUM_50_249,train
1226,SECTOR_RETAIL,SIZE_SMALL_10_49,SECTOR_RETAIL|SIZE_SMALL_10_49,val
1227,SECTOR_OTHER,SIZE_MICRO_1_9,SECTOR_OTHER|SIZE_MICRO_1_9,train
1228,SECTOR_TECH_SERVICES,SIZE_SMALL_10_49,SECTOR_TECH_SERVICES|SIZE_SMALL_10_49,train
1229,SECTOR_TRANSPORT,SIZE_SMALL_10_49,SECTOR_TRANSPORT|SIZE_SMALL_10_49,train
1230,SECTOR_PROFESSIONAL_SERVICES,SIZE_MICRO_1_9,SECTOR_PROFESSIONAL_SERVICES|SIZE_MICRO_1_9,test
1231,SECTOR_TRANSPORT,SIZE_MICRO_1_9,SECTOR_TRANSPORT|SIZE_MICRO_1_9,train
1232,SECTOR_RETAIL,SIZE_MICRO_1_9,SECTOR_RETAIL|SIZE_MICRO_1_9,train
1233,SECTOR_TRANSPORT,SIZE_MEDIUM_50_249,SECTOR_TRANSPORT|SIZE_MEDIUM_50_249,val
1234,SECTOR_TRANSPORT,SIZE_SMALL_10_49,SECTOR_TRANSPORT|SIZE_SMALL_10_49,train
1235,SECTOR_TECH_SERVICES,SIZE_MICRO_1_9,SECTOR_TECH_SERVICES|SIZE_MICRO_1_9,train
1236,SECTOR_CONSTRUCTION,SIZE_MEDIUM_50_249,SECTOR_CONSTRUCTION|SIZE_MEDIUM_50_249,train
1237,SECTOR_PROFESSIONAL_SERVICES,SIZE_MICRO_1_9,SECTOR_PROFESSIONAL_SERVICES|SIZE_MICRO_1_9,train
1238,SECTOR_TECH_SERVICES,SIZE_SMALL_10_49,SECTOR_TECH_SERVICES|SIZE_SMALL_10_49,train
1239,SECTOR_HOSPITALITY,SIZE_MICRO_1_9,SECTOR_HOSPITALITY|SIZE_MICRO_1_9,train
1240,SECTOR_HOSPITALITY,SIZE_MEDIUM_50_249,SECTOR_HOSPITALITY|SIZE_MEDIUM_50_249,train
1241,SECTOR_OTHER,SIZE_MICRO_1_9,SECTOR_OTHER|SIZE_MICRO_1_9,train
1242,SECTOR_HOSPITALITY,SIZE_SMALL_10_49,SECTOR_HOSPITALITY|SIZE_SMALL_10_49,test
1243,SECTOR_TECH_SERVICES,SIZE_MICRO_1_9,SECTOR_TECH_SERVICES|SIZE_MICRO_1_9,train
1244,SECTOR_TECH_SERVICES,SIZE_SMALL_10_49,SECTOR_TECH_SERVICES|SIZE_SMALL_10_49,train
1245,SECTOR_RETAIL,SIZE_SMALL_10_49,SECTOR_RETAIL|SIZE_SMALL_10_49,train
1246,SECTOR_CONSTRUCTION,SIZE_SMALL_10_49,SECTOR_CONSTRUCTION|SIZE_SMALL_10_49,test
1247,SECTOR_PROFESSIONAL_SERVICES,SIZE_MICRO_1_9,SECTOR_PROFESSIONAL_SERVICES|SIZE_MICRO_1_9,train
1248,SECTOR_HEALTHCARE_SMALL,SIZE_MICRO_1_9,SECTOR_HEALTHCARE_SMALL|SIZE_MICRO_1_9,train
1249,SECTOR_CONSTRUCTION,SIZE_MICRO_1_9,SECTOR_CONSTRUCTION|SIZE_MICRO_1_9,train
1250,SECTOR_HEALTHCARE_SMALL,SIZE_SMALL_10_49,SECTOR_HEALTHCARE_SMALL|SIZE_SMALL_10_49,train
1251,SECTOR_PROFESSIONAL_SERVICES,SIZE_MICRO_1_9,SECTOR_PROFESSIONAL_SERVICES|SIZE_MICRO_1_9,val
1252,SECTOR_CONSTRUCTION,SIZE_SMALL_10_49,SECTOR_CONSTRUCTION|SIZE_SMALL_10_49,train
1253,SECTOR_MANUFACTURING_SMALL,SIZE_MICRO_1_9,SECTOR_MANUFACTURING_SMALL|SIZE_MICRO_1_9,train
1254,SECTOR_CONSTRUCTION,SIZE_SMALL_10_49,SECTOR_CONSTRUCTION|SIZE_SMALL_10_49,test
1255,SECTOR_CONSTRUCTION,SIZE_MEDIUM_50_249,SECTOR_CONSTRUCTION|SIZE_MEDIUM_50_249,train
1256,SECTOR_HOSPITALITY,SIZE_MICRO_1_9,SECTOR_HOSPITALITY|SIZE_MICRO_1_9,train
1257,SECTOR_RETAIL,SIZE_SMALL_10_49,SECTOR_RETAIL|SIZE_SMALL_10_49,train
1258,SECTOR_CONSTRUCTION,SIZE_MICRO_1_9,SECTOR_CONSTRUCTION|SIZE_MICRO_1_9,train
1259,SECTOR_TRANSPORT,SIZE_MICRO_1_9,SECTOR_TRANSPORT|SIZE_MICRO_1_9,train
1260,SECTOR_HOSPITALITY,SIZE_MICRO_1_9,SECTOR_HOSPITALITY|SIZE_MICRO_1_9,train
1261,SECTOR_OTHER,SIZE_SMALL_10_49,SECTOR_OTHER|SIZE_SMALL_10_49,test
1262,SECTOR_MANUFACTURING_SMALL,SIZE_MEDIUM_50_249,SECTOR_MANUFACTURING_SMALL|SIZE_MEDIUM_50_249,train
1263,SECTOR_PROFESSIONAL_SERVICES,SIZE_MICRO_1_9,SECTOR_PROFESSIONAL_SERVICES|SIZE_MICRO_1_9,train
1264,SECTOR_RETAIL,SIZE_MICRO_1_9,SECTOR_RETAIL|SIZE_MICRO_1_9,test
1265,SECTOR_RETAIL,SIZE_MEDIUM_50_249,SECTOR_RETAIL|SIZE_MEDIUM_50_249,train
1266,SECTOR_TRANSPORT,SIZE_MICRO_1_9,SECTOR_TRANSPORT|SIZE_MICRO_1_9,train
1267,SECTOR_HOSPITALITY,SIZE_SMALL_10_49,SECTOR_HOSPITALITY|SIZE_SMALL_10_49,train
1268,SECTOR_PROFESSIONAL_SERVICES,SIZE_MEDIUM_50_249,SECTOR_PROFESSIONAL_SERVICES|SIZE_MEDIUM_50_249,train
1269,SECTOR_PROFESSIONAL_SERVICES,SIZE_MICRO_1_9,SECTOR_PROFESSIONAL_SERVICES|SIZE_MICRO_1_9,train
1270,SECTOR_OTHER,SIZE_SMALL_10_49,SECTOR_OTHER|SIZE_SMALL_10_49,train
1271,SECTOR_RETAIL,SIZE_SMALL_10_49,SECTOR_RETAIL|SIZE_SMALL_10_49,val
1272,SECTOR_PROFESSIONAL_SERVICES,SIZE_MICRO_1_9,SECTOR_PROFESSIONAL_SERVICES|SIZE_MICRO_1_9,train
1273,SECTOR_HOSPITALITY,SIZE_MICRO_1_9,SECTOR_HOSPITALITY|SIZE_MICRO_1_9,train
1274,SECTOR_RETAIL,SIZE_MICRO_1_9,SECTOR_RETAIL|SIZE_MICRO_1_9,train
1275,SECTOR_HOSPITALITY,SIZE_SMALL_10_49,SECTOR_HOSPITALITY|SIZE_SMALL_10_49,train
1276,SECTOR_HEALTHCARE_SMALL,SIZE_MICRO_1_9,SECTOR_HEALTHCARE_SMALL|SIZE_MICRO_1_9,train
1277,SECTOR_PROFESSIONAL_SERVICES,SIZE_SMALL_10_49,SECTOR_PROFESSIONAL_SERVICES|SIZE_SMALL_10_49,val
1278,SECTOR_CONSTRUCTION,SIZE_SMALL_10_49,SECTOR_CONSTRUCTION|SIZE_SMALL_10_49,train
1279,SECTOR_RETAIL,SIZE_MICRO_1_9,SECTOR_RETAIL|SIZE_MICRO_1_9,train
1280,SECTOR_RETAIL,SIZE_MICRO_1_9,SECTOR_RETAIL|SIZE_MICRO_1_9,train
1281,SECTOR_HEALTHCARE_SMALL,SIZE_SMALL_10_49,SECTOR_HEALTHCARE_SMALL|SIZE_SMALL_10_49,train
1282,SECTOR_RETAIL,SIZE_MEDIUM_50_249,SECTOR_RETAIL|SIZE_MEDIUM_50_249,train
1283,SECTOR_TRANSPORT,SIZE_SMALL_10_49,SECTOR_TRANSPORT|SIZE_SMALL_10_49,val
1284,SECTOR_TRANSPORT,SIZE_MICRO_1_9,SECTOR_TRANSPORT|SIZE_MICRO_1_9,train
1285,SECTOR_TRANSPORT,SIZE_MICRO_1_9,SECTOR_TRANSPORT|SIZE_MICRO_1_9,train
1286,SECTOR_HEALTHCARE_SMALL,SIZE_SMALL_10_49,SECTOR_HEALTHCARE_SMALL|SIZE_SMALL_10_49,train
1287,SECTOR_HOSPITALITY,SIZE_SMALL_10_49,SECTOR_HOSPITALITY|SIZE_SMALL_10_49,train
1288,SECTOR_PROFESSIONAL_SERVICES,SIZE_MICRO_1_9,SECTOR_PROFESSIONAL_SERVICES|SIZE_MICRO_1_9,train
1289,SECTOR_TRANSPORT,SIZE_MICRO_1_9,SECTOR_TRANSPORT|SIZE_MICRO_1_9,train
1290,SECTOR_OTHER,SIZE_MICRO_1_9,SECTOR_OTHER|SIZE_MICRO_1_9,train
1291,SECTOR_CONSTRUCTION,SIZE_MICRO_1_9,SECTOR_CONSTRUCTION|SIZE_MICRO_1_9,train
1292,SECTOR_HEALTHCARE_SMALL,SIZE_MEDIUM_50_249,SECTOR_HEALTHCARE_SMALL|SIZE_MEDIUM_50_249,train
1293,SECTOR_HOSPITALITY,SIZE_MICRO_1_9,SECTOR_HOSPITALITY|SIZE_MICRO_1_9,train
1294,SECTOR_HEALTHCARE_SMALL,SIZE_MICRO_1_9,SECTOR_HEALTHCARE_SMALL|SIZE_MICRO_1_9,train
1295,SECTOR_TRANSPORT,SIZE_SMALL_10_49,SECTOR_TRANSPORT|SIZE_SMALL_10_49,test
1296,SECTOR_TECH_SERVICES,SIZE_MEDIUM_50_249,SECTOR_TECH_SERVICES|SIZE_MEDIUM_50_249,test
1297,SECTOR_TRANSPORT,SIZE_SMALL_10_49,SECTOR_TRANSPORT|SIZE_SMALL_10_49,train
1298,SECTOR_HEALTHCARE_SMALL,SIZE_SMALL_10_49,SECTOR_HEALTHCARE_SMALL|SIZE_SMALL_10_49,train
1299,SECTOR_CONSTRUCTION,SIZE_MICRO_1_9,SECTOR_CONSTRUCTION|SIZE_MICRO_1_9,train
1300,SECTOR_CONSTRUCTION,SIZE_SMALL_10_49,SECTOR_CONSTRUCTION|SIZE_SMALL_10_49,train
1301,SECTOR_HEALTHCARE_SMALL,SIZE_MICRO_1_9,SECTOR_HEALTHCARE_SMALL|SIZE_MICRO_1_9,train
1302,SECTOR_HEALTHCARE_SMALL,SIZE_SMALL_10_49,SECTOR_HEALTHCARE_SMALL|SIZE_SMALL_10_49,train
1303,SECTOR_OTHER,SIZE_MICRO_1_9,SECTOR_OTHER|SIZE_MICRO_1_9,test
1304,SECTOR_OTHER,SIZE_SMALL_10_49,SECTOR_OTHER|SIZE_SMALL_10_49,train
1305,SECTOR_PROFESSIONAL_SERVICES,SIZE_MICRO_1_9,SECTOR_PROFESSIONAL_SERVICES|SIZE_MICRO_1_9,train
1306,SECTOR_RETAIL,SIZE_MICRO_1_9,SECTOR_RETAIL|SIZE_MICRO_1_9,train
1307,SECTOR_PROFESSIONAL_SERVICES,SIZE_SMALL_10_49,SECTOR_PROFESSIONAL_SERVICES|SIZE_SMALL_10_49,train
1308,SECTOR_TECH_SERVICES,SIZE_MEDIUM_50_249,SECTOR_TECH_SERVICES|SIZE_MEDIUM_50_249,train
1309,SECTOR_MANUFACTURING_SMALL,SIZE_MICRO_1_9,SECTOR_MANUFACTURING_SMALL|SIZE_MICRO_1_9,train
1310,SECTOR_OTHER,SIZE_MICRO_1_9,SECTOR_OTHER|SIZE_MICRO_1_9,train
1311,SECTOR_TECH_SERVICES,SIZE_MICRO_1_9,SECTOR_TECH_SERVICES|SIZE_MICRO_1_9,train
1312,SECTOR_TRANSPORT,SIZE_MICRO_1_9,SECTOR_TRANSPORT|SIZE_MICRO_1_9,train
1313,SECTOR_HOSPITALITY,SIZE_MICRO_1_9,SECTOR_HOSPITALITY|SIZE_MICRO_1_9,train
1314,SECTOR_OTHER,SIZE_MICRO_1_9,SECTOR_OTHER|SIZE_MICRO_1_9,train
1315,SECTOR_HOSPITALITY,SIZE_SMALL_10_49,SECTOR_HOSPITALITY|SIZE_SMALL_10_49,train
1316,SECTOR_CONSTRUCTION,SIZE_SMALL_10_49,SECTOR_CONSTRUCTION|SIZE_SMALL_10_49,val
1317,SECTOR_CONSTRUCTION,SIZE_MEDIUM_50_249,SECTOR_CONSTRUCTION|SIZE_MEDIUM_50_249,train
1318,SECTOR_TECH_SERVICES,SIZE_SMALL_10_49,SECTOR_TECH_SERVICES|SIZE_SMALL_10_49,train
1319,SECTOR_CONSTRUCTION,SIZE_SMALL_10_49,SECTOR_CONSTRUCTION|SIZE_SMALL_10_49,train
1320,SECTOR_CONSTRUCTION,SIZE_MEDIUM_50_249,SECTOR_CONSTRUCTION|SIZE_MEDIUM_50_249,test
1321,SECTOR_MANUFACTURING_SMALL,SIZE_MICRO_1_9,SECTOR_MANUFACTURING_SMALL|SIZE_MICRO_1_9,test
1322,SECTOR_PROFESSIONAL_SERVICES,SIZE_MEDIUM_50_249,SECTOR_PROFESSIONAL_SERVICES|SIZE_MEDIUM_50_249,val
1323,SECTOR_OTHER,SIZE_MICRO_1_9,SECTOR_OTHER|SIZE_MICRO_1_9,val
1324,SECTOR_TRANSPORT,SIZE_SMALL_10_49,SECTOR_TRANSPORT|SIZE_SMALL_10_49,train
1325,SECTOR_TECH_SERVICES,SIZE_MEDIUM_50_249,SECTOR_TECH_SERVICES|SIZE_MEDIUM_50_249,test
1326,SECTOR_CONSTRUCTION,SIZE_SMALL_10_49,SECTOR_CONSTRUCTION|SIZE_SMALL_10_49,test
1327,SECTOR_HEALTHCARE_SMALL,SIZE_MEDIUM_50_249,SECTOR_HEALTHCARE_SMALL|SIZE_MEDIUM_50_249,train
1328,SECTOR_PROFESSIONAL_SERVICES,SIZE_MICRO_1_9,SECTOR_PROFESSIONAL_SERVICES|SIZE_MICRO_1_9,train
1329,SECTOR_HOSPITALITY,SIZE_SMALL_10_49,SECTOR_HOSPITALITY|SIZE_SMALL_10_49,train
1330,SECTOR_OTHER,SIZE_MICRO_1_9,SECTOR_OTHER|SIZE_MICRO_1_9,test
1331,SECTOR_HOSPITALITY,SIZE_MICRO_1_9,SECTOR_HOSPITALITY|SIZE_MICRO_1_9,train
1332,SECTOR_MANUFACTURING_SMALL,SIZE_SMALL_10_49,SECTOR_MANUFACTURING_SMALL|SIZE_SMALL_10_49,train
1333,SECTOR_TRANSPORT,SIZE_MICRO_1_9,SECTOR_TRANSPORT|SIZE_MICRO_1_9,train
1334,SECTOR_MANUFACTURING_SMALL,SIZE_MICRO_1_9,SECTOR_MANUFACTURING_SMALL|SIZE_MICRO_1_9,train
1335,SECTOR_MANUFACTURING_SMALL,SIZE_SMALL_10_49,SECTOR_MANUFACTURING_SMALL|SIZE_SMALL_10_49,train
1336,SECTOR_MANUFACTURING_SMALL,SIZE_SMALL_10_49,SECTOR_MANUFACTURING_SMALL|SIZE_SMALL_10_49,train
1337,SECTOR_HEALTHCARE_SMALL,SIZE_MICRO_1_9,SECTOR_HEALTHCARE_SMALL|SIZE_MICRO_1_9,train
1338,SECTOR_PROFESSIONAL_SERVICES,SIZE_MEDIUM_50_249,SECTOR_PROFESSIONAL_SERVICES|SIZE_MEDIUM_50_249,train
1339,SECTOR_CONSTRUCTION,SIZE_MICRO_1_9,SECTOR_CONSTRUCTION|SIZE_MICRO_1_9,train
1340,SECTOR_HEALTHCARE_SMALL,SIZE_MICRO_1_9,SECTOR_HEALTHCARE_SMALL|SIZE_MICRO_1_9,test
1341,SECTOR_HOSPITALITY,SIZE_SMALL_10_49,SECTOR_HOSPITALITY|SIZE_SMALL_10_49,train
1342,SECTOR_TECH_SERVICES,SIZE_MICRO_1_9,SECTOR_TECH_SERVICES|SIZE_MICRO_1_9,val
1343,SECTOR_HOSPITALITY,SIZE_MEDIUM_50_249,SECTOR_HOSPITALITY|SIZE_MEDIUM_50_249,train
1344,SECTOR_MANUFACTURING_SMALL,SIZE_SMALL_10_49,SECTOR_MANUFACTURING_SMALL|SIZE_SMALL_10_49,train
1345,SECTOR_TECH_SERVICES,SIZE_MEDIUM_50_249,SECTOR_TECH_SERVICES|SIZE_MEDIUM_50_249,train
1346,SECTOR_CONSTRUCTION,SIZE_MICRO_1_9,SECTOR_CONSTRUCTION|SIZE_MICRO_1_9,train
1347,SECTOR_HEALTHCARE_SMALL,SIZE_MICRO_1_9,SECTOR_HEALTHCARE_SMALL|SIZE_MICRO_1_9,val
1348,SECTOR_RETAIL,SIZE_MICRO_1_9,SECTOR_RETAIL|SIZE_MICRO_1_9,train
1349,SECTOR_CONSTRUCTION,SIZE_MICRO_1_9,SECTOR_CONSTRUCTION|SIZE_MICRO_1_9,train
1350,SECTOR_PROFESSIONAL_SERVICES,SIZE_SMALL_10_49,SECTOR_PROFESSIONAL_SERVICES|SIZE_SMALL_10_49,train
1351,SECTOR_OTHER,SIZE_SMALL_10_49,SECTOR_OTHER|SIZE_SMALL_10_49,train
1352,SECTOR_HEALTHCARE_SMALL,SIZE_SMALL_10_49,SECTOR_HEALTHCARE_SMALL|SIZE_SMALL_10_49,train
1353,SECTOR_HOSPITALITY,SIZE_SMALL_10_49,SECTOR_HOSPITALITY|SIZE_SMALL_10_49,train
1354,SECTOR_HOSPITALITY,SIZE_MICRO_1_9,SECTOR_HOSPITALITY|SIZE_MICRO_1_9,val
1355,SECTOR_TECH_SERVICES,SIZE_SMALL_10_49,SECTOR_TECH_SERVICES|SIZE_SMALL_10_49,train
1356,SECTOR_OTHER,SIZE_MICRO_1_9,SECTOR_OTHER|SIZE_MICRO_1_9,val
1357,SECTOR_TECH_SERVICES,SIZE_MEDIUM_50_249,SECTOR_TECH_SERVICES|SIZE_MEDIUM_50_249,train
1358,SECTOR_RETAIL,SIZE_MICRO_1_9,SECTOR_RETAIL|SIZE_MICRO_1_9,val
1359,SECTOR_HEALTHCARE_SMALL,SIZE_MICRO_1_9,SECTOR_HEALTHCARE_SMALL|SIZE_MICRO_1_9,train
1360,SECTOR_CONSTRUCTION,SIZE_SMALL_10_49,SECTOR_CONSTRUCTION|SIZE_SMALL_10_49,train
1361,SECTOR_HOSPITALITY,SIZE_MICRO_1_9,SECTOR_HOSPITALITY|SIZE_MICRO_1_9,train
1362,SECTOR_HOSPITALITY,SIZE_SMALL_10_49,SECTOR_HOSPITALITY|SIZE_SMALL_10_49,train
1363,SECTOR_PROFESSIONAL_SERVICES,SIZE_SMALL_10_49,SECTOR_PROFESSIONAL_SERVICES|SIZE_SMALL_10_49,train
1364,SECTOR_TECH_SERVICES,SIZE_SMALL_10_49,SECTOR_TECH_SERVICES|SIZE_SMALL_10_49,train
1365,SECTOR_HEALTHCARE_SMALL,SIZE_SMALL_10_49,SECTOR_HEALTHCARE_SMALL|SIZE_SMALL_10_49,test
1366,SECTOR_TECH_SERVICES,SIZE_SMALL_10_49,SECTOR_TECH_SERVICES|SIZE_SMALL_10_49,train
1367,SECTOR_TRANSPORT,SIZE_SMALL_10_49,SECTOR_TRANSPORT|SIZE_SMALL_10_49,train
1368,SECTOR_PROFESSIONAL_SERVICES,SIZE_MEDIUM_50_249,SECTOR_PROFESSIONAL_SERVICES|SIZE_MEDIUM_50_249,train
1369,SECTOR_TRANSPORT,SIZE_MICRO_1_9,SECTOR_TRANSPORT|SIZE_MICRO_1_9,train
1370,SECTOR_MANUFACTURING_SMALL,SIZE_MICRO_1_9,SECTOR_MANUFACTURING_SMALL|SIZE_MICRO_1_9,train
1371,SECTOR_OTHER,SIZE_SMALL_10_49,SECTOR_OTHER|SIZE_SMALL_10_49,train
1372,SECTOR_RETAIL,SIZE_SMALL_10_49,SECTOR_RETAIL|SIZE_SMALL_10_49,val
1373,SECTOR_PROFESSIONAL_SERVICES,SIZE_MICRO_1_9,SECTOR_PROFESSIONAL_SERVICES|SIZE_MICRO_1_9,train
1374,SECTOR_PROFESSIONAL_SERVICES,SIZE_MICRO_1_9,SECTOR_PROFESSIONAL_SERVICES|SIZE_MICRO_1_9,train
1375,SECTOR_TRANSPORT,SIZE_MICRO_1_9,SECTOR_TRANSPORT|SIZE_MICRO_1_9,train
1376,SECTOR_TRANSPORT,SIZE_MICRO_1_9,SECTOR_TRANSPORT|SIZE_MICRO_1_9,train
1377,SECTOR_HEALTHCARE_SMALL,SIZE_MICRO_1_9,SECTOR_HEALTHCARE_SMALL|SIZE_MICRO_1_9,train
1378,SECTOR_HEALTHCARE_SMALL,SIZE_MICRO_1_9,SECTOR_HEALTHCARE_SMALL|SIZE_MICRO_1_9,train
1379,SECTOR_TRANSPORT,SIZE_SMALL_10_49,SECTOR_TRANSPORT|SIZE_SMALL_10_49,train
1380,SECTOR_PROFESSIONAL_SERVICES,SIZE_MICRO_1_9,SECTOR_PROFESSIONAL_SERVICES|SIZE_MICRO_1_9,val
1381,SECTOR_TECH_SERVICES,SIZE_MICRO_1_9,SECTOR_TECH_SERVICES|SIZE_MICRO_1_9,train
1382,SECTOR_RETAIL,SIZE_MEDIUM_50_249,SECTOR_RETAIL|SIZE_MEDIUM_50_249,train
1383,SECTOR_CONSTRUCTION,SIZE_SMALL_10_49,SECTOR_CONSTRUCTION|SIZE_SMALL_10_49,train
1384,SECTOR_OTHER,SIZE_SMALL_10_49,SECTOR_OTHER|SIZE_SMALL_10_49,train
1385,SECTOR_OTHER,SIZE_MICRO_1_9,SECTOR_OTHER|SIZE_MICRO_1_9,test
1386,SECTOR_PROFESSIONAL_SERVICES,SIZE_MICRO_1_9,SECTOR_PROFESSIONAL_SERVICES|SIZE_MICRO_1_9,train
1387,SECTOR_RETAIL,SIZE_MICRO_1_9,SECTOR_RETAIL|SIZE_MICRO_1_9,test
1388,SECTOR_HEALTHCARE_SMALL,SIZE_SMALL_10_49,SECTOR_HEALTHCARE_SMALL|SIZE_SMALL_10_49,train
1389,SECTOR_HEALTHCARE_SMALL,SIZE_MICRO_1_9,SECTOR_HEALTHCARE_SMALL|SIZE_MICRO_1_9,test
1390,SECTOR_HEALTHCARE_SMALL,SIZE_SMALL_10_49,SECTOR_HEALTHCARE_SMALL|SIZE_SMALL_10_49,test
1391,SECTOR_HEALTHCARE_SMALL,SIZE_MEDIUM_50_249,SECTOR_HEALTHCARE_SMALL|SIZE_MEDIUM_50_249,train
1392,SECTOR_TECH_SERVICES,SIZE_MICRO_1_9,SECTOR_TECH_SERVICES|SIZE_MICRO_1_9,train
1393,SECTOR_RETAIL,SIZE_SMALL_10_49,SECTOR_RETAIL|SIZE_SMALL_10_49,train
1394,SECTOR_CONSTRUCTION,SIZE_SMALL_10_49,SECTOR_CONSTRUCTION|SIZE_SMALL_10_49,test
1395,SECTOR_MANUFACTURING_SMALL,SIZE_MICRO_1_9,SECTOR_MANUFACTURING_SMALL|SIZE_MICRO_1_9,test
1396,SECTOR_MANUFACTURING_SMALL,SIZE_SMALL_10_49,SECTOR_MANUFACTURING_SMALL|SIZE_SMALL_10_49,train
1397,SECTOR_MANUFACTURING_SMALL,SIZE_MICRO_1_9,SECTOR_MANUFACTURING_SMALL|SIZE_MICRO_1_9,train
1398,SECTOR_TECH_SERVICES,SIZE_SMALL_10_49,SECTOR_TECH_SERVICES|SIZE_SMALL_10_49,train
1399,SECTOR_OTHER,SIZE_MEDIUM_50_249,SECTOR_OTHER|SIZE_MEDIUM_50_249,train
1400,SECTOR_MANUFACTURING_SMALL,SIZE_MICRO_1_9,SECTOR_MANUFACTURING_SMALL|SIZE_MICRO_1_9,train
1401,SECTOR_HEALTHCARE_SMALL,SIZE_SMALL_10_49,SECTOR_HEALTHCARE_SMALL|SIZE_SMALL_10_49,train
1402,SECTOR_PROFESSIONAL_SERVICES,SIZE_MEDIUM_50_249,SECTOR_PROFESSIONAL_SERVICES|SIZE_MEDIUM_50_249,train
1403,SECTOR_HOSPITALITY,SIZE_MICRO_1_9,SECTOR_HOSPITALITY|SIZE_MICRO_1_9,test
1404,SECTOR_HOSPITALITY,SIZE_SMALL_10_49,SECTOR_HOSPITALITY|SIZE_SMALL_10_49,train
1405,SECTOR_MANUFACTURING_SMALL,SIZE_MICRO_1_9,SECTOR_MANUFACTURING_SMALL|SIZE_MICRO_1_9,train
1406,SECTOR_OTHER,SIZE_MICRO_1_9,SECTOR_OTHER|SIZE_MICRO_1_9,train
1407,SECTOR_MANUFACTURING_SMALL,SIZE_MICRO_1_9,SECTOR_MANUFACTURING_SMALL|SIZE_MICRO_1_9,train
1408,SECTOR_CONSTRUCTION,SIZE_SMALL_10_49,SECTOR_CONSTRUCTION|SIZE_SMALL_10_49,val
1409,SECTOR_TRANSPORT,SIZE_MEDIUM_50_249,SECTOR_TRANSPORT|SIZE_MEDIUM_50_249,train
1410,SECTOR_HOSPITALITY,SIZE_SMALL_10_49,SECTOR_HOSPITALITY|SIZE_SMALL_10_49,val
1411,SECTOR_TECH_SERVICES,SIZE_MICRO_1_9,SECTOR_TECH_SERVICES|SIZE_MICRO_1_9,train
1412,SECTOR_HEALTHCARE_SMALL,SIZE_MICRO_1_9,SECTOR_HEALTHCARE_SMALL|SIZE_MICRO_1_9,train
1413,SECTOR_RETAIL,SIZE_MICRO_1_9,SECTOR_RETAIL|SIZE_MICRO_1_9,train
1414,SECTOR_MANUFACTURING_SMALL,SIZE_SMALL_10_49,SECTOR_MANUFACTURING_SMALL|SIZE_SMALL_10_49,val
1415,SECTOR_PROFESSIONAL_SERVICES,SIZE_SMALL_10_49,SECTOR_PROFESSIONAL_SERVICES|SIZE_SMALL_10_49,train
1416,SECTOR_OTHER,SIZE_MICRO_1_9,SECTOR_OTHER|SIZE_MICRO_1_9,train
1417,SECTOR_HOSPITALITY,SIZE_MICRO_1_9,SECTOR_HOSPITALITY|SIZE_MICRO_1_9,train
1418,SECTOR_OTHER,SIZE_MICRO_1_9,SECTOR_OTHER|SIZE_MICRO_1_9,val
1419,SECTOR_CONSTRUCTION,SIZE_SMALL_10_49,SECTOR_CONSTRUCTION|SIZE_SMALL_10_49,train
1420,SECTOR_RETAIL,SIZE_MICRO_1_9,SECTOR_RETAIL|SIZE_MICRO_1_9,train
1421,SECTOR_TRANSPORT,SIZE_MICRO_1_9,SECTOR_TRANSPORT|SIZE_MICRO_1_9,val
1422,SECTOR_CONSTRUCTION,SIZE_MICRO_1_9,SECTOR_CONSTRUCTION|SIZE_MICRO_1_9,train
1423,SECTOR_HEALTHCARE_SMALL,SIZE_MICRO_1_9,SECTOR_HEALTHCARE_SMALL|SIZE_MICRO_1_9,train
1424,SECTOR_HOSPITALITY,SIZE_MEDIUM_50_249,SECTOR_HOSPITALITY|SIZE_MEDIUM_50_249,train
1425,SECTOR_OTHER,SIZE_MICRO_1_9,SECTOR_OTHER|SIZE_MICRO_1_9,val
1426,SECTOR_CONSTRUCTION,SIZE_SMALL_10_49,SECTOR_CONSTRUCTION|SIZE_SMALL_10_49,test
1427,SECTOR_PROFESSIONAL_SERVICES,SIZE_SMALL_10_49,SECTOR_PROFESSIONAL_SERVICES|SIZE_SMALL_10_49,val
1428,SECTOR_MANUFACTURING_SMALL,SIZE_SMALL_10_49,SECTOR_MANUFACTURING_SMALL|SIZE_SMALL_10_49,train
1429,SECTOR_MANUFACTURING_SMALL,SIZE_SMALL_10_49,SECTOR_MANUFACTURING_SMALL|SIZE_SMALL_10_49,test
1430,SECTOR_MANUFACTURING_SMALL,SIZE_SMALL_10_49,SECTOR_MANUFACTURING_SMALL|SIZE_SMALL_10_49,train
1431,SECTOR_HOSPITALITY,SIZE_MEDIUM_50_249,SECTOR_HOSPITALITY|SIZE_MEDIUM_50_249,train
1432,SECTOR_CONSTRUCTION,SIZE_MICRO_1_9,SECTOR_CONSTRUCTION|SIZE_MICRO_1_9,train
1433,SECTOR_CONSTRUCTION,SIZE_MICRO_1_9,SECTOR_CONSTRUCTION|SIZE_MICRO_1_9,train
1434,SECTOR_PROFESSIONAL_SERVICES,SIZE_MICRO_1_9,SECTOR_PROFESSIONAL_SERVICES|SIZE_MICRO_1_9,train
1435,SECTOR_TECH_SERVICES,SIZE_MICRO_1_9,SECTOR_TECH_SERVICES|SIZE_MICRO_1_9,train
1436,SECTOR_CONSTRUCTION,SIZE_MICRO_1_9,SECTOR_CONSTRUCTION|SIZE_MICRO_1_9,train
1437,SECTOR_HEALTHCARE_SMALL,SIZE_MICRO_1_9,SECTOR_HEALTHCARE_SMALL|SIZE_MICRO_1_9,train
1438,SECTOR_PROFESSIONAL_SERVICES,SIZE_MEDIUM_50_249,SECTOR_PROFESSIONAL_SERVICES|SIZE_MEDIUM_50_249,train
1439,SECTOR_RETAIL,SIZE_MICRO_1_9,SECTOR_RETAIL|SIZE_MICRO_1_9,train
1440,SECTOR_RETAIL,SIZE_MICRO_1_9,SECTOR_RETAIL|SIZE_MICRO_1_9,train
1441,SECTOR_TECH_SERVICES,SIZE_SMALL_10_49,SECTOR_TECH_SERVICES|SIZE_SMALL_10_49,train
1442,SECTOR_PROFESSIONAL_SERVICES,SIZE_MICRO_1_9,SECTOR_PROFESSIONAL_SERVICES|SIZE_MICRO_1_9,train
1443,SECTOR_HEALTHCARE_SMALL,SIZE_SMALL_10_49,SECTOR_HEALTHCARE_SMALL|SIZE_SMALL_10_49,train
1444,SECTOR_CONSTRUCTION,SIZE_SMALL_10_49,SECTOR_CONSTRUCTION|SIZE_SMALL_10_49,train
1445,SECTOR_PROFESSIONAL_SERVICES,SIZE_MICRO_1_9,SECTOR_PROFESSIONAL_SERVICES|SIZE_MICRO_1_9,val
1446,SECTOR_PROFESSIONAL_SERVICES,SIZE_SMALL_10_49,SECTOR_PROFESSIONAL_SERVICES|SIZE_SMALL_10_49,train
1447,SECTOR_HEALTHCARE_SMALL,SIZE_SMALL_10_49,SECTOR_HEALTHCARE_SMALL|SIZE_SMALL_10_49,train
1448,SECTOR_MANUFACTURING_SMALL,SIZE_MICRO_1_9,SECTOR_MANUFACTURING_SMALL|SIZE_MICRO_1_9,train
1449,SECTOR_CONSTRUCTION,SIZE_MICRO_1_9,SECTOR_CONSTRUCTION|SIZE_MICRO_1_9,train
1450,SECTOR_TECH_SERVICES,SIZE_MICRO_1_9,SECTOR_TECH_SERVICES|SIZE_MICRO_1_9,train
1451,SECTOR_HOSPITALITY,SIZE_MICRO_1_9,SECTOR_HOSPITALITY|SIZE_MICRO_1_9,val
1452,SECTOR_MANUFACTURING_SMALL,SIZE_MICRO_1_9,SECTOR_MANUFACTURING_SMALL|SIZE_MICRO_1_9,val
1453,SECTOR_PROFESSIONAL_SERVICES,SIZE_MEDIUM_50_249,SECTOR_PROFESSIONAL_SERVICES|SIZE_MEDIUM_50_249,train
1454,SECTOR_OTHER,SIZE_SMALL_10_49,SECTOR_OTHER|SIZE_SMALL_10_49,train
1455,SECTOR_PROFESSIONAL_SERVICES,SIZE_MICRO_1_9,SECTOR_PROFESSIONAL_SERVICES|SIZE_MICRO_1_9,train
1456,SECTOR_TECH_SERVICES,SIZE_MICRO_1_9,SECTOR_TECH_SERVICES|SIZE_MICRO_1_9,train
1457,SECTOR_MANUFACTURING_SMALL,SIZE_MICRO_1_9,SECTOR_MANUFACTURING_SMALL|SIZE_MICRO_1_9,train
1458,SECTOR_TRANSPORT,SIZE_SMALL_10_49,SECTOR_TRANSPORT|SIZE_SMALL_10_49,train
1459,SECTOR_RETAIL,SIZE_MICRO_1_9,SECTOR_RETAIL|SIZE_MICRO_1_9,train
1460,SECTOR_TECH_SERVICES,SIZE_MICRO_1_9,SECTOR_TECH_SERVICES|SIZE_MICRO_1_9,train
1461,SECTOR_TECH_SERVICES,SIZE_SMALL_10_49,SECTOR_TECH_SERVICES|SIZE_SMALL_10_49,train
1462,SECTOR_PROFESSIONAL_SERVICES,SIZE_SMALL_10_49,SECTOR_PROFESSIONAL_SERVICES|SIZE_SMALL_10_49,train
1463,SECTOR_MANUFACTURING_SMALL,SIZE_SMALL_10_49,SECTOR_MANUFACTURING_SMALL|SIZE_SMALL_10_49,train
1464,SECTOR_TECH_SERVICES,SIZE_MICRO_1_9,SECTOR_TECH_SERVICES|SIZE_MICRO_1_9,train
1465,SECTOR_HOSPITALITY,SIZE_MEDIUM_50_249,SECTOR_HOSPITALITY|SIZE_MEDIUM_50_249,train
1466,SECTOR_TECH_SERVICES,SIZE_MEDIUM_50_249,SECTOR_TECH_SERVICES|SIZE_MEDIUM_50_249,train
1467,SECTOR_RETAIL,SIZE_MICRO_1_9,SECTOR_RETAIL|SIZE_MICRO_1_9,val
1468,SECTOR_RETAIL,SIZE_SMALL_10_49,SECTOR_RETAIL|SIZE_SMALL_10_49,val
1469,SECTOR_HOSPITALITY,SIZE_MICRO_1_9,SECTOR_HOSPITALITY|SIZE_MICRO_1_9,train
1470,SECTOR_RETAIL,SIZE_SMALL_10_49,SECTOR_RETAIL|SIZE_SMALL_10_49,train
1471,SECTOR_TECH_SERVICES,SIZE_SMALL_10_49,SECTOR_TECH_SERVICES|SIZE_SMALL_10_49,test
1472,SECTOR_RETAIL,SIZE_SMALL_10_49,SECTOR_RETAIL|SIZE_SMALL_10_49,train
1473,SECTOR_RETAIL,SIZE_MICRO_1_9,SECTOR_RETAIL|SIZE_MICRO_1_9,test
1474,SECTOR_TRANSPORT,SIZE_SMALL_10_49,SECTOR_TRANSPORT|SIZE_SMALL_10_49,train
1475,SECTOR_HOSPITALITY,SIZE_MICRO_1_9,SECTOR_HOSPITALITY|SIZE_MICRO_1_9,train
1476,SECTOR_TECH_SERVICES,SIZE_SMALL_10_49,SECTOR_TECH_SERVICES|SIZE_SMALL_10_49,test
1477,SECTOR_MANUFACTURING_SMALL,SIZE_MICRO_1_9,SECTOR_MANUFACTURING_SMALL|SIZE_MICRO_1_9,train
1478,SECTOR_PROFESSIONAL_SERVICES,SIZE_SMALL_10_49,SECTOR_PROFESSIONAL_SERVICES|SIZE_SMALL_10_49,train
1479,SECTOR_MANUFACTURING_SMALL,SIZE_MICRO_1_9,SECTOR_MANUFACTURING_SMALL|SIZE_MICRO_1_9,train
1480,SECTOR_OTHER,SIZE_MICRO_1_9,SECTOR_OTHER|SIZE_MICRO_1_9,test
1481,SECTOR_PROFESSIONAL_SERVICES,SIZE_MICRO_1_9,SECTOR_PROFESSIONAL_SERVICES|SIZE_MICRO_1_9,test
1482,SECTOR_RETAIL,SIZE_MICRO_1_9,SECTOR_RETAIL|SIZE_MICRO_1_9,val
1483,SECTOR_CONSTRUCTION,SIZE_MICRO_1_9,SECTOR_CONSTRUCTION|SIZE_MICRO_1_9,train
1484,SECTOR_HOSPITALITY,SIZE_MEDIUM_50_249,SECTOR_HOSPITALITY|SIZE_MEDIUM_50_249,train
1485,SECTOR_OTHER,SIZE_MICRO_1_9,SECTOR_OTHER|SIZE_MICRO_1_9,train
1486,SECTOR_PROFESSIONAL_SERVICES,SIZE_MICRO_1_9,SECTOR_PROFESSIONAL_SERVICES|SIZE_MICRO_1_9,train
1487,SECTOR_HEALTHCARE_SMALL,SIZE_MICRO_1_9,SECTOR_HEALTHCARE_SMALL|SIZE_MICRO_1_9,test
1488,SECTOR_TECH_SERVICES,SIZE_SMALL_10_49,SECTOR_TECH_SERVICES|SIZE_SMALL_10_49,train
1489,SECTOR_TECH_SERVICES,SIZE_MICRO_1_9,SECTOR_TECH_SERVICES|SIZE_MICRO_1_9,train
1490,SECTOR_CONSTRUCTION,SIZE_SMALL_10_49,SECTOR_CONSTRUCTION|SIZE_SMALL_10_49,test
1491,SECTOR_HOSPITALITY,SIZE_MEDIUM_50_249,SECTOR_HOSPITALITY|SIZE_MEDIUM_50_249,train
1492,SECTOR_TECH_SERVICES,SIZE_MICRO_1_9,SECTOR_TECH_SERVICES|SIZE_MICRO_1_9,train
1493,SECTOR_MANUFACTURING_SMALL,SIZE_SMALL_10_49,SECTOR_MANUFACTURING_SMALL|SIZE_SMALL_10_49,test
1494,SECTOR_HEALTHCARE_SMALL,SIZE_MICRO_1_9,SECTOR_HEALTHCARE_SMALL|SIZE_MICRO_1_9,train
1495,SECTOR_PROFESSIONAL_SERVICES,SIZE_SMALL_10_49,SECTOR_PROFESSIONAL_SERVICES|SIZE_SMALL_10_49,train
1496,SECTOR_TRANSPORT,SIZE_MICRO_1_9,SECTOR_TRANSPORT|SIZE_MICRO_1_9,train
1497,SECTOR_MANUFACTURING_SMALL,SIZE_SMALL_10_49,SECTOR_MANUFACTURING_SMALL|SIZE_SMALL_10_49,train
1498,SECTOR_PROFESSIONAL_SERVICES,SIZE_MICRO_1_9,SECTOR_PROFESSIONAL_SERVICES|SIZE_MICRO_1_9,train
1499,SECTOR_CONSTRUCTION,SIZE_MICRO_1_9,SECTOR_CONSTRUCTION|SIZE_MICRO_1_9,val
1500,SECTOR_PROFESSIONAL_SERVICES,SIZE_SMALL_10_49,SECTOR_PROFESSIONAL_SERVICES|SIZE_SMALL_10_49,test
1501,SECTOR_HEALTHCARE_SMALL,SIZE_MICRO_1_9,SECTOR_HEALTHCARE_SMALL|SIZE_MICRO_1_9,train
1502,SECTOR_HOSPITALITY,SIZE_MICRO_1_9,SECTOR_HOSPITALITY|SIZE_MICRO_1_9,val
1503,SECTOR_RETAIL,SIZE_SMALL_10_49,SECTOR_RETAIL|SIZE_SMALL_10_49,train
1504,SECTOR_TRANSPORT,SIZE_MICRO_1_9,SECTOR_TRANSPORT|SIZE_MICRO_1_9,train
1505,SECTOR_HEALTHCARE_SMALL,SIZE_SMALL_10_49,SECTOR_HEALTHCARE_SMALL|SIZE_SMALL_10_49,train
1506,SECTOR_TECH_SERVICES,SIZE_MEDIUM_50_249,SECTOR_TECH_SERVICES|SIZE_MEDIUM_50_249,train
1507,SECTOR_TECH_SERVICES,SIZE_MICRO_1_9,SECTOR_TECH_SERVICES|SIZE_MICRO_1_9,train
1508,SECTOR_CONSTRUCTION,SIZE_MICRO_1_9,SECTOR_CONSTRUCTION|SIZE_MICRO_1_9,train
1509,SECTOR_TRANSPORT,SIZE_SMALL_10_49,SECTOR_TRANSPORT|SIZE_SMALL_10_49,train
1510,SECTOR_HEALTHCARE_SMALL,SIZE_MICRO_1_9,SECTOR_HEALTHCARE_SMALL|SIZE_MICRO_1_9,val
1511,SECTOR_HEALTHCARE_SMALL,SIZE_MICRO_1_9,SECTOR_HEALTHCARE_SMALL|SIZE_MICRO_1_9,train
1512,SECTOR_MANUFACTURING_SMALL,SIZE_MICRO_1_9,SECTOR_MANUFACTURING_SMALL|SIZE_MICRO_1_9,train
1513,SECTOR_PROFESSIONAL_SERVICES,SIZE_SMALL_10_49,SECTOR_PROFESSIONAL_SERVICES|SIZE_SMALL_10_49,train
1514,SECTOR_MANUFACTURING_SMALL,SIZE_MICRO_1_9,SECTOR_MANUFACTURING_SMALL|SIZE_MICRO_1_9,train
1515,SECTOR_OTHER,SIZE_MICRO_1_9,SECTOR_OTHER|SIZE_MICRO_1_9,train
1516,SECTOR_RETAIL,SIZE_MICRO_1_9,SECTOR_RETAIL|SIZE_MICRO_1_9,train
1517,SECTOR_OTHER,SIZE_MICRO_1_9,SECTOR_OTHER|SIZE_MICRO_1_9,train
1518,SECTOR_PROFESSIONAL_SERVICES,SIZE_MICRO_1_9,SECTOR_PROFESSIONAL_SERVICES|SIZE_MICRO_1_9,train
1519,SECTOR_TECH_SERVICES,SIZE_MICRO_1_9,SECTOR_TECH_SERVICES|SIZE_MICRO_1_9,train
1520,SECTOR_CONSTRUCTION,SIZE_SMALL_10_49,SECTOR_CONSTRUCTION|SIZE_SMALL_10_49,train
1521,SECTOR_HOSPITALITY,SIZE_SMALL_10_49,SECTOR_HOSPITALITY|SIZE_SMALL_10_49,train
1522,SECTOR_RETAIL,SIZE_MICRO_1_9,SECTOR_RETAIL|SIZE_MICRO_1_9,train
1523,SECTOR_TECH_SERVICES,SIZE_SMALL_10_49,SECTOR_TECH_SERVICES|SIZE_SMALL_10_49,train
1524,SECTOR_PROFESSIONAL_SERVICES,SIZE_MICRO_1_9,SECTOR_PROFESSIONAL_SERVICES|SIZE_MICRO_1_9,test
1525,SECTOR_RETAIL,SIZE_SMALL_10_49,SECTOR_RETAIL|SIZE_SMALL_10_49,train
1526,SECTOR_OTHER,SIZE_SMALL_10_49,SECTOR_OTHER|SIZE_SMALL_10_49,train
1527,SECTOR_OTHER,SIZE_SMALL_10_49,SECTOR_OTHER|SIZE_SMALL_10_49,train
1528,SECTOR_TECH_SERVICES,SIZE_MICRO_1_9,SECTOR_TECH_SERVICES|SIZE_MICRO_1_9,train
1529,SECTOR_TECH_SERVICES,SIZE_SMALL_10_49,SECTOR_TECH_SERVICES|SIZE_SMALL_10_49,train
1530,SECTOR_OTHER,SIZE_SMALL_10_49,SECTOR_OTHER|SIZE_SMALL_10_49,val
1531,SECTOR_OTHER,SIZE_SMALL_10_49,SECTOR_OTHER|SIZE_SMALL_10_49,val
1532,SECTOR_TRANSPORT,SIZE_SMALL_10_49,SECTOR_TRANSPORT|SIZE_SMALL_10_49,train
1533,SECTOR_TRANSPORT,SIZE_SMALL_10_49,SECTOR_TRANSPORT|SIZE_SMALL_10_49,train
1534,SECTOR_PROFESSIONAL_SERVICES,SIZE_SMALL_10_49,SECTOR_PROFESSIONAL_SERVICES|SIZE_SMALL_10_49,val
1535,SECTOR_HOSPITALITY,SIZE_MICRO_1_9,SECTOR_HOSPITALITY|SIZE_MICRO_1_9,train
1536,SECTOR_OTHER,SIZE_SMALL_10_49,SECTOR_OTHER|SIZE_SMALL_10_49,train
1537,SECTOR_MANUFACTURING_SMALL,SIZE_SMALL_10_49,SECTOR_MANUFACTURING_SMALL|SIZE_SMALL_10_49,train
1538,SECTOR_PROFESSIONAL_SERVICES,SIZE_SMALL_10_49,SECTOR_PROFESSIONAL_SERVICES|SIZE_SMALL_10_49,train
1539,SECTOR_CONSTRUCTION,SIZE_SMALL_10_49,SECTOR_CONSTRUCTION|SIZE_SMALL_10_49,train
1540,SECTOR_HOSPITALITY,SIZE_MICRO_1_9,SECTOR_HOSPITALITY|SIZE_MICRO_1_9,val
1541,SECTOR_OTHER,SIZE_SMALL_10_49,SECTOR_OTHER|SIZE_SMALL_10_49,train
1542,SECTOR_HEALTHCARE_SMALL,SIZE_SMALL_10_49,SECTOR_HEALTHCARE_SMALL|SIZE_SMALL_10_49,train
1543,SECTOR_TECH_SERVICES,SIZE_SMALL_10_49,SECTOR_TECH_SERVICES|SIZE_SMALL_10_49,train
1544,SECTOR_TRANSPORT,SIZE_SMALL_10_49,SECTOR_TRANSPORT|SIZE_SMALL_10_49,val
1545,SECTOR_MANUFACTURING_SMALL,SIZE_SMALL_10_49,SECTOR_MANUFACTURING_SMALL|SIZE_SMALL_10_49,val
1546,SECTOR_TRANSPORT,SIZE_SMALL_10_49,SECTOR_TRANSPORT|SIZE_SMALL_10_49,val
1547,SECTOR_HEALTHCARE_SMALL,SIZE_MICRO_1_9,SECTOR_HEALTHCARE_SMALL|SIZE_MICRO_1_9,val
1548,SECTOR_PROFESSIONAL_SERVICES,SIZE_SMALL_10_49,SECTOR_PROFESSIONAL_SERVICES|SIZE_SMALL_10_49,train
1549,SECTOR_TRANSPORT,SIZE_MICRO_1_9,SECTOR_TRANSPORT|SIZE_MICRO_1_9,test
1550,SECTOR_OTHER,SIZE_MICRO_1_9,SECTOR_OTHER|SIZE_MICRO_1_9,train
1551,SECTOR_CONSTRUCTION,SIZE_MICRO_1_9,SECTOR_CONSTRUCTION|SIZE_MICRO_1_9,val
1552,SECTOR_CONSTRUCTION,SIZE_MICRO_1_9,SECTOR_CONSTRUCTION|SIZE_MICRO_1_9,train
1553,SECTOR_TRANSPORT,SIZE_MEDIUM_50_249,SECTOR_TRANSPORT|SIZE_MEDIUM_50_249,train
1554,SECTOR_HOSPITALITY,SIZE_MICRO_1_9,SECTOR_HOSPITALITY|SIZE_MICRO_1_9,train
1555,SECTOR_RETAIL,SIZE_SMALL_10_49,SECTOR_RETAIL|SIZE_SMALL_10_49,train
1556,SECTOR_TRANSPORT,SIZE_MEDIUM_50_249,SECTOR_TRANSPORT|SIZE_MEDIUM_50_249,train
1557,SECTOR_RETAIL,SIZE_MICRO_1_9,SECTOR_RETAIL|SIZE_MICRO_1_9,train
1558,SECTOR_HOSPITALITY,SIZE_SMALL_10_49,SECTOR_HOSPITALITY|SIZE_SMALL_10_49,train
1559,SECTOR_HEALTHCARE_SMALL,SIZE_MICRO_1_9,SECTOR_HEALTHCARE_SMALL|SIZE_MICRO_1_9,test
1560,SECTOR_HOSPITALITY,SIZE_SMALL_10_49,SECTOR_HOSPITALITY|SIZE_SMALL_10_49,train
1561,SECTOR_PROFESSIONAL_SERVICES,SIZE_MICRO_1_9,SECTOR_PROFESSIONAL_SERVICES|SIZE_MICRO_1_9,train
1562,SECTOR_CONSTRUCTION,SIZE_MEDIUM_50_249,SECTOR_CONSTRUCTION|SIZE_MEDIUM_50_249,val
1563,SECTOR_PROFESSIONAL_SERVICES,SIZE_MEDIUM_50_249,SECTOR_PROFESSIONAL_SERVICES|SIZE_MEDIUM_50_249,test
1564,SECTOR_TRANSPORT,SIZE_MICRO_1_9,SECTOR_TRANSPORT|SIZE_MICRO_1_9,train
1565,SECTOR_HOSPITALITY,SIZE_MEDIUM_50_249,SECTOR_HOSPITALITY|SIZE_MEDIUM_50_249,val
1566,SECTOR_MANUFACTURING_SMALL,SIZE_SMALL_10_49,SECTOR_MANUFACTURING_SMALL|SIZE_SMALL_10_49,train
1567,SECTOR_HOSPITALITY,SIZE_SMALL_10_49,SECTOR_HOSPITALITY|SIZE_SMALL_10_49,train
1568,SECTOR_RETAIL,SIZE_SMALL_10_49,SECTOR_RETAIL|SIZE_SMALL_10_49,train
1569,SECTOR_HOSPITALITY,SIZE_MICRO_1_9,SECTOR_HOSPITALITY|SIZE_MICRO_1_9,train
1570,SECTOR_CONSTRUCTION,SIZE_MICRO_1_9,SECTOR_CONSTRUCTION|SIZE_MICRO_1_9,train
1571,SECTOR_RETAIL,SIZE_SMALL_10_49,SECTOR_RETAIL|SIZE_SMALL_10_49,train
1572,SECTOR_MANUFACTURING_SMALL,SIZE_MICRO_1_9,SECTOR_MANUFACTURING_SMALL|SIZE_MICRO_1_9,train
1573,SECTOR_RETAIL,SIZE_MICRO_1_9,SECTOR_RETAIL|SIZE_MICRO_1_9,val
1574,SECTOR_HEALTHCARE_SMALL,SIZE_MICRO_1_9,SECTOR_HEALTHCARE_SMALL|SIZE_MICRO_1_9,train
1575,SECTOR_RETAIL,SIZE_MICRO_1_9,SECTOR_RETAIL|SIZE_MICRO_1_9,train
1576,SECTOR_PROFESSIONAL_SERVICES,SIZE_SMALL_10_49,SECTOR_PROFESSIONAL_SERVICES|SIZE_SMALL_10_49,train
1577,SECTOR_OTHER,SIZE_SMALL_10_49,SECTOR_OTHER|SIZE_SMALL_10_49,train
1578,SECTOR_PROFESSIONAL_SERVICES,SIZE_MICRO_1_9,SECTOR_PROFESSIONAL_SERVICES|SIZE_MICRO_1_9,train
1579,SECTOR_RETAIL,SIZE_MICRO_1_9,SECTOR_RETAIL|SIZE_MICRO_1_9,train
1580,SECTOR_HOSPITALITY,SIZE_MICRO_1_9,SECTOR_HOSPITALITY|SIZE_MICRO_1_9,train
1581,SECTOR_HOSPITALITY,SIZE_MICRO_1_9,SECTOR_HOSPITALITY|SIZE_MICRO_1_9,train
1582,SECTOR_PROFESSIONAL_SERVICES,SIZE_MEDIUM_50_249,SECTOR_PROFESSIONAL_SERVICES|SIZE_MEDIUM_50_249,test
1583,SECTOR_RETAIL,SIZE_MICRO_1_9,SECTOR_RETAIL|SIZE_MICRO_1_9,train
1584,SECTOR_RETAIL,SIZE_SMALL_10_49,SECTOR_RETAIL|SIZE_SMALL_10_49,train
1585,SECTOR_RETAIL,SIZE_MICRO_1_9,SECTOR_RETAIL|SIZE_MICRO_1_9,train
1586,SECTOR_PROFESSIONAL_SERVICES,SIZE_SMALL_10_49,SECTOR_PROFESSIONAL_SERVICES|SIZE_SMALL_10_49,train
1587,SECTOR_CONSTRUCTION,SIZE_MICRO_1_9,SECTOR_CONSTRUCTION|SIZE_MICRO_1_9,val
1588,SECTOR_RETAIL,SIZE_MICRO_1_9,SECTOR_RETAIL|SIZE_MICRO_1_9,train
1589,SECTOR_TECH_SERVICES,SIZE_SMALL_10_49,SECTOR_TECH_SERVICES|SIZE_SMALL_10_49,train
1590,SECTOR_RETAIL,SIZE_SMALL_10_49,SECTOR_RETAIL|SIZE_SMALL_10_49,train
1591,SECTOR_TECH_SERVICES,SIZE_SMALL_10_49,SECTOR_TECH_SERVICES|SIZE_SMALL_10_49,train
1592,SECTOR_RETAIL,SIZE_MICRO_1_9,SECTOR_RETAIL|SIZE_MICRO_1_9,train
1593,SECTOR_HOSPITALITY,SIZE_MICRO_1_9,SECTOR_HOSPITALITY|SIZE_MICRO_1_9,train
1594,SECTOR_HOSPITALITY,SIZE_MICRO_1_9,SECTOR_HOSPITALITY|SIZE_MICRO_1_9,val
1595,SECTOR_RETAIL,SIZE_SMALL_10_49,SECTOR_RETAIL|SIZE_SMALL_10_49,test
1596,SECTOR_RETAIL,SIZE_SMALL_10_49,SECTOR_RETAIL|SIZE_SMALL_10_49,train
1597,SECTOR_TRANSPORT,SIZE_MICRO_1_9,SECTOR_TRANSPORT|SIZE_MICRO_1_9,train
1598,SECTOR_PROFESSIONAL_SERVICES,SIZE_MICRO_1_9,SECTOR_PROFESSIONAL_SERVICES|SIZE_MICRO_1_9,train
1599,SECTOR_PROFESSIONAL_SERVICES,SIZE_MICRO_1_9,SECTOR_PROFESSIONAL_SERVICES|SIZE_MICRO_1_9,train
1600,SECTOR_PROFESSIONAL_SERVICES,SIZE_SMALL_10_49,SECTOR_PROFESSIONAL_SERVICES|SIZE_SMALL_10_49,train
1601,SECTOR_CONSTRUCTION,SIZE_MEDIUM_50_249,SECTOR_CONSTRUCTION|SIZE_MEDIUM_50_249,train
1602,SECTOR_HEALTHCARE_SMALL,SIZE_MICRO_1_9,SECTOR_HEALTHCARE_SMALL|SIZE_MICRO_1_9,train
1603,SECTOR_CONSTRUCTION,SIZE_MICRO_1_9,SECTOR_CONSTRUCTION|SIZE_MICRO_1_9,train
1604,SECTOR_OTHER,SIZE_MICRO_1_9,SECTOR_OTHER|SIZE_MICRO_1_9,train
1605,SECTOR_TECH_SERVICES,SIZE_SMALL_10_49,SECTOR_TECH_SERVICES|SIZE_SMALL_10_49,train
1606,SECTOR_TRANSPORT,SIZE_SMALL_10_49,SECTOR_TRANSPORT|SIZE_SMALL_10_49,train
1607,SECTOR_RETAIL,SIZE_MICRO_1_9,SECTOR_RETAIL|SIZE_MICRO_1_9,train
1608,SECTOR_TECH_SERVICES,SIZE_SMALL_10_49,SECTOR_TECH_SERVICES|SIZE_SMALL_10_49,val
1609,SECTOR_HEALTHCARE_SMALL,SIZE_MICRO_1_9,SECTOR_HEALTHCARE_SMALL|SIZE_MICRO_1_9,train
1610,SECTOR_PROFESSIONAL_SERVICES,SIZE_SMALL_10_49,SECTOR_PROFESSIONAL_SERVICES|SIZE_SMALL_10_49,test
1611,SECTOR_RETAIL,SIZE_SMALL_10_49,SECTOR_RETAIL|SIZE_SMALL_10_49,train
1612,SECTOR_OTHER,SIZE_MICRO_1_9,SECTOR_OTHER|SIZE_MICRO_1_9,train
1613,SECTOR_MANUFACTURING_SMALL,SIZE_SMALL_10_49,SECTOR_MANUFACTURING_SMALL|SIZE_SMALL_10_49,train
1614,SECTOR_TRANSPORT,SIZE_SMALL_10_49,SECTOR_TRANSPORT|SIZE_SMALL_10_49,train
1615,SECTOR_HOSPITALITY,SIZE_MICRO_1_9,SECTOR_HOSPITALITY|SIZE_MICRO_1_9,train
1616,SECTOR_CONSTRUCTION,SIZE_MICRO_1_9,SECTOR_CONSTRUCTION|SIZE_MICRO_1_9,val
1617,SECTOR_HEALTHCARE_SMALL,SIZE_SMALL_10_49,SECTOR_HEALTHCARE_SMALL|SIZE_SMALL_10_49,train
1618,SECTOR_CONSTRUCTION,SIZE_SMALL_10_49,SECTOR_CONSTRUCTION|SIZE_SMALL_10_49,train
1619,SECTOR_MANUFACTURING_SMALL,SIZE_MICRO_1_9,SECTOR_MANUFACTURING_SMALL|SIZE_MICRO_1_9,train
1620,SECTOR_HEALTHCARE_SMALL,SIZE_MICRO_1_9,SECTOR_HEALTHCARE_SMALL|SIZE_MICRO_1_9,train
1621,SECTOR_CONSTRUCTION,SIZE_MICRO_1_9,SECTOR_CONSTRUCTION|SIZE_MICRO_1_9,train
1622,SECTOR_OTHER,SIZE_MICRO_1_9,SECTOR_OTHER|SIZE_MICRO_1_9,val
1623,SECTOR_TECH_SERVICES,SIZE_SMALL_10_49,SECTOR_TECH_SERVICES|SIZE_SMALL_10_49,test
1624,SECTOR_TRANSPORT,SIZE_MICRO_1_9,SECTOR_TRANSPORT|SIZE_MICRO_1_9,train
1625,SECTOR_OTHER,SIZE_MICRO_1_9,SECTOR_OTHER|SIZE_MICRO_1_9,val
1626,SECTOR_HEALTHCARE_SMALL,SIZE_MICRO_1_9,SECTOR_HEALTHCARE_SMALL|SIZE_MICRO_1_9,train
1627,SECTOR_CONSTRUCTION,SIZE_MICRO_1_9,SECTOR_CONSTRUCTION|SIZE_MICRO_1_9,train
1628,SECTOR_HOSPITALITY,SIZE_SMALL_10_49,SECTOR_HOSPITALITY|SIZE_SMALL_10_49,train
1629,SECTOR_PROFESSIONAL_SERVICES,SIZE_SMALL_10_49,SECTOR_PROFESSIONAL_SERVICES|SIZE_SMALL_10_49,train
1630,SECTOR_PROFESSIONAL_SERVICES,SIZE_MICRO_1_9,SECTOR_PROFESSIONAL_SERVICES|SIZE_MICRO_1_9,train
1631,SECTOR_RETAIL,SIZE_MICRO_1_9,SECTOR_RETAIL|SIZE_MICRO_1_9,train
1632,SECTOR_MANUFACTURING_SMALL,SIZE_MICRO_1_9,SECTOR_MANUFACTURING_SMALL|SIZE_MICRO_1_9,train
1633,SECTOR_HOSPITALITY,SIZE_MICRO_1_9,SECTOR_HOSPITALITY|SIZE_MICRO_1_9,train
1634,SECTOR_RETAIL,SIZE_MEDIUM_50_249,SECTOR_RETAIL|SIZE_MEDIUM_50_249,train
1635,SECTOR_HOSPITALITY,SIZE_MEDIUM_50_249,SECTOR_HOSPITALITY|SIZE_MEDIUM_50_249,train
1636,SECTOR_TRANSPORT,SIZE_MICRO_1_9,SECTOR_TRANSPORT|SIZE_MICRO_1_9,test
1637,SECTOR_TRANSPORT,SIZE_MICRO_1_9,SECTOR_TRANSPORT|SIZE_MICRO_1_9,train
1638,SECTOR_RETAIL,SIZE_SMALL_10_49,SECTOR_RETAIL|SIZE_SMALL_10_49,train
1639,SECTOR_HEALTHCARE_SMALL,SIZE_MICRO_1_9,SECTOR_HEALTHCARE_SMALL|SIZE_MICRO_1_9,train
1640,SECTOR_RETAIL,SIZE_SMALL_10_49,SECTOR_RETAIL|SIZE_SMALL_10_49,val
1641,SECTOR_HOSPITALITY,SIZE_SMALL_10_49,SECTOR_HOSPITALITY|SIZE_SMALL_10_49,train
1642,SECTOR_TRANSPORT,SIZE_SMALL_10_49,SECTOR_TRANSPORT|SIZE_SMALL_10_49,train
1643,SECTOR_CONSTRUCTION,SIZE_MEDIUM_50_249,SECTOR_CONSTRUCTION|SIZE_MEDIUM_50_249,train
1644,SECTOR_CONSTRUCTION,SIZE_SMALL_10_49,SECTOR_CONSTRUCTION|SIZE_SMALL_10_49,train
1645,SECTOR_CONSTRUCTION,SIZE_MICRO_1_9,SECTOR_CONSTRUCTION|SIZE_MICRO_1_9,train
1646,SECTOR_TRANSPORT,SIZE_MICRO_1_9,SECTOR_TRANSPORT|SIZE_MICRO_1_9,test
1647,SECTOR_MANUFACTURING_SMALL,SIZE_MICRO_1_9,SECTOR_MANUFACTURING_SMALL|SIZE_MICRO_1_9,train
1648,SECTOR_CONSTRUCTION,SIZE_MICRO_1_9,SECTOR_CONSTRUCTION|SIZE_MICRO_1_9,train
1649,SECTOR_TECH_SERVICES,SIZE_MEDIUM_50_249,SECTOR_TECH_SERVICES|SIZE_MEDIUM_50_249,train
1650,SECTOR_CONSTRUCTION,SIZE_MICRO_1_9,SECTOR_CONSTRUCTION|SIZE_MICRO_1_9,train
1651,SECTOR_TRANSPORT,SIZE_SMALL_10_49,SECTOR_TRANSPORT|SIZE_SMALL_10_49,train
1652,SECTOR_TRANSPORT,SIZE_SMALL_10_49,SECTOR_TRANSPORT|SIZE_SMALL_10_49,train
1653,SECTOR_TECH_SERVICES,SIZE_MEDIUM_50_249,SECTOR_TECH_SERVICES|SIZE_MEDIUM_50_249,train
1654,SECTOR_TRANSPORT,SIZE_SMALL_10_49,SECTOR_TRANSPORT|SIZE_SMALL_10_49,train
1655,SECTOR_PROFESSIONAL_SERVICES,SIZE_SMALL_10_49,SECTOR_PROFESSIONAL_SERVICES|SIZE_SMALL_10_49,train
1656,SECTOR_PROFESSIONAL_SERVICES,SIZE_MICRO_1_9,SECTOR_PROFESSIONAL_SERVICES|SIZE_MICRO_1_9,train
1657,SECTOR_HOSPITALITY,SIZE_SMALL_10_49,SECTOR_HOSPITALITY|SIZE_SMALL_10_49,test
1658,SECTOR_MANUFACTURING_SMALL,SIZE_MICRO_1_9,SECTOR_MANUFACTURING_SMALL|SIZE_MICRO_1_9,train
1659,SECTOR_PROFESSIONAL_SERVICES,SIZE_MICRO_1_9,SECTOR_PROFESSIONAL_SERVICES|SIZE_MICRO_1_9,test
1660,SECTOR_TECH_SERVICES,SIZE_MEDIUM_50_249,SECTOR_TECH_SERVICES|SIZE_MEDIUM_50_249,val
1661,SECTOR_RETAIL,SIZE_SMALL_10_49,SECTOR_RETAIL|SIZE_SMALL_10_49,train
1662,SECTOR_RETAIL,SIZE_MICRO_1_9,SECTOR_RETAIL|SIZE_MICRO_1_9,train
1663,SECTOR_MANUFACTURING_SMALL,SIZE_MICRO_1_9,SECTOR_MANUFACTURING_SMALL|SIZE_MICRO_1_9,train
1664,SECTOR_HEALTHCARE_SMALL,SIZE_SMALL_10_49,SECTOR_HEALTHCARE_SMALL|SIZE_SMALL_10_49,val
1665,SECTOR_HEALTHCARE_SMALL,SIZE_SMALL_10_49,SECTOR_HEALTHCARE_SMALL|SIZE_SMALL_10_49,train
1666,SECTOR_PROFESSIONAL_SERVICES,SIZE_MICRO_1_9,SECTOR_PROFESSIONAL_SERVICES|SIZE_MICRO_1_9,train
1667,SECTOR_HOSPITALITY,SIZE_SMALL_10_49,SECTOR_HOSPITALITY|SIZE_SMALL_10_49,train
1668,SECTOR_CONSTRUCTION,SIZE_SMALL_10_49,SECTOR_CONSTRUCTION|SIZE_SMALL_10_49,train
1669,SECTOR_PROFESSIONAL_SERVICES,SIZE_SMALL_10_49,SECTOR_PROFESSIONAL_SERVICES|SIZE_SMALL_10_49,train
1670,SECTOR_TRANSPORT,SIZE_SMALL_10_49,SECTOR_TRANSPORT|SIZE_SMALL_10_49,train
1671,SECTOR_TRANSPORT,SIZE_SMALL_10_49,SECTOR_TRANSPORT|SIZE_SMALL_10_49,val
1672,SECTOR_MANUFACTURING_SMALL,SIZE_SMALL_10_49,SECTOR_MANUFACTURING_SMALL|SIZE_SMALL_10_49,train
1673,SECTOR_HOSPITALITY,SIZE_SMALL_10_49,SECTOR_HOSPITALITY|SIZE_SMALL_10_49,train
1674,SECTOR_PROFESSIONAL_SERVICES,SIZE_SMALL_10_49,SECTOR_PROFESSIONAL_SERVICES|SIZE_SMALL_10_49,train
1675,SECTOR_PROFESSIONAL_SERVICES,SIZE_SMALL_10_49,SECTOR_PROFESSIONAL_SERVICES|SIZE_SMALL_10_49,val
1676,SECTOR_MANUFACTURING_SMALL,SIZE_SMALL_10_49,SECTOR_MANUFACTURING_SMALL|SIZE_SMALL_10_49,train
1677,SECTOR_TRANSPORT,SIZE_SMALL_10_49,SECTOR_TRANSPORT|SIZE_SMALL_10_49,train
1678,SECTOR_RETAIL,SIZE_MICRO_1_9,SECTOR_RETAIL|SIZE_MICRO_1_9,train
1679,SECTOR_HOSPITALITY,SIZE_SMALL_10_49,SECTOR_HOSPITALITY|SIZE_SMALL_10_49,train
1680,SECTOR_CONSTRUCTION,SIZE_SMALL_10_49,SECTOR_CONSTRUCTION|SIZE_SMALL_10_49,train
1681,SECTOR_TRANSPORT,SIZE_MICRO_1_9,SECTOR_TRANSPORT|SIZE_MICRO_1_9,train
1682,SECTOR_MANUFACTURING_SMALL,SIZE_SMALL_10_49,SECTOR_MANUFACTURING_SMALL|SIZE_SMALL_10_49,train
1683,SECTOR_HEALTHCARE_SMALL,SIZE_MEDIUM_50_249,SECTOR_HEALTHCARE_SMALL|SIZE_MEDIUM_50_249,val
1684,SECTOR_MANUFACTURING_SMALL,SIZE_MICRO_1_9,SECTOR_MANUFACTURING_SMALL|SIZE_MICRO_1_9,train
1685,SECTOR_PROFESSIONAL_SERVICES,SIZE_MEDIUM_50_249,SECTOR_PROFESSIONAL_SERVICES|SIZE_MEDIUM_50_249,test
1686,SECTOR_CONSTRUCTION,SIZE_SMALL_10_49,SECTOR_CONSTRUCTION|SIZE_SMALL_10_49,train
1687,SECTOR_HEALTHCARE_SMALL,SIZE_MICRO_1_9,SECTOR_HEALTHCARE_SMALL|SIZE_MICRO_1_9,train
1688,SECTOR_OTHER,SIZE_MICRO_1_9,SECTOR_OTHER|SIZE_MICRO_1_9,train
1689,SECTOR_PROFESSIONAL_SERVICES,SIZE_SMALL_10_49,SECTOR_PROFESSIONAL_SERVICES|SIZE_SMALL_10_49,test
1690,SECTOR_PROFESSIONAL_SERVICES,SIZE_SMALL_10_49,SECTOR_PROFESSIONAL_SERVICES|SIZE_SMALL_10_49,train
1691,SECTOR_MANUFACTURING_SMALL,SIZE_SMALL_10_49,SECTOR_MANUFACTURING_SMALL|SIZE_SMALL_10_49,train
1692,SECTOR_MANUFACTURING_SMALL,SIZE_MEDIUM_50_249,SECTOR_MANUFACTURING_SMALL|SIZE_MEDIUM_50_249,train
1693,SECTOR_TECH_SERVICES,SIZE_MICRO_1_9,SECTOR_TECH_SERVICES|SIZE_MICRO_1_9,train
1694,SECTOR_OTHER,SIZE_SMALL_10_49,SECTOR_OTHER|SIZE_SMALL_10_49,train
1695,SECTOR_MANUFACTURING_SMALL,SIZE_MICRO_1_9,SECTOR_MANUFACTURING_SMALL|SIZE_MICRO_1_9,test
1696,SECTOR_OTHER,SIZE_SMALL_10_49,SECTOR_OTHER|SIZE_SMALL_10_49,test
1697,SECTOR_HOSPITALITY,SIZE_SMALL_10_49,SECTOR_HOSPITALITY|SIZE_SMALL_10_49,val
1698,SECTOR_OTHER,SIZE_SMALL_10_49,SECTOR_OTHER|SIZE_SMALL_10_49,train
1699,SECTOR_HOSPITALITY,SIZE_MEDIUM_50_249,SECTOR_HOSPITALITY|SIZE_MEDIUM_50_249,train
1700,SECTOR_RETAIL,SIZE_SMALL_10_49,SECTOR_RETAIL|SIZE_SMALL_10_49,train
1701,SECTOR_HEALTHCARE_SMALL,SIZE_MICRO_1_9,SECTOR_HEALTHCARE_SMALL|SIZE_MICRO_1_9,train
1702,SECTOR_HOSPITALITY,SIZE_SMALL_10_49,SECTOR_HOSPITALITY|SIZE_SMALL_10_49,train
1703,SECTOR_HOSPITALITY,SIZE_SMALL_10_49,SECTOR_HOSPITALITY|SIZE_SMALL_10_49,train
1704,SECTOR_TECH_SERVICES,SIZE_MICRO_1_9,SECTOR_TECH_SERVICES|SIZE_MICRO_1_9,val
1705,SECTOR_HOSPITALITY,SIZE_MICRO_1_9,SECTOR_HOSPITALITY|SIZE_MICRO_1_9,train
1706,SECTOR_MANUFACTURING_SMALL,SIZE_MEDIUM_50_249,SECTOR_MANUFACTURING_SMALL|SIZE_MEDIUM_50_249,train
1707,SECTOR_HOSPITALITY,SIZE_MICRO_1_9,SECTOR_HOSPITALITY|SIZE_MICRO_1_9,train
1708,SECTOR_HEALTHCARE_SMALL,SIZE_MICRO_1_9,SECTOR_HEALTHCARE_SMALL|SIZE_MICRO_1_9,train
1709,SECTOR_MANUFACTURING_SMALL,SIZE_SMALL_10_49,SECTOR_MANUFACTURING_SMALL|SIZE_SMALL_10_49,train
1710,SECTOR_HOSPITALITY,SIZE_MICRO_1_9,SECTOR_HOSPITALITY|SIZE_MICRO_1_9,train
1711,SECTOR_HEALTHCARE_SMALL,SIZE_SMALL_10_49,SECTOR_HEALTHCARE_SMALL|SIZE_SMALL_10_49,train
1712,SECTOR_TECH_SERVICES,SIZE_MICRO_1_9,SECTOR_TECH_SERVICES|SIZE_MICRO_1_9,train
1713,SECTOR_OTHER,SIZE_SMALL_10_49,SECTOR_OTHER|SIZE_SMALL_10_49,train
1714,SECTOR_MANUFACTURING_SMALL,SIZE_MICRO_1_9,SECTOR_MANUFACTURING_SMALL|SIZE_MICRO_1_9,val
1715,SECTOR_CONSTRUCTION,SIZE_SMALL_10_49,SECTOR_CONSTRUCTION|SIZE_SMALL_10_49,train
1716,SECTOR_HEALTHCARE_SMALL,SIZE_MICRO_1_9,SECTOR_HEALTHCARE_SMALL|SIZE_MICRO_1_9,train
1717,SECTOR_MANUFACTURING_SMALL,SIZE_SMALL_10_49,SECTOR_MANUFACTURING_SMALL|SIZE_SMALL_10_49,train
1718,SECTOR_CONSTRUCTION,SIZE_MICRO_1_9,SECTOR_CONSTRUCTION|SIZE_MICRO_1_9,train
1719,SECTOR_PROFESSIONAL_SERVICES,SIZE_MICRO_1_9,SECTOR_PROFESSIONAL_SERVICES|SIZE_MICRO_1_9,val
1720,SECTOR_OTHER,SIZE_MICRO_1_9,SECTOR_OTHER|SIZE_MICRO_1_9,train
1721,SECTOR_TECH_SERVICES,SIZE_MICRO_1_9,SECTOR_TECH_SERVICES|SIZE_MICRO_1_9,test
1722,SECTOR_HEALTHCARE_SMALL,SIZE_MICRO_1_9,SECTOR_HEALTHCARE_SMALL|SIZE_MICRO_1_9,train
1723,SECTOR_HOSPITALITY,SIZE_SMALL_10_49,SECTOR_HOSPITALITY|SIZE_SMALL_10_49,train
1724,SECTOR_CONSTRUCTION,SIZE_MICRO_1_9,SECTOR_CONSTRUCTION|SIZE_MICRO_1_9,train
1725,SECTOR_PROFESSIONAL_SERVICES,SIZE_SMALL_10_49,SECTOR_PROFESSIONAL_SERVICES|SIZE_SMALL_10_49,train
1726,SECTOR_PROFESSIONAL_SERVICES,SIZE_MICRO_1_9,SECTOR_PROFESSIONAL_SERVICES|SIZE_MICRO_1_9,train
1727,SECTOR_PROFESSIONAL_SERVICES,SIZE_MICRO_1_9,SECTOR_PROFESSIONAL_SERVICES|SIZE_MICRO_1_9,train
1728,SECTOR_MANUFACTURING_SMALL,SIZE_MICRO_1_9,SECTOR_MANUFACTURING_SMALL|SIZE_MICRO_1_9,train
1729,SECTOR_CONSTRUCTION,SIZE_MICRO_1_9,SECTOR_CONSTRUCTION|SIZE_MICRO_1_9,train
1730,SECTOR_PROFESSIONAL_SERVICES,SIZE_SMALL_10_49,SECTOR_PROFESSIONAL_SERVICES|SIZE_SMALL_10_49,train
1731,SECTOR_CONSTRUCTION,SIZE_SMALL_10_49,SECTOR_CONSTRUCTION|SIZE_SMALL_10_49,val
1732,SECTOR_OTHER,SIZE_SMALL_10_49,SECTOR_OTHER|SIZE_SMALL_10_49,train
1733,SECTOR_OTHER,SIZE_MICRO_1_9,SECTOR_OTHER|SIZE_MICRO_1_9,train
1734,SECTOR_HOSPITALITY,SIZE_SMALL_10_49,SECTOR_HOSPITALITY|SIZE_SMALL_10_49,train
1735,SECTOR_RETAIL,SIZE_MICRO_1_9,SECTOR_RETAIL|SIZE_MICRO_1_9,train
1736,SECTOR_CONSTRUCTION,SIZE_MICRO_1_9,SECTOR_CONSTRUCTION|SIZE_MICRO_1_9,train
1737,SECTOR_TECH_SERVICES,SIZE_MICRO_1_9,SECTOR_TECH_SERVICES|SIZE_MICRO_1_9,train
1738,SECTOR_OTHER,SIZE_MICRO_1_9,SECTOR_OTHER|SIZE_MICRO_1_9,train
1739,SECTOR_CONSTRUCTION,SIZE_MICRO_1_9,SECTOR_CONSTRUCTION|SIZE_MICRO_1_9,test
1740,SECTOR_HEALTHCARE_SMALL,SIZE_MICRO_1_9,SECTOR_HEALTHCARE_SMALL|SIZE_MICRO_1_9,train
1741,SECTOR_TRANSPORT,SIZE_MEDIUM_50_249,SECTOR_TRANSPORT|SIZE_MEDIUM_50_249,train
1742,SECTOR_TECH_SERVICES,SIZE_MICRO_1_9,SECTOR_TECH_SERVICES|SIZE_MICRO_1_9,train
1743,SECTOR_PROFESSIONAL_SERVICES,SIZE_SMALL_10_49,SECTOR_PROFESSIONAL_SERVICES|SIZE_SMALL_10_49,train
1744,SECTOR_TECH_SERVICES,SIZE_MICRO_1_9,SECTOR_TECH_SERVICES|SIZE_MICRO_1_9,train
1745,SECTOR_HOSPITALITY,SIZE_MICRO_1_9,SECTOR_HOSPITALITY|SIZE_MICRO_1_9,train
1746,SECTOR_MANUFACTURING_SMALL,SIZE_MICRO_1_9,SECTOR_MANUFACTURING_SMALL|SIZE_MICRO_1_9,train
1747,SECTOR_CONSTRUCTION,SIZE_MEDIUM_50_249,SECTOR_CONSTRUCTION|SIZE_MEDIUM_50_249,train
1748,SECTOR_PROFESSIONAL_SERVICES,SIZE_SMALL_10_49,SECTOR_PROFESSIONAL_SERVICES|SIZE_SMALL_10_49,train
1749,SECTOR_MANUFACTURING_SMALL,SIZE_SMALL_10_49,SECTOR_MANUFACTURING_SMALL|SIZE_SMALL_10_49,train
1750,SECTOR_MANUFACTURING_SMALL,SIZE_SMALL_10_49,SECTOR_MANUFACTURING_SMALL|SIZE_SMALL_10_49,train
1751,SECTOR_HOSPITALITY,SIZE_SMALL_10_49,SECTOR_HOSPITALITY|SIZE_SMALL_10_49,test
1752,SECTOR_TRANSPORT,SIZE_MEDIUM_50_249,SECTOR_TRANSPORT|SIZE_MEDIUM_50_249,train
1753,SECTOR_MANUFACTURING_SMALL,SIZE_SMALL_10_49,SECTOR_MANUFACTURING_SMALL|SIZE_SMALL_10_49,train
1754,SECTOR_TECH_SERVICES,SIZE_MICRO_1_9,SECTOR_TECH_SERVICES|SIZE_MICRO_1_9,train
1755,SECTOR_MANUFACTURING_SMALL,SIZE_MEDIUM_50_249,SECTOR_MANUFACTURING_SMALL|SIZE_MEDIUM_50_249,test
1756,SECTOR_CONSTRUCTION,SIZE_MICRO_1_9,SECTOR_CONSTRUCTION|SIZE_MICRO_1_9,test
1757,SECTOR_HEALTHCARE_SMALL,SIZE_SMALL_10_49,SECTOR_HEALTHCARE_SMALL|SIZE_SMALL_10_49,train
1758,SECTOR_CONSTRUCTION,SIZE_MICRO_1_9,SECTOR_CONSTRUCTION|SIZE_MICRO_1_9,test
1759,SECTOR_MANUFACTURING_SMALL,SIZE_MICRO_1_9,SECTOR_MANUFACTURING_SMALL|SIZE_MICRO_1_9,train
1760,SECTOR_HEALTHCARE_SMALL,SIZE_MICRO_1_9,SECTOR_HEALTHCARE_SMALL|SIZE_MICRO_1_9,train
1761,SECTOR_CONSTRUCTION,SIZE_SMALL_10_49,SECTOR_CONSTRUCTION|SIZE_SMALL_10_49,val
1762,SECTOR_HOSPITALITY,SIZE_SMALL_10_49,SECTOR_HOSPITALITY|SIZE_SMALL_10_49,train
1763,SECTOR_TECH_SERVICES,SIZE_SMALL_10_49,SECTOR_TECH_SERVICES|SIZE_SMALL_10_49,train
1764,SECTOR_MANUFACTURING_SMALL,SIZE_SMALL_10_49,SECTOR_MANUFACTURING_SMALL|SIZE_SMALL_10_49,train
1765,SECTOR_OTHER,SIZE_SMALL_10_49,SECTOR_OTHER|SIZE_SMALL_10_49,train
1766,SECTOR_TECH_SERVICES,SIZE_SMALL_10_49,SECTOR_TECH_SERVICES|SIZE_SMALL_10_49,train
1767,SECTOR_HEALTHCARE_SMALL,SIZE_MICRO_1_9,SECTOR_HEALTHCARE_SMALL|SIZE_MICRO_1_9,val
1768,SECTOR_PROFESSIONAL_SERVICES,SIZE_SMALL_10_49,SECTOR_PROFESSIONAL_SERVICES|SIZE_SMALL_10_49,train
1769,SECTOR_HOSPITALITY,SIZE_SMALL_10_49,SECTOR_HOSPITALITY|SIZE_SMALL_10_49,train
1770,SECTOR_HOSPITALITY,SIZE_MICRO_1_9,SECTOR_HOSPITALITY|SIZE_MICRO_1_9,train
1771,SECTOR_MANUFACTURING_SMALL,SIZE_SMALL_10_49,SECTOR_MANUFACTURING_SMALL|SIZE_SMALL_10_49,train
1772,SECTOR_MANUFACTURING_SMALL,SIZE_MICRO_1_9,SECTOR_MANUFACTURING_SMALL|SIZE_MICRO_1_9,train
1773,SECTOR_TRANSPORT,SIZE_SMALL_10_49,SECTOR_TRANSPORT|SIZE_SMALL_10_49,test
1774,SECTOR_RETAIL,SIZE_SMALL_10_49,SECTOR_RETAIL|SIZE_SMALL_10_49,train
1775,SECTOR_HEALTHCARE_SMALL,SIZE_MICRO_1_9,SECTOR_HEALTHCARE_SMALL|SIZE_MICRO_1_9,train
1776,SECTOR_TRANSPORT,SIZE_SMALL_10_49,SECTOR_TRANSPORT|SIZE_SMALL_10_49,train
1777,SECTOR_HOSPITALITY,SIZE_MICRO_1_9,SECTOR_HOSPITALITY|SIZE_MICRO_1_9,train
1778,SECTOR_RETAIL,SIZE_MICRO_1_9,SECTOR_RETAIL|SIZE_MICRO_1_9,train
1779,SECTOR_RETAIL,SIZE_MICRO_1_9,SECTOR_RETAIL|SIZE_MICRO_1_9,train
1780,SECTOR_PROFESSIONAL_SERVICES,SIZE_MICRO_1_9,SECTOR_PROFESSIONAL_SERVICES|SIZE_MICRO_1_9,test
1781,SECTOR_MANUFACTURING_SMALL,SIZE_MICRO_1_9,SECTOR_MANUFACTURING_SMALL|SIZE_MICRO_1_9,train
1782,SECTOR_CONSTRUCTION,SIZE_MICRO_1_9,SECTOR_CONSTRUCTION|SIZE_MICRO_1_9,train
1783,SECTOR_CONSTRUCTION,SIZE_MEDIUM_50_249,SECTOR_CONSTRUCTION|SIZE_MEDIUM_50_249,train
1784,SECTOR_PROFESSIONAL_SERVICES,SIZE_MICRO_1_9,SECTOR_PROFESSIONAL_SERVICES|SIZE_MICRO_1_9,test
1785,SECTOR_TECH_SERVICES,SIZE_MEDIUM_50_249,SECTOR_TECH_SERVICES|SIZE_MEDIUM_50_249,train
1786,SECTOR_TECH_SERVICES,SIZE_SMALL_10_49,SECTOR_TECH_SERVICES|SIZE_SMALL_10_49,train
1787,SECTOR_HOSPITALITY,SIZE_MICRO_1_9,SECTOR_HOSPITALITY|SIZE_MICRO_1_9,train
1788,SECTOR_PROFESSIONAL_SERVICES,SIZE_SMALL_10_49,SECTOR_PROFESSIONAL_SERVICES|SIZE_SMALL_10_49,train
1789,SECTOR_CONSTRUCTION,SIZE_SMALL_10_49,SECTOR_CONSTRUCTION|SIZE_SMALL_10_49,train
1790,SECTOR_RETAIL,SIZE_SMALL_10_49,SECTOR_RETAIL|SIZE_SMALL_10_49,train
1791,SECTOR_TRANSPORT,SIZE_MICRO_1_9,SECTOR_TRANSPORT|SIZE_MICRO_1_9,train
1792,SECTOR_HOSPITALITY,SIZE_MEDIUM_50_249,SECTOR_HOSPITALITY|SIZE_MEDIUM_50_249,train
1793,SECTOR_TRANSPORT,SIZE_MICRO_1_9,SECTOR_TRANSPORT|SIZE_MICRO_1_9,train
1794,SECTOR_TRANSPORT,SIZE_SMALL_10_49,SECTOR_TRANSPORT|SIZE_SMALL_10_49,train
1795,SECTOR_RETAIL,SIZE_SMALL_10_49,SECTOR_RETAIL|SIZE_SMALL_10_49,train
1796,SECTOR_TECH_SERVICES,SIZE_MICRO_1_9,SECTOR_TECH_SERVICES|SIZE_MICRO_1_9,test
1797,SECTOR_HOSPITALITY,SIZE_MICRO_1_9,SECTOR_HOSPITALITY|SIZE_MICRO_1_9,train
1798,SECTOR_RETAIL,SIZE_MEDIUM_50_249,SECTOR_RETAIL|SIZE_MEDIUM_50_249,train
1799,SECTOR_PROFESSIONAL_SERVICES,SIZE_MICRO_1_9,SECTOR_PROFESSIONAL_SERVICES|SIZE_MICRO_1_9,train
1800,SECTOR_TRANSPORT,SIZE_SMALL_10_49,SECTOR_TRANSPORT|SIZE_SMALL_10_49,val
1801,SECTOR_TECH_SERVICES,SIZE_SMALL_10_49,SECTOR_TECH_SERVICES|SIZE_SMALL_10_49,train
1802,SECTOR_PROFESSIONAL_SERVICES,SIZE_SMALL_10_49,SECTOR_PROFESSIONAL_SERVICES|SIZE_SMALL_10_49,val
1803,SECTOR_PROFESSIONAL_SERVICES,SIZE_MICRO_1_9,SECTOR_PROFESSIONAL_SERVICES|SIZE_MICRO_1_9,train
1804,SECTOR_TRANSPORT,SIZE_MEDIUM_50_249,SECTOR_TRANSPORT|SIZE_MEDIUM_50_249,train
1805,SECTOR_OTHER,SIZE_MICRO_1_9,SECTOR_OTHER|SIZE_MICRO_1_9,train
1806,SECTOR_TRANSPORT,SIZE_MICRO_1_9,SECTOR_TRANSPORT|SIZE_MICRO_1_9,train
1807,SECTOR_HEALTHCARE_SMALL,SIZE_SMALL_10_49,SECTOR_HEALTHCARE_SMALL|SIZE_SMALL_10_49,train
1808,SECTOR_TRANSPORT,SIZE_SMALL_10_49,SECTOR_TRANSPORT|SIZE_SMALL_10_49,train
1809,SECTOR_RETAIL,SIZE_SMALL_10_49,SECTOR_RETAIL|SIZE_SMALL_10_49,train
1810,SECTOR_HOSPITALITY,SIZE_MEDIUM_50_249,SECTOR_HOSPITALITY|SIZE_MEDIUM_50_249,test
1811,SECTOR_RETAIL,SIZE_MEDIUM_50_249,SECTOR_RETAIL|SIZE_MEDIUM_50_249,train
1812,SECTOR_CONSTRUCTION,SIZE_SMALL_10_49,SECTOR_CONSTRUCTION|SIZE_SMALL_10_49,train
1813,SECTOR_TRANSPORT,SIZE_MEDIUM_50_249,SECTOR_TRANSPORT|SIZE_MEDIUM_50_249,train
1814,SECTOR_OTHER,SIZE_MEDIUM_50_249,SECTOR_OTHER|SIZE_MEDIUM_50_249,train
1815,SECTOR_HOSPITALITY,SIZE_MICRO_1_9,SECTOR_HOSPITALITY|SIZE_MICRO_1_9,train
1816,SECTOR_TECH_SERVICES,SIZE_SMALL_10_49,SECTOR_TECH_SERVICES|SIZE_SMALL_10_49,test
1817,SECTOR_PROFESSIONAL_SERVICES,SIZE_SMALL_10_49,SECTOR_PROFESSIONAL_SERVICES|SIZE_SMALL_10_49,train
1818,SECTOR_HOSPITALITY,SIZE_MICRO_1_9,SECTOR_HOSPITALITY|SIZE_MICRO_1_9,train
1819,SECTOR_RETAIL,SIZE_MICRO_1_9,SECTOR_RETAIL|SIZE_MICRO_1_9,train
1820,SECTOR_TRANSPORT,SIZE_MICRO_1_9,SECTOR_TRANSPORT|SIZE_MICRO_1_9,train
1821,SECTOR_HOSPITALITY,SIZE_MICRO_1_9,SECTOR_HOSPITALITY|SIZE_MICRO_1_9,train
1822,SECTOR_HEALTHCARE_SMALL,SIZE_SMALL_10_49,SECTOR_HEALTHCARE_SMALL|SIZE_SMALL_10_49,train
1823,SECTOR_TRANSPORT,SIZE_MICRO_1_9,SECTOR_TRANSPORT|SIZE_MICRO_1_9,train
1824,SECTOR_TRANSPORT,SIZE_MICRO_1_9,SECTOR_TRANSPORT|SIZE_MICRO_1_9,train
1825,SECTOR_OTHER,SIZE_SMALL_10_49,SECTOR_OTHER|SIZE_SMALL_10_49,train
1826,SECTOR_TECH_SERVICES,SIZE_MICRO_1_9,SECTOR_TECH_SERVICES|SIZE_MICRO_1_9,train
1827,SECTOR_HOSPITALITY,SIZE_MICRO_1_9,SECTOR_HOSPITALITY|SIZE_MICRO_1_9,train
1828,SECTOR_OTHER,SIZE_MEDIUM_50_249,SECTOR_OTHER|SIZE_MEDIUM_50_249,train
1829,SECTOR_HOSPITALITY,SIZE_MEDIUM_50_249,SECTOR_HOSPITALITY|SIZE_MEDIUM_50_249,test
1830,SECTOR_HOSPITALITY,SIZE_SMALL_10_49,SECTOR_HOSPITALITY|SIZE_SMALL_10_49,train
1831,SECTOR_TRANSPORT,SIZE_MICRO_1_9,SECTOR_TRANSPORT|SIZE_MICRO_1_9,train
1832,SECTOR_PROFESSIONAL_SERVICES,SIZE_MICRO_1_9,SECTOR_PROFESSIONAL_SERVICES|SIZE_MICRO_1_9,train
1833,SECTOR_CONSTRUCTION,SIZE_MEDIUM_50_249,SECTOR_CONSTRUCTION|SIZE_MEDIUM_50_249,train
1834,SECTOR_TRANSPORT,SIZE_SMALL_10_49,SECTOR_TRANSPORT|SIZE_SMALL_10_49,train
1835,SECTOR_HEALTHCARE_SMALL,SIZE_SMALL_10_49,SECTOR_HEALTHCARE_SMALL|SIZE_SMALL_10_49,train
1836,SECTOR_MANUFACTURING_SMALL,SIZE_SMALL_10_49,SECTOR_MANUFACTURING_SMALL|SIZE_SMALL_10_49,train
1837,SECTOR_PROFESSIONAL_SERVICES,SIZE_SMALL_10_49,SECTOR_PROFESSIONAL_SERVICES|SIZE_SMALL_10_49,train
1838,SECTOR_OTHER,SIZE_SMALL_10_49,SECTOR_OTHER|SIZE_SMALL_10_49,train
1839,SECTOR_MANUFACTURING_SMALL,SIZE_MICRO_1_9,SECTOR_MANUFACTURING_SMALL|SIZE_MICRO_1_9,train
1840,SECTOR_HEALTHCARE_SMALL,SIZE_MEDIUM_50_249,SECTOR_HEALTHCARE_SMALL|SIZE_MEDIUM_50_249,train
1841,SECTOR_TECH_SERVICES,SIZE_MICRO_1_9,SECTOR_TECH_SERVICES|SIZE_MICRO_1_9,train
1842,SECTOR_CONSTRUCTION,SIZE_SMALL_10_49,SECTOR_CONSTRUCTION|SIZE_SMALL_10_49,train
1843,SECTOR_PROFESSIONAL_SERVICES,SIZE_MICRO_1_9,SECTOR_PROFESSIONAL_SERVICES|SIZE_MICRO_1_9,val
1844,SECTOR_TECH_SERVICES,SIZE_MICRO_1_9,SECTOR_TECH_SERVICES|SIZE_MICRO_1_9,train
1845,SECTOR_RETAIL,SIZE_MICRO_1_9,SECTOR_RETAIL|SIZE_MICRO_1_9,train
1846,SECTOR_CONSTRUCTION,SIZE_MICRO_1_9,SECTOR_CONSTRUCTION|SIZE_MICRO_1_9,train
1847,SECTOR_PROFESSIONAL_SERVICES,SIZE_MICRO_1_9,SECTOR_PROFESSIONAL_SERVICES|SIZE_MICRO_1_9,train
1848,SECTOR_OTHER,SIZE_MICRO_1_9,SECTOR_OTHER|SIZE_MICRO_1_9,train
1849,SECTOR_HEALTHCARE_SMALL,SIZE_MICRO_1_9,SECTOR_HEALTHCARE_SMALL|SIZE_MICRO_1_9,train
1850,SECTOR_TRANSPORT,SIZE_SMALL_10_49,SECTOR_TRANSPORT|SIZE_SMALL_10_49,train
1851,SECTOR_TECH_SERVICES,SIZE_SMALL_10_49,SECTOR_TECH_SERVICES|SIZE_SMALL_10_49,train
1852,SECTOR_HEALTHCARE_SMALL,SIZE_MICRO_1_9,SECTOR_HEALTHCARE_SMALL|SIZE_MICRO_1_9,val
1853,SECTOR_RETAIL,SIZE_MICRO_1_9,SECTOR_RETAIL|SIZE_MICRO_1_9,train
1854,SECTOR_TECH_SERVICES,SIZE_SMALL_10_49,SECTOR_TECH_SERVICES|SIZE_SMALL_10_49,train
1855,SECTOR_TRANSPORT,SIZE_MICRO_1_9,SECTOR_TRANSPORT|SIZE_MICRO_1_9,train
1856,SECTOR_HOSPITALITY,SIZE_MICRO_1_9,SECTOR_HOSPITALITY|SIZE_MICRO_1_9,train
1857,SECTOR_CONSTRUCTION,SIZE_SMALL_10_49,SECTOR_CONSTRUCTION|SIZE_SMALL_10_49,train
1858,SECTOR_CONSTRUCTION,SIZE_MICRO_1_9,SECTOR_CONSTRUCTION|SIZE_MICRO_1_9,train
1859,SECTOR_OTHER,SIZE_SMALL_10_49,SECTOR_OTHER|SIZE_SMALL_10_49,train
1860,SECTOR_RETAIL,SIZE_MICRO_1_9,SECTOR_RETAIL|SIZE_MICRO_1_9,train
1861,SECTOR_HOSPITALITY,SIZE_MICRO_1_9,SECTOR_HOSPITALITY|SIZE_MICRO_1_9,train
1862,SECTOR_HEALTHCARE_SMALL,SIZE_MICRO_1_9,SECTOR_HEALTHCARE_SMALL|SIZE_MICRO_1_9,train
1863,SECTOR_HEALTHCARE_SMALL,SIZE_MICRO_1_9,SECTOR_HEALTHCARE_SMALL|SIZE_MICRO_1_9,val
1864,SECTOR_HEALTHCARE_SMALL,SIZE_SMALL_10_49,SECTOR_HEALTHCARE_SMALL|SIZE_SMALL_10_49,train
1865,SECTOR_RETAIL,SIZE_MEDIUM_50_249,SECTOR_RETAIL|SIZE_MEDIUM_50_249,test
1866,SECTOR_CONSTRUCTION,SIZE_SMALL_10_49,SECTOR_CONSTRUCTION|SIZE_SMALL_10_49,train
1867,SECTOR_PROFESSIONAL_SERVICES,SIZE_SMALL_10_49,SECTOR_PROFESSIONAL_SERVICES|SIZE_SMALL_10_49,train
1868,SECTOR_MANUFACTURING_SMALL,SIZE_SMALL_10_49,SECTOR_MANUFACTURING_SMALL|SIZE_SMALL_10_49,train
1869,SECTOR_OTHER,SIZE_MEDIUM_50_249,SECTOR_OTHER|SIZE_MEDIUM_50_249,train
1870,SECTOR_RETAIL,SIZE_SMALL_10_49,SECTOR_RETAIL|SIZE_SMALL_10_49,val
1871,SECTOR_TECH_SERVICES,SIZE_MICRO_1_9,SECTOR_TECH_SERVICES|SIZE_MICRO_1_9,test
1872,SECTOR_RETAIL,SIZE_MICRO_1_9,SECTOR_RETAIL|SIZE_MICRO_1_9,train
1873,SECTOR_RETAIL,SIZE_SMALL_10_49,SECTOR_RETAIL|SIZE_SMALL_10_49,train
1874,SECTOR_CONSTRUCTION,SIZE_SMALL_10_49,SECTOR_CONSTRUCTION|SIZE_SMALL_10_49,train
1875,SECTOR_TRANSPORT,SIZE_SMALL_10_49,SECTOR_TRANSPORT|SIZE_SMALL_10_49,train
1876,SECTOR_RETAIL,SIZE_SMALL_10_49,SECTOR_RETAIL|SIZE_SMALL_10_49,train
1877,SECTOR_TRANSPORT,SIZE_MICRO_1_9,SECTOR_TRANSPORT|SIZE_MICRO_1_9,train
1878,SECTOR_RETAIL,SIZE_SMALL_10_49,SECTOR_RETAIL|SIZE_SMALL_10_49,val
1879,SECTOR_PROFESSIONAL_SERVICES,SIZE_MEDIUM_50_249,SECTOR_PROFESSIONAL_SERVICES|SIZE_MEDIUM_50_249,train
1880,SECTOR_HOSPITALITY,SIZE_MICRO_1_9,SECTOR_HOSPITALITY|SIZE_MICRO_1_9,train
1881,SECTOR_OTHER,SIZE_MICRO_1_9,SECTOR_OTHER|SIZE_MICRO_1_9,train
1882,SECTOR_PROFESSIONAL_SERVICES,SIZE_SMALL_10_49,SECTOR_PROFESSIONAL_SERVICES|SIZE_SMALL_10_49,train
1883,SECTOR_CONSTRUCTION,SIZE_MICRO_1_9,SECTOR_CONSTRUCTION|SIZE_MICRO_1_9,train
1884,SECTOR_TRANSPORT,SIZE_SMALL_10_49,SECTOR_TRANSPORT|SIZE_SMALL_10_49,val
1885,SECTOR_CONSTRUCTION,SIZE_MICRO_1_9,SECTOR_CONSTRUCTION|SIZE_MICRO_1_9,train
1886,SECTOR_OTHER,SIZE_MICRO_1_9,SECTOR_OTHER|SIZE_MICRO_1_9,train
1887,SECTOR_OTHER,SIZE_MICRO_1_9,SECTOR_OTHER|SIZE_MICRO_1_9,test
1888,SECTOR_HOSPITALITY,SIZE_MICRO_1_9,SECTOR_HOSPITALITY|SIZE_MICRO_1_9,train
1889,SECTOR_MANUFACTURING_SMALL,SIZE_MICRO_1_9,SECTOR_MANUFACTURING_SMALL|SIZE_MICRO_1_9,val
1890,SECTOR_TRANSPORT,SIZE_MICRO_1_9,SECTOR_TRANSPORT|SIZE_MICRO_1_9,train
1891,SECTOR_RETAIL,SIZE_MICRO_1_9,SECTOR_RETAIL|SIZE_MICRO_1_9,train
1892,SECTOR_PROFESSIONAL_SERVICES,SIZE_MICRO_1_9,SECTOR_PROFESSIONAL_SERVICES|SIZE_MICRO_1_9,train
1893,SECTOR_HEALTHCARE_SMALL,SIZE_SMALL_10_49,SECTOR_HEALTHCARE_SMALL|SIZE_SMALL_10_49,train
1894,SECTOR_CONSTRUCTION,SIZE_SMALL_10_49,SECTOR_CONSTRUCTION|SIZE_SMALL_10_49,train
1895,SECTOR_TECH_SERVICES,SIZE_SMALL_10_49,SECTOR_TECH_SERVICES|SIZE_SMALL_10_49,train
1896,SECTOR_MANUFACTURING_SMALL,SIZE_MEDIUM_50_249,SECTOR_MANUFACTURING_SMALL|SIZE_MEDIUM_50_249,train
1897,SECTOR_TRANSPORT,SIZE_SMALL_10_49,SECTOR_TRANSPORT|SIZE_SMALL_10_49,train
1898,SECTOR_TECH_SERVICES,SIZE_SMALL_10_49,SECTOR_TECH_SERVICES|SIZE_SMALL_10_49,train
1899,SECTOR_TECH_SERVICES,SIZE_SMALL_10_49,SECTOR_TECH_SERVICES|SIZE_SMALL_10_49,train
1900,SECTOR_CONSTRUCTION,SIZE_SMALL_10_49,SECTOR_CONSTRUCTION|SIZE_SMALL_10_49,train
1901,SECTOR_TECH_SERVICES,SIZE_MICRO_1_9,SECTOR_TECH_SERVICES|SIZE_MICRO_1_9,train
1902,SECTOR_RETAIL,SIZE_SMALL_10_49,SECTOR_RETAIL|SIZE_SMALL_10_49,train
1903,SECTOR_CONSTRUCTION,SIZE_SMALL_10_49,SECTOR_CONSTRUCTION|SIZE_SMALL_10_49,train
1904,SECTOR_OTHER,SIZE_MEDIUM_50_249,SECTOR_OTHER|SIZE_MEDIUM_50_249,train
1905,SECTOR_TRANSPORT,SIZE_MICRO_1_9,SECTOR_TRANSPORT|SIZE_MICRO_1_9,train
1906,SECTOR_CONSTRUCTION,SIZE_MICRO_1_9,SECTOR_CONSTRUCTION|SIZE_MICRO_1_9,test
1907,SECTOR_HEALTHCARE_SMALL,SIZE_MEDIUM_50_249,SECTOR_HEALTHCARE_SMALL|SIZE_MEDIUM_50_249,train
1908,SECTOR_CONSTRUCTION,SIZE_MICRO_1_9,SECTOR_CONSTRUCTION|SIZE_MICRO_1_9,train
1909,SECTOR_CONSTRUCTION,SIZE_SMALL_10_49,SECTOR_CONSTRUCTION|SIZE_SMALL_10_49,train
1910,SECTOR_MANUFACTURING_SMALL,SIZE_MICRO_1_9,SECTOR_MANUFACTURING_SMALL|SIZE_MICRO_1_9,val
1911,SECTOR_OTHER,SIZE_MICRO_1_9,SECTOR_OTHER|SIZE_MICRO_1_9,train
1912,SECTOR_TRANSPORT,SIZE_MICRO_1_9,SECTOR_TRANSPORT|SIZE_MICRO_1_9,train
1913,SECTOR_MANUFACTURING_SMALL,SIZE_MICRO_1_9,SECTOR_MANUFACTURING_SMALL|SIZE_MICRO_1_9,train
1914,SECTOR_RETAIL,SIZE_SMALL_10_49,SECTOR_RETAIL|SIZE_SMALL_10_49,test
1915,SECTOR_PROFESSIONAL_SERVICES,SIZE_MICRO_1_9,SECTOR_PROFESSIONAL_SERVICES|SIZE_MICRO_1_9,train
1916,SECTOR_PROFESSIONAL_SERVICES,SIZE_MEDIUM_50_249,SECTOR_PROFESSIONAL_SERVICES|SIZE_MEDIUM_50_249,train
1917,SECTOR_OTHER,SIZE_SMALL_10_49,SECTOR_OTHER|SIZE_SMALL_10_49,val
1918,SECTOR_CONSTRUCTION,SIZE_SMALL_10_49,SECTOR_CONSTRUCTION|SIZE_SMALL_10_49,train
1919,SECTOR_OTHER,SIZE_SMALL_10_49,SECTOR_OTHER|SIZE_SMALL_10_49,val
1920,SECTOR_TRANSPORT,SIZE_MICRO_1_9,SECTOR_TRANSPORT|SIZE_MICRO_1_9,train
1921,SECTOR_CONSTRUCTION,SIZE_SMALL_10_49,SECTOR_CONSTRUCTION|SIZE_SMALL_10_49,train
1922,SECTOR_CONSTRUCTION,SIZE_MEDIUM_50_249,SECTOR_CONSTRUCTION|SIZE_MEDIUM_50_249,train
1923,SECTOR_TECH_SERVICES,SIZE_SMALL_10_49,SECTOR_TECH_SERVICES|SIZE_SMALL_10_49,train
1924,SECTOR_TECH_SERVICES,SIZE_SMALL_10_49,SECTOR_TECH_SERVICES|SIZE_SMALL_10_49,train
1925,SECTOR_TECH_SERVICES,SIZE_MICRO_1_9,SECTOR_TECH_SERVICES|SIZE_MICRO_1_9,train
1926,SECTOR_TRANSPORT,SIZE_MICRO_1_9,SECTOR_TRANSPORT|SIZE_MICRO_1_9,train
1927,SECTOR_TECH_SERVICES,SIZE_MICRO_1_9,SECTOR_TECH_SERVICES|SIZE_MICRO_1_9,train
1928,SECTOR_PROFESSIONAL_SERVICES,SIZE_MICRO_1_9,SECTOR_PROFESSIONAL_SERVICES|SIZE_MICRO_1_9,train
1929,SECTOR_CONSTRUCTION,SIZE_MICRO_1_9,SECTOR_CONSTRUCTION|SIZE_MICRO_1_9,train
1930,SECTOR_CONSTRUCTION,SIZE_SMALL_10_49,SECTOR_CONSTRUCTION|SIZE_SMALL_10_49,train
1931,SECTOR_HOSPITALITY,SIZE_MICRO_1_9,SECTOR_HOSPITALITY|SIZE_MICRO_1_9,train
1932,SECTOR_CONSTRUCTION,SIZE_MICRO_1_9,SECTOR_CONSTRUCTION|SIZE_MICRO_1_9,train
1933,SECTOR_TRANSPORT,SIZE_SMALL_10_49,SECTOR_TRANSPORT|SIZE_SMALL_10_49,train
1934,SECTOR_CONSTRUCTION,SIZE_SMALL_10_49,SECTOR_CONSTRUCTION|SIZE_SMALL_10_49,train
1935,SECTOR_OTHER,SIZE_MEDIUM_50_249,SECTOR_OTHER|SIZE_MEDIUM_50_249,train
1936,SECTOR_HEALTHCARE_SMALL,SIZE_MICRO_1_9,SECTOR_HEALTHCARE_SMALL|SIZE_MICRO_1_9,train
1937,SECTOR_OTHER,SIZE_MICRO_1_9,SECTOR_OTHER|SIZE_MICRO_1_9,train
1938,SECTOR_HEALTHCARE_SMALL,SIZE_SMALL_10_49,SECTOR_HEALTHCARE_SMALL|SIZE_SMALL_10_49,val
1939,SECTOR_OTHER,SIZE_SMALL_10_49,SECTOR_OTHER|SIZE_SMALL_10_49,val
1940,SECTOR_OTHER,SIZE_MICRO_1_9,SECTOR_OTHER|SIZE_MICRO_1_9,train
1941,SECTOR_CONSTRUCTION,SIZE_SMALL_10_49,SECTOR_CONSTRUCTION|SIZE_SMALL_10_49,train
1942,SECTOR_CONSTRUCTION,SIZE_MICRO_1_9,SECTOR_CONSTRUCTION|SIZE_MICRO_1_9,train
1943,SECTOR_TECH_SERVICES,SIZE_SMALL_10_49,SECTOR_TECH_SERVICES|SIZE_SMALL_10_49,train
1944,SECTOR_CONSTRUCTION,SIZE_MICRO_1_9,SECTOR_CONSTRUCTION|SIZE_MICRO_1_9,val
1945,SECTOR_MANUFACTURING_SMALL,SIZE_MICRO_1_9,SECTOR_MANUFACTURING_SMALL|SIZE_MICRO_1_9,train
1946,SECTOR_CONSTRUCTION,SIZE_SMALL_10_49,SECTOR_CONSTRUCTION|SIZE_SMALL_10_49,train
1947,SECTOR_MANUFACTURING_SMALL,SIZE_SMALL_10_49,SECTOR_MANUFACTURING_SMALL|SIZE_SMALL_10_49,train
1948,SECTOR_HEALTHCARE_SMALL,SIZE_SMALL_10_49,SECTOR_HEALTHCARE_SMALL|SIZE_SMALL_10_49,train
1949,SECTOR_RETAIL,SIZE_MICRO_1_9,SECTOR_RETAIL|SIZE_MICRO_1_9,test
1950,SECTOR_HOSPITALITY,SIZE_SMALL_10_49,SECTOR_HOSPITALITY|SIZE_SMALL_10_49,train
1951,SECTOR_HEALTHCARE_SMALL,SIZE_MICRO_1_9,SECTOR_HEALTHCARE_SMALL|SIZE_MICRO_1_9,train
1952,SECTOR_TRANSPORT,SIZE_MEDIUM_50_249,SECTOR_TRANSPORT|SIZE_MEDIUM_50_249,train
1953,SECTOR_PROFESSIONAL_SERVICES,SIZE_SMALL_10_49,SECTOR_PROFESSIONAL_SERVICES|SIZE_SMALL_10_49,val
1954,SECTOR_TRANSPORT,SIZE_MICRO_1_9,SECTOR_TRANSPORT|SIZE_MICRO_1_9,train
1955,SECTOR_TRANSPORT,SIZE_SMALL_10_49,SECTOR_TRANSPORT|SIZE_SMALL_10_49,train
1956,SECTOR_HOSPITALITY,SIZE_SMALL_10_49,SECTOR_HOSPITALITY|SIZE_SMALL_10_49,train
1957,SECTOR_TECH_SERVICES,SIZE_MICRO_1_9,SECTOR_TECH_SERVICES|SIZE_MICRO_1_9,train
1958,SECTOR_HOSPITALITY,SIZE_SMALL_10_49,SECTOR_HOSPITALITY|SIZE_SMALL_10_49,train
1959,SECTOR_MANUFACTURING_SMALL,SIZE_MICRO_1_9,SECTOR_MANUFACTURING_SMALL|SIZE_MICRO_1_9,train
1960,SECTOR_OTHER,SIZE_MICRO_1_9,SECTOR_OTHER|SIZE_MICRO_1_9,train
1961,SECTOR_OTHER,SIZE_SMALL_10_49,SECTOR_OTHER|SIZE_SMALL_10_49,train
1962,SECTOR_OTHER,SIZE_SMALL_10_49,SECTOR_OTHER|SIZE_SMALL_10_49,test
1963,SECTOR_HOSPITALITY,SIZE_MICRO_1_9,SECTOR_HOSPITALITY|SIZE_MICRO_1_9,train
1964,SECTOR_CONSTRUCTION,SIZE_SMALL_10_49,SECTOR_CONSTRUCTION|SIZE_SMALL_10_49,train
1965,SECTOR_RETAIL,SIZE_SMALL_10_49,SECTOR_RETAIL|SIZE_SMALL_10_49,train
1966,SECTOR_TRANSPORT,SIZE_MICRO_1_9,SECTOR_TRANSPORT|SIZE_MICRO_1_9,train
1967,SECTOR_TRANSPORT,SIZE_SMALL_10_49,SECTOR_TRANSPORT|SIZE_SMALL_10_49,train
1968,SECTOR_HEALTHCARE_SMALL,SIZE_MICRO_1_9,SECTOR_HEALTHCARE_SMALL|SIZE_MICRO_1_9,train
1969,SECTOR_TRANSPORT,SIZE_SMALL_10_49,SECTOR_TRANSPORT|SIZE_SMALL_10_49,train
1970,SECTOR_HOSPITALITY,SIZE_SMALL_10_49,SECTOR_HOSPITALITY|SIZE_SMALL_10_49,val
1971,SECTOR_CONSTRUCTION,SIZE_MICRO_1_9,SECTOR_CONSTRUCTION|SIZE_MICRO_1_9,train
1972,SECTOR_RETAIL,SIZE_SMALL_10_49,SECTOR_RETAIL|SIZE_SMALL_10_49,train
1973,SECTOR_OTHER,SIZE_SMALL_10_49,SECTOR_OTHER|SIZE_SMALL_10_49,test
1974,SECTOR_TECH_SERVICES,SIZE_MICRO_1_9,SECTOR_TECH_SERVICES|SIZE_MICRO_1_9,train
1975,SECTOR_HOSPITALITY,SIZE_MICRO_1_9,SECTOR_HOSPITALITY|SIZE_MICRO_1_9,train
1976,SECTOR_RETAIL,SIZE_MICRO_1_9,SECTOR_RETAIL|SIZE_MICRO_1_9,train
1977,SECTOR_TECH_SERVICES,SIZE_MEDIUM_50_249,SECTOR_TECH_SERVICES|SIZE_MEDIUM_50_249,train
1978,SECTOR_MANUFACTURING_SMALL,SIZE_MICRO_1_9,SECTOR_MANUFACTURING_SMALL|SIZE_MICRO_1_9,train
1979,SECTOR_MANUFACTURING_SMALL,SIZE_MICRO_1_9,SECTOR_MANUFACTURING_SMALL|SIZE_MICRO_1_9,test
1980,SECTOR_OTHER,SIZE_MICRO_1_9,SECTOR_OTHER|SIZE_MICRO_1_9,train
1981,SECTOR_TRANSPORT,SIZE_SMALL_10_49,SECTOR_TRANSPORT|SIZE_SMALL_10_49,test
1982,SECTOR_PROFESSIONAL_SERVICES,SIZE_MICRO_1_9,SECTOR_PROFESSIONAL_SERVICES|SIZE_MICRO_1_9,train
1983,SECTOR_MANUFACTURING_SMALL,SIZE_SMALL_10_49,SECTOR_MANUFACTURING_SMALL|SIZE_SMALL_10_49,train
1984,SECTOR_OTHER,SIZE_SMALL_10_49,SECTOR_OTHER|SIZE_SMALL_10_49,train
1985,SECTOR_TECH_SERVICES,SIZE_MICRO_1_9,SECTOR_TECH_SERVICES|SIZE_MICRO_1_9,train
1986,SECTOR_RETAIL,SIZE_MICRO_1_9,SECTOR_RETAIL|SIZE_MICRO_1_9,test
1987,SECTOR_TRANSPORT,SIZE_MICRO_1_9,SECTOR_TRANSPORT|SIZE_MICRO_1_9,val
1988,SECTOR_OTHER,SIZE_MEDIUM_50_249,SECTOR_OTHER|SIZE_MEDIUM_50_249,train
1989,SECTOR_HEALTHCARE_SMALL,SIZE_MEDIUM_50_249,SECTOR_HEALTHCARE_SMALL|SIZE_MEDIUM_50_249,train
1990,SECTOR_HOSPITALITY,SIZE_MEDIUM_50_249,SECTOR_HOSPITALITY|SIZE_MEDIUM_50_249,train
1991,SECTOR_CONSTRUCTION,SIZE_MICRO_1_9,SECTOR_CONSTRUCTION|SIZE_MICRO_1_9,train
1992,SECTOR_HOSPITALITY,SIZE_MICRO_1_9,SECTOR_HOSPITALITY|SIZE_MICRO_1_9,train
1993,SECTOR_HOSPITALITY,SIZE_MICRO_1_9,SECTOR_HOSPITALITY|SIZE_MICRO_1_9,train
1994,SECTOR_TECH_SERVICES,SIZE_SMALL_10_49,SECTOR_TECH_SERVICES|SIZE_SMALL_10_49,train
1995,SECTOR_HEALTHCARE_SMALL,SIZE_SMALL_10_49,SECTOR_HEALTHCARE_SMALL|SIZE_SMALL_10_49,train
1996,SECTOR_OTHER,SIZE_MICRO_1_9,SECTOR_OTHER|SIZE_MICRO_1_9,train
1997,SECTOR_TECH_SERVICES,SIZE_SMALL_10_49,SECTOR_TECH_SERVICES|SIZE_SMALL_10_49,train
1998,SECTOR_TRANSPORT,SIZE_SMALL_10_49,SECTOR_TRANSPORT|SIZE_SMALL_10_49,train
1999,SECTOR_HEALTHCARE_SMALL,SIZE_SMALL_10_49,SECTOR_HEALTHCARE_SMALL|SIZE_SMALL_10_49,val
2000,SECTOR_OTHER,SIZE_MICRO_1_9,SECTOR_OTHER|SIZE_MICRO_1_9,train
2001,SECTOR_CONSTRUCTION,SIZE_MICRO_1_9,SECTOR_CONSTRUCTION|SIZE_MICRO_1_9,test
2002,SECTOR_MANUFACTURING_SMALL,SIZE_SMALL_10_49,SECTOR_MANUFACTURING_SMALL|SIZE_SMALL_10_49,train
2003,SECTOR_OTHER,SIZE_MICRO_1_9,SECTOR_OTHER|SIZE_MICRO_1_9,train
2004,SECTOR_HOSPITALITY,SIZE_MICRO_1_9,SECTOR_HOSPITALITY|SIZE_MICRO_1_9,train
2005,SECTOR_HEALTHCARE_SMALL,SIZE_MEDIUM_50_249,SECTOR_HEALTHCARE_SMALL|SIZE_MEDIUM_50_249,train
2006,SECTOR_OTHER,SIZE_MEDIUM_50_249,SECTOR_OTHER|SIZE_MEDIUM_50_249,train
2007,SECTOR_OTHER,SIZE_MICRO_1_9,SECTOR_OTHER|SIZE_MICRO_1_9,train
2008,SECTOR_CONSTRUCTION,SIZE_MICRO_1_9,SECTOR_CONSTRUCTION|SIZE_MICRO_1_9,train
2009,SECTOR_MANUFACTURING_SMALL,SIZE_MICRO_1_9,SECTOR_MANUFACTURING_SMALL|SIZE_MICRO_1_9,train
2010,SECTOR_RETAIL,SIZE_MICRO_1_9,SECTOR_RETAIL|SIZE_MICRO_1_9,train
2011,SECTOR_HEALTHCARE_SMALL,SIZE_MICRO_1_9,SECTOR_HEALTHCARE_SMALL|SIZE_MICRO_1_9,train
2012,SECTOR_HEALTHCARE_SMALL,SIZE_MEDIUM_50_249,SECTOR_HEALTHCARE_SMALL|SIZE_MEDIUM_50_249,train
2013,SECTOR_MANUFACTURING_SMALL,SIZE_SMALL_10_49,SECTOR_MANUFACTURING_SMALL|SIZE_SMALL_10_49,train
2014,SECTOR_HEALTHCARE_SMALL,SIZE_MICRO_1_9,SECTOR_HEALTHCARE_SMALL|SIZE_MICRO_1_9,train
2015,SECTOR_TECH_SERVICES,SIZE_SMALL_10_49,SECTOR_TECH_SERVICES|SIZE_SMALL_10_49,train
2016,SECTOR_TRANSPORT,SIZE_MICRO_1_9,SECTOR_TRANSPORT|SIZE_MICRO_1_9,train
2017,SECTOR_HOSPITALITY,SIZE_SMALL_10_49,SECTOR_HOSPITALITY|SIZE_SMALL_10_49,train
2018,SECTOR_RETAIL,SIZE_SMALL_10_49,SECTOR_RETAIL|SIZE_SMALL_10_49,test
2019,SECTOR_MANUFACTURING_SMALL,SIZE_MICRO_1_9,SECTOR_MANUFACTURING_SMALL|SIZE_MICRO_1_9,test
2020,SECTOR_HOSPITALITY,SIZE_SMALL_10_49,SECTOR_HOSPITALITY|SIZE_SMALL_10_49,val
2021,SECTOR_CONSTRUCTION,SIZE_SMALL_10_49,SECTOR_CONSTRUCTION|SIZE_SMALL_10_49,train
2022,SECTOR_PROFESSIONAL_SERVICES,SIZE_MICRO_1_9,SECTOR_PROFESSIONAL_SERVICES|SIZE_MICRO_1_9,train
2023,SECTOR_HEALTHCARE_SMALL,SIZE_MICRO_1_9,SECTOR_HEALTHCARE_SMALL|SIZE_MICRO_1_9,train
2024,SECTOR_TRANSPORT,SIZE_SMALL_10_49,SECTOR_TRANSPORT|SIZE_SMALL_10_49,train
2025,SECTOR_OTHER,SIZE_MEDIUM_50_249,SECTOR_OTHER|SIZE_MEDIUM_50_249,train
2026,SECTOR_MANUFACTURING_SMALL,SIZE_SMALL_10_49,SECTOR_MANUFACTURING_SMALL|SIZE_SMALL_10_49,train
2027,SECTOR_HOSPITALITY,SIZE_SMALL_10_49,SECTOR_HOSPITALITY|SIZE_SMALL_10_49,train
2028,SECTOR_RETAIL,SIZE_SMALL_10_49,SECTOR_RETAIL|SIZE_SMALL_10_49,train
2029,SECTOR_TECH_SERVICES,SIZE_MICRO_1_9,SECTOR_TECH_SERVICES|SIZE_MICRO_1_9,train
2030,SECTOR_OTHER,SIZE_MEDIUM_50_249,SECTOR_OTHER|SIZE_MEDIUM_50_249,train
2031,SECTOR_MANUFACTURING_SMALL,SIZE_MICRO_1_9,SECTOR_MANUFACTURING_SMALL|SIZE_MICRO_1_9,train
2032,SECTOR_CONSTRUCTION,SIZE_SMALL_10_49,SECTOR_CONSTRUCTION|SIZE_SMALL_10_49,train
2033,SECTOR_TRANSPORT,SIZE_MICRO_1_9,SECTOR_TRANSPORT|SIZE_MICRO_1_9,train
2034,SECTOR_RETAIL,SIZE_MICRO_1_9,SECTOR_RETAIL|SIZE_MICRO_1_9,train
2035,SECTOR_HOSPITALITY,SIZE_MICRO_1_9,SECTOR_HOSPITALITY|SIZE_MICRO_1_9,train
2036,SECTOR_TECH_SERVICES,SIZE_SMALL_10_49,SECTOR_TECH_SERVICES|SIZE_SMALL_10_49,train
2037,SECTOR_TRANSPORT,SIZE_MEDIUM_50_249,SECTOR_TRANSPORT|SIZE_MEDIUM_50_249,test
2038,SECTOR_PROFESSIONAL_SERVICES,SIZE_MICRO_1_9,SECTOR_PROFESSIONAL_SERVICES|SIZE_MICRO_1_9,train
2039,SECTOR_TECH_SERVICES,SIZE_MICRO_1_9,SECTOR_TECH_SERVICES|SIZE_MICRO_1_9,train
2040,SECTOR_OTHER,SIZE_MICRO_1_9,SECTOR_OTHER|SIZE_MICRO_1_9,train
2041,SECTOR_MANUFACTURING_SMALL,SIZE_SMALL_10_49,SECTOR_MANUFACTURING_SMALL|SIZE_SMALL_10_49,val
2042,SECTOR_TECH_SERVICES,SIZE_SMALL_10_49,SECTOR_TECH_SERVICES|SIZE_SMALL_10_49,train
2043,SECTOR_HEALTHCARE_SMALL,SIZE_MICRO_1_9,SECTOR_HEALTHCARE_SMALL|SIZE_MICRO_1_9,train
2044,SECTOR_RETAIL,SIZE_SMALL_10_49,SECTOR_RETAIL|SIZE_SMALL_10_49,train
2045,SECTOR_TRANSPORT,SIZE_MICRO_1_9,SECTOR_TRANSPORT|SIZE_MICRO_1_9,train
2046,SECTOR_HEALTHCARE_SMALL,SIZE_MEDIUM_50_249,SECTOR_HEALTHCARE_SMALL|SIZE_MEDIUM_50_249,val
2047,SECTOR_HOSPITALITY,SIZE_MICRO_1_9,SECTOR_HOSPITALITY|SIZE_MICRO_1_9,train
2048,SECTOR_OTHER,SIZE_SMALL_10_49,SECTOR_OTHER|SIZE_SMALL_10_49,train
2049,SECTOR_MANUFACTURING_SMALL,SIZE_MICRO_1_9,SECTOR_MANUFACTURING_SMALL|SIZE_MICRO_1_9,train
2050,SECTOR_PROFESSIONAL_SERVICES,SIZE_MICRO_1_9,SECTOR_PROFESSIONAL_SERVICES|SIZE_MICRO_1_9,train
2051,SECTOR_CONSTRUCTION,SIZE_MICRO_1_9,SECTOR_CONSTRUCTION|SIZE_MICRO_1_9,train
2052,SECTOR_HOSPITALITY,SIZE_SMALL_10_49,SECTOR_HOSPITALITY|SIZE_SMALL_10_49,train
2053,SECTOR_MANUFACTURING_SMALL,SIZE_SMALL_10_49,SECTOR_MANUFACTURING_SMALL|SIZE_SMALL_10_49,train
2054,SECTOR_CONSTRUCTION,SIZE_MICRO_1_9,SECTOR_CONSTRUCTION|SIZE_MICRO_1_9,train
2055,SECTOR_CONSTRUCTION,SIZE_MICRO_1_9,SECTOR_CONSTRUCTION|SIZE_MICRO_1_9,val
2056,SECTOR_OTHER,SIZE_MICRO_1_9,SECTOR_OTHER|SIZE_MICRO_1_9,train
2057,SECTOR_HOSPITALITY,SIZE_MICRO_1_9,SECTOR_HOSPITALITY|SIZE_MICRO_1_9,train
2058,SECTOR_OTHER,SIZE_MICRO_1_9,SECTOR_OTHER|SIZE_MICRO_1_9,train
2059,SECTOR_PROFESSIONAL_SERVICES,SIZE_MICRO_1_9,SECTOR_PROFESSIONAL_SERVICES|SIZE_MICRO_1_9,train
2060,SECTOR_OTHER,SIZE_SMALL_10_49,SECTOR_OTHER|SIZE_SMALL_10_49,train
2061,SECTOR_PROFESSIONAL_SERVICES,SIZE_SMALL_10_49,SECTOR_PROFESSIONAL_SERVICES|SIZE_SMALL_10_49,train
2062,SECTOR_PROFESSIONAL_SERVICES,SIZE_MICRO_1_9,SECTOR_PROFESSIONAL_SERVICES|SIZE_MICRO_1_9,train
2063,SECTOR_HOSPITALITY,SIZE_SMALL_10_49,SECTOR_HOSPITALITY|SIZE_SMALL_10_49,train
2064,SECTOR_RETAIL,SIZE_SMALL_10_49,SECTOR_RETAIL|SIZE_SMALL_10_49,train
2065,SECTOR_HEALTHCARE_SMALL,SIZE_MICRO_1_9,SECTOR_HEALTHCARE_SMALL|SIZE_MICRO_1_9,train
2066,SECTOR_HOSPITALITY,SIZE_MICRO_1_9,SECTOR_HOSPITALITY|SIZE_MICRO_1_9,train
2067,SECTOR_MANUFACTURING_SMALL,SIZE_MICRO_1_9,SECTOR_MANUFACTURING_SMALL|SIZE_MICRO_1_9,train
2068,SECTOR_HEALTHCARE_SMALL,SIZE_MEDIUM_50_249,SECTOR_HEALTHCARE_SMALL|SIZE_MEDIUM_50_249,train
2069,SECTOR_OTHER,SIZE_MEDIUM_50_249,SECTOR_OTHER|SIZE_MEDIUM_50_249,train
2070,SECTOR_OTHER,SIZE_MICRO_1_9,SECTOR_OTHER|SIZE_MICRO_1_9,train
2071,SECTOR_TRANSPORT,SIZE_SMALL_10_49,SECTOR_TRANSPORT|SIZE_SMALL_10_49,train
2072,SECTOR_MANUFACTURING_SMALL,SIZE_SMALL_10_49,SECTOR_MANUFACTURING_SMALL|SIZE_SMALL_10_49,train
2073,SECTOR_OTHER,SIZE_SMALL_10_49,SECTOR_OTHER|SIZE_SMALL_10_49,train
2074,SECTOR_TRANSPORT,SIZE_SMALL_10_49,SECTOR_TRANSPORT|SIZE_SMALL_10_49,train
2075,SECTOR_CONSTRUCTION,SIZE_MICRO_1_9,SECTOR_CONSTRUCTION|SIZE_MICRO_1_9,val
2076,SECTOR_TRANSPORT,SIZE_MEDIUM_50_249,SECTOR_TRANSPORT|SIZE_MEDIUM_50_249,train
2077,SECTOR_PROFESSIONAL_SERVICES,SIZE_SMALL_10_49,SECTOR_PROFESSIONAL_SERVICES|SIZE_SMALL_10_49,train
2078,SECTOR_OTHER,SIZE_SMALL_10_49,SECTOR_OTHER|SIZE_SMALL_10_49,train
2079,SECTOR_HEALTHCARE_SMALL,SIZE_SMALL_10_49,SECTOR_HEALTHCARE_SMALL|SIZE_SMALL_10_49,train
2080,SECTOR_PROFESSIONAL_SERVICES,SIZE_MEDIUM_50_249,SECTOR_PROFESSIONAL_SERVICES|SIZE_MEDIUM_50_249,test
2081,SECTOR_MANUFACTURING_SMALL,SIZE_SMALL_10_49,SECTOR_MANUFACTURING_SMALL|SIZE_SMALL_10_49,train
2082,SECTOR_CONSTRUCTION,SIZE_MICRO_1_9,SECTOR_CONSTRUCTION|SIZE_MICRO_1_9,train
2083,SECTOR_OTHER,SIZE_MEDIUM_50_249,SECTOR_OTHER|SIZE_MEDIUM_50_249,train
2084,SECTOR_MANUFACTURING_SMALL,SIZE_SMALL_10_49,SECTOR_MANUFACTURING_SMALL|SIZE_SMALL_10_49,train
2085,SECTOR_PROFESSIONAL_SERVICES,SIZE_SMALL_10_49,SECTOR_PROFESSIONAL_SERVICES|SIZE_SMALL_10_49,train
2086,SECTOR_OTHER,SIZE_MICRO_1_9,SECTOR_OTHER|SIZE_MICRO_1_9,train
2087,SECTOR_TECH_SERVICES,SIZE_SMALL_10_49,SECTOR_TECH_SERVICES|SIZE_SMALL_10_49,val
2088,SECTOR_HEALTHCARE_SMALL,SIZE_MEDIUM_50_249,SECTOR_HEALTHCARE_SMALL|SIZE_MEDIUM_50_249,train
2089,SECTOR_MANUFACTURING_SMALL,SIZE_MEDIUM_50_249,SECTOR_MANUFACTURING_SMALL|SIZE_MEDIUM_50_249,train
2090,SECTOR_HOSPITALITY,SIZE_SMALL_10_49,SECTOR_HOSPITALITY|SIZE_SMALL_10_49,train
2091,SECTOR_HEALTHCARE_SMALL,SIZE_SMALL_10_49,SECTOR_HEALTHCARE_SMALL|SIZE_SMALL_10_49,train
2092,SECTOR_TECH_SERVICES,SIZE_MICRO_1_9,SECTOR_TECH_SERVICES|SIZE_MICRO_1_9,train
2093,SECTOR_PROFESSIONAL_SERVICES,SIZE_SMALL_10_49,SECTOR_PROFESSIONAL_SERVICES|SIZE_SMALL_10_49,train
2094,SECTOR_TRANSPORT,SIZE_SMALL_10_49,SECTOR_TRANSPORT|SIZE_SMALL_10_49,train
2095,SECTOR_PROFESSIONAL_SERVICES,SIZE_MICRO_1_9,SECTOR_PROFESSIONAL_SERVICES|SIZE_MICRO_1_9,train
2096,SECTOR_TECH_SERVICES,SIZE_MICRO_1_9,SECTOR_TECH_SERVICES|SIZE_MICRO_1_9,test
2097,SECTOR_RETAIL,SIZE_MICRO_1_9,SECTOR_RETAIL|SIZE_MICRO_1_9,train
2098,SECTOR_MANUFACTURING_SMALL,SIZE_MICRO_1_9,SECTOR_MANUFACTURING_SMALL|SIZE_MICRO_1_9,train
2099,SECTOR_TRANSPORT,SIZE_SMALL_10_49,SECTOR_TRANSPORT|SIZE_SMALL_10_49,train
2100,SECTOR_CONSTRUCTION,SIZE_MEDIUM_50_249,SECTOR_CONSTRUCTION|SIZE_MEDIUM_50_249,train
2101,SECTOR_OTHER,SIZE_MICRO_1_9,SECTOR_OTHER|SIZE_MICRO_1_9,train
2102,SECTOR_PROFESSIONAL_SERVICES,SIZE_MICRO_1_9,SECTOR_PROFESSIONAL_SERVICES|SIZE_MICRO_1_9,train
2103,SECTOR_PROFESSIONAL_SERVICES,SIZE_MICRO_1_9,SECTOR_PROFESSIONAL_SERVICES|SIZE_MICRO_1_9,train
2104,SECTOR_TRANSPORT,SIZE_SMALL_10_49,SECTOR_TRANSPORT|SIZE_SMALL_10_49,train
2105,SECTOR_OTHER,SIZE_MEDIUM_50_249,SECTOR_OTHER|SIZE_MEDIUM_50_249,val
2106,SECTOR_HOSPITALITY,SIZE_MEDIUM_50_249,SECTOR_HOSPITALITY|SIZE_MEDIUM_50_249,train
2107,SECTOR_TRANSPORT,SIZE_MEDIUM_50_249,SECTOR_TRANSPORT|SIZE_MEDIUM_50_249,val
2108,SECTOR_TRANSPORT,SIZE_MICRO_1_9,SECTOR_TRANSPORT|SIZE_MICRO_1_9,val
2109,SECTOR_OTHER,SIZE_MICRO_1_9,SECTOR_OTHER|SIZE_MICRO_1_9,test
2110,SECTOR_OTHER,SIZE_MEDIUM_50_249,SECTOR_OTHER|SIZE_MEDIUM_50_249,test
2111,SECTOR_OTHER,SIZE_MICRO_1_9,SECTOR_OTHER|SIZE_MICRO_1_9,train
2112,SECTOR_MANUFACTURING_SMALL,SIZE_MICRO_1_9,SECTOR_MANUFACTURING_SMALL|SIZE_MICRO_1_9,val
2113,SECTOR_TECH_SERVICES,SIZE_MICRO_1_9,SECTOR_TECH_SERVICES|SIZE_MICRO_1_9,train
2114,SECTOR_PROFESSIONAL_SERVICES,SIZE_MEDIUM_50_249,SECTOR_PROFESSIONAL_SERVICES|SIZE_MEDIUM_50_249,train
2115,SECTOR_OTHER,SIZE_MICRO_1_9,SECTOR_OTHER|SIZE_MICRO_1_9,train
2116,SECTOR_OTHER,SIZE_MEDIUM_50_249,SECTOR_OTHER|SIZE_MEDIUM_50_249,test
2117,SECTOR_CONSTRUCTION,SIZE_SMALL_10_49,SECTOR_CONSTRUCTION|SIZE_SMALL_10_49,test
2118,SECTOR_TECH_SERVICES,SIZE_MEDIUM_50_249,SECTOR_TECH_SERVICES|SIZE_MEDIUM_50_249,train
2119,SECTOR_OTHER,SIZE_SMALL_10_49,SECTOR_OTHER|SIZE_SMALL_10_49,train
2120,SECTOR_TRANSPORT,SIZE_MICRO_1_9,SECTOR_TRANSPORT|SIZE_MICRO_1_9,test
2121,SECTOR_TECH_SERVICES,SIZE_MEDIUM_50_249,SECTOR_TECH_SERVICES|SIZE_MEDIUM_50_249,train
2122,SECTOR_CONSTRUCTION,SIZE_MICRO_1_9,SECTOR_CONSTRUCTION|SIZE_MICRO_1_9,train
2123,SECTOR_HOSPITALITY,SIZE_MICRO_1_9,SECTOR_HOSPITALITY|SIZE_MICRO_1_9,train
2124,SECTOR_TRANSPORT,SIZE_SMALL_10_49,SECTOR_TRANSPORT|SIZE_SMALL_10_49,train
2125,SECTOR_MANUFACTURING_SMALL,SIZE_SMALL_10_49,SECTOR_MANUFACTURING_SMALL|SIZE_SMALL_10_49,val
2126,SECTOR_PROFESSIONAL_SERVICES,SIZE_SMALL_10_49,SECTOR_PROFESSIONAL_SERVICES|SIZE_SMALL_10_49,train
2127,SECTOR_TECH_SERVICES,SIZE_MEDIUM_50_249,SECTOR_TECH_SERVICES|SIZE_MEDIUM_50_249,train
2128,SECTOR_OTHER,SIZE_MICRO_1_9,SECTOR_OTHER|SIZE_MICRO_1_9,train
2129,SECTOR_PROFESSIONAL_SERVICES,SIZE_SMALL_10_49,SECTOR_PROFESSIONAL_SERVICES|SIZE_SMALL_10_49,train
2130,SECTOR_MANUFACTURING_SMALL,SIZE_SMALL_10_49,SECTOR_MANUFACTURING_SMALL|SIZE_SMALL_10_49,train
2131,SECTOR_MANUFACTURING_SMALL,SIZE_MICRO_1_9,SECTOR_MANUFACTURING_SMALL|SIZE_MICRO_1_9,test
2132,SECTOR_HEALTHCARE_SMALL,SIZE_MICRO_1_9,SECTOR_HEALTHCARE_SMALL|SIZE_MICRO_1_9,train
2133,SECTOR_CONSTRUCTION,SIZE_MICRO_1_9,SECTOR_CONSTRUCTION|SIZE_MICRO_1_9,val
2134,SECTOR_OTHER,SIZE_MICRO_1_9,SECTOR_OTHER|SIZE_MICRO_1_9,train
2135,SECTOR_MANUFACTURING_SMALL,SIZE_MICRO_1_9,SECTOR_MANUFACTURING_SMALL|SIZE_MICRO_1_9,train
2136,SECTOR_OTHER,SIZE_SMALL_10_49,SECTOR_OTHER|SIZE_SMALL_10_49,train
2137,SECTOR_PROFESSIONAL_SERVICES,SIZE_MICRO_1_9,SECTOR_PROFESSIONAL_SERVICES|SIZE_MICRO_1_9,train
2138,SECTOR_CONSTRUCTION,SIZE_SMALL_10_49,SECTOR_CONSTRUCTION|SIZE_SMALL_10_49,val
2139,SECTOR_TRANSPORT,SIZE_SMALL_10_49,SECTOR_TRANSPORT|SIZE_SMALL_10_49,train
2140,SECTOR_MANUFACTURING_SMALL,SIZE_SMALL_10_49,SECTOR_MANUFACTURING_SMALL|SIZE_SMALL_10_49,train
2141,SECTOR_MANUFACTURING_SMALL,SIZE_SMALL_10_49,SECTOR_MANUFACTURING_SMALL|SIZE_SMALL_10_49,train
2142,SECTOR_TECH_SERVICES,SIZE_MICRO_1_9,SECTOR_TECH_SERVICES|SIZE_MICRO_1_9,train
2143,SECTOR_HOSPITALITY,SIZE_MICRO_1_9,SECTOR_HOSPITALITY|SIZE_MICRO_1_9,train
2144,SECTOR_PROFESSIONAL_SERVICES,SIZE_MICRO_1_9,SECTOR_PROFESSIONAL_SERVICES|SIZE_MICRO_1_9,train
2145,SECTOR_PROFESSIONAL_SERVICES,SIZE_SMALL_10_49,SECTOR_PROFESSIONAL_SERVICES|SIZE_SMALL_10_49,train
2146,SECTOR_OTHER,SIZE_SMALL_10_49,SECTOR_OTHER|SIZE_SMALL_10_49,train
2147,SECTOR_TECH_SERVICES,SIZE_MICRO_1_9,SECTOR_TECH_SERVICES|SIZE_MICRO_1_9,val
2148,SECTOR_HOSPITALITY,SIZE_MICRO_1_9,SECTOR_HOSPITALITY|SIZE_MICRO_1_9,train
2149,SECTOR_MANUFACTURING_SMALL,SIZE_MICRO_1_9,SECTOR_MANUFACTURING_SMALL|SIZE_MICRO_1_9,train
2150,SECTOR_CONSTRUCTION,SIZE_SMALL_10_49,SECTOR_CONSTRUCTION|SIZE_SMALL_10_49,train
2151,SECTOR_CONSTRUCTION,SIZE_SMALL_10_49,SECTOR_CONSTRUCTION|SIZE_SMALL_10_49,train
2152,SECTOR_CONSTRUCTION,SIZE_MICRO_1_9,SECTOR_CONSTRUCTION|SIZE_MICRO_1_9,train
2153,SECTOR_OTHER,SIZE_MICRO_1_9,SECTOR_OTHER|SIZE_MICRO_1_9,train
2154,SECTOR_HOSPITALITY,SIZE_SMALL_10_49,SECTOR_HOSPITALITY|SIZE_SMALL_10_49,train
2155,SECTOR_MANUFACTURING_SMALL,SIZE_MICRO_1_9,SECTOR_MANUFACTURING_SMALL|SIZE_MICRO_1_9,train
2156,SECTOR_OTHER,SIZE_MICRO_1_9,SECTOR_OTHER|SIZE_MICRO_1_9,train
2157,SECTOR_OTHER,SIZE_MICRO_1_9,SECTOR_OTHER|SIZE_MICRO_1_9,train
2158,SECTOR_CONSTRUCTION,SIZE_MICRO_1_9,SECTOR_CONSTRUCTION|SIZE_MICRO_1_9,train
2159,SECTOR_TECH_SERVICES,SIZE_MICRO_1_9,SECTOR_TECH_SERVICES|SIZE_MICRO_1_9,train
2160,SECTOR_TECH_SERVICES,SIZE_MEDIUM_50_249,SECTOR_TECH_SERVICES|SIZE_MEDIUM_50_249,train
2161,SECTOR_MANUFACTURING_SMALL,SIZE_MICRO_1_9,SECTOR_MANUFACTURING_SMALL|SIZE_MICRO_1_9,train
2162,SECTOR_TECH_SERVICES,SIZE_SMALL_10_49,SECTOR_TECH_SERVICES|SIZE_SMALL_10_49,train
2163,SECTOR_CONSTRUCTION,SIZE_MEDIUM_50_249,SECTOR_CONSTRUCTION|SIZE_MEDIUM_50_249,val
2164,SECTOR_RETAIL,SIZE_MICRO_1_9,SECTOR_RETAIL|SIZE_MICRO_1_9,train
2165,SECTOR_HOSPITALITY,SIZE_MICRO_1_9,SECTOR_HOSPITALITY|SIZE_MICRO_1_9,train
2166,SECTOR_PROFESSIONAL_SERVICES,SIZE_SMALL_10_49,SECTOR_PROFESSIONAL_SERVICES|SIZE_SMALL_10_49,train
2167,SECTOR_OTHER,SIZE_MICRO_1_9,SECTOR_OTHER|SIZE_MICRO_1_9,train
2168,SECTOR_TECH_SERVICES,SIZE_MEDIUM_50_249,SECTOR_TECH_SERVICES|SIZE_MEDIUM_50_249,train
2169,SECTOR_CONSTRUCTION,SIZE_MICRO_1_9,SECTOR_CONSTRUCTION|SIZE_MICRO_1_9,train
2170,SECTOR_PROFESSIONAL_SERVICES,SIZE_SMALL_10_49,SECTOR_PROFESSIONAL_SERVICES|SIZE_SMALL_10_49,train
2171,SECTOR_MANUFACTURING_SMALL,SIZE_SMALL_10_49,SECTOR_MANUFACTURING_SMALL|SIZE_SMALL_10_49,train
2172,SECTOR_CONSTRUCTION,SIZE_SMALL_10_49,SECTOR_CONSTRUCTION|SIZE_SMALL_10_49,test
2173,SECTOR_HOSPITALITY,SIZE_MICRO_1_9,SECTOR_HOSPITALITY|SIZE_MICRO_1_9,train
2174,SECTOR_CONSTRUCTION,SIZE_MICRO_1_9,SECTOR_CONSTRUCTION|SIZE_MICRO_1_9,train
2175,SECTOR_OTHER,SIZE_MEDIUM_50_249,SECTOR_OTHER|SIZE_MEDIUM_50_249,train
2176,SECTOR_CONSTRUCTION,SIZE_SMALL_10_49,SECTOR_CONSTRUCTION|SIZE_SMALL_10_49,train
2177,SECTOR_RETAIL,SIZE_SMALL_10_49,SECTOR_RETAIL|SIZE_SMALL_10_49,train
2178,SECTOR_HEALTHCARE_SMALL,SIZE_SMALL_10_49,SECTOR_HEALTHCARE_SMALL|SIZE_SMALL_10_49,train
2179,SECTOR_PROFESSIONAL_SERVICES,SIZE_MICRO_1_9,SECTOR_PROFESSIONAL_SERVICES|SIZE_MICRO_1_9,train
2180,SECTOR_TECH_SERVICES,SIZE_MICRO_1_9,SECTOR_TECH_SERVICES|SIZE_MICRO_1_9,train
2181,SECTOR_CONSTRUCTION,SIZE_SMALL_10_49,SECTOR_CONSTRUCTION|SIZE_SMALL_10_49,test
2182,SECTOR_HOSPITALITY,SIZE_SMALL_10_49,SECTOR_HOSPITALITY|SIZE_SMALL_10_49,train
2183,SECTOR_CONSTRUCTION,SIZE_MICRO_1_9,SECTOR_CONSTRUCTION|SIZE_MICRO_1_9,train
2184,SECTOR_PROFESSIONAL_SERVICES,SIZE_MICRO_1_9,SECTOR_PROFESSIONAL_SERVICES|SIZE_MICRO_1_9,train
2185,SECTOR_MANUFACTURING_SMALL,SIZE_MICRO_1_9,SECTOR_MANUFACTURING_SMALL|SIZE_MICRO_1_9,val
2186,SECTOR_HOSPITALITY,SIZE_SMALL_10_49,SECTOR_HOSPITALITY|SIZE_SMALL_10_49,val
2187,SECTOR_TRANSPORT,SIZE_SMALL_10_49,SECTOR_TRANSPORT|SIZE_SMALL_10_49,train
2188,SECTOR_TECH_SERVICES,SIZE_MICRO_1_9,SECTOR_TECH_SERVICES|SIZE_MICRO_1_9,train
2189,SECTOR_CONSTRUCTION,SIZE_MEDIUM_50_249,SECTOR_CONSTRUCTION|SIZE_MEDIUM_50_249,train
2190,SECTOR_MANUFACTURING_SMALL,SIZE_MICRO_1_9,SECTOR_MANUFACTURING_SMALL|SIZE_MICRO_1_9,train
2191,SECTOR_CONSTRUCTION,SIZE_SMALL_10_49,SECTOR_CONSTRUCTION|SIZE_SMALL_10_49,train
2192,SECTOR_MANUFACTURING_SMALL,SIZE_MICRO_1_9,SECTOR_MANUFACTURING_SMALL|SIZE_MICRO_1_9,train
2193,SECTOR_RETAIL,SIZE_MICRO_1_9,SECTOR_RETAIL|SIZE_MICRO_1_9,train
2194,SECTOR_OTHER,SIZE_MEDIUM_50_249,SECTOR_OTHER|SIZE_MEDIUM_50_249,train
2195,SECTOR_TRANSPORT,SIZE_MICRO_1_9,SECTOR_TRANSPORT|SIZE_MICRO_1_9,train
2196,SECTOR_OTHER,SIZE_MEDIUM_50_249,SECTOR_OTHER|SIZE_MEDIUM_50_249,train
2197,SECTOR_OTHER,SIZE_MICRO_1_9,SECTOR_OTHER|SIZE_MICRO_1_9,train
2198,SECTOR_MANUFACTURING_SMALL,SIZE_SMALL_10_49,SECTOR_MANUFACTURING_SMALL|SIZE_SMALL_10_49,train
2199,SECTOR_TECH_SERVICES,SIZE_SMALL_10_49,SECTOR_TECH_SERVICES|SIZE_SMALL_10_49,val
2200,SECTOR_OTHER,SIZE_MICRO_1_9,SECTOR_OTHER|SIZE_MICRO_1_9,test
2201,SECTOR_HOSPITALITY,SIZE_SMALL_10_49,SECTOR_HOSPITALITY|SIZE_SMALL_10_49,train
2202,SECTOR_TRANSPORT,SIZE_SMALL_10_49,SECTOR_TRANSPORT|SIZE_SMALL_10_49,train
2203,SECTOR_MANUFACTURING_SMALL,SIZE_MICRO_1_9,SECTOR_MANUFACTURING_SMALL|SIZE_MICRO_1_9,train
2204,SECTOR_HEALTHCARE_SMALL,SIZE_MICRO_1_9,SECTOR_HEALTHCARE_SMALL|SIZE_MICRO_1_9,test
2205,SECTOR_CONSTRUCTION,SIZE_MICRO_1_9,SECTOR_CONSTRUCTION|SIZE_MICRO_1_9,test
2206,SECTOR_MANUFACTURING_SMALL,SIZE_SMALL_10_49,SECTOR_MANUFACTURING_SMALL|SIZE_SMALL_10_49,train
2207,SECTOR_TRANSPORT,SIZE_SMALL_10_49,SECTOR_TRANSPORT|SIZE_SMALL_10_49,train
2208,SECTOR_OTHER,SIZE_SMALL_10_49,SECTOR_OTHER|SIZE_SMALL_10_49,train
2209,SECTOR_TECH_SERVICES,SIZE_SMALL_10_49,SECTOR_TECH_SERVICES|SIZE_SMALL_10_49,train
2210,SECTOR_CONSTRUCTION,SIZE_MICRO_1_9,SECTOR_CONSTRUCTION|SIZE_MICRO_1_9,train
2211,SECTOR_MANUFACTURING_SMALL,SIZE_SMALL_10_49,SECTOR_MANUFACTURING_SMALL|SIZE_SMALL_10_49,train
2212,SECTOR_TRANSPORT,SIZE_SMALL_10_49,SECTOR_TRANSPORT|SIZE_SMALL_10_49,train
2213,SECTOR_HOSPITALITY,SIZE_SMALL_10_49,SECTOR_HOSPITALITY|SIZE_SMALL_10_49,val
2214,SECTOR_HEALTHCARE_SMALL,SIZE_MICRO_1_9,SECTOR_HEALTHCARE_SMALL|SIZE_MICRO_1_9,train
2215,SECTOR_TRANSPORT,SIZE_MEDIUM_50_249,SECTOR_TRANSPORT|SIZE_MEDIUM_50_249,train
2216,SECTOR_HEALTHCARE_SMALL,SIZE_MICRO_1_9,SECTOR_HEALTHCARE_SMALL|SIZE_MICRO_1_9,train
2217,SECTOR_PROFESSIONAL_SERVICES,SIZE_SMALL_10_49,SECTOR_PROFESSIONAL_SERVICES|SIZE_SMALL_10_49,train
2218,SECTOR_CONSTRUCTION,SIZE_SMALL_10_49,SECTOR_CONSTRUCTION|SIZE_SMALL_10_49,test
2219,SECTOR_OTHER,SIZE_MICRO_1_9,SECTOR_OTHER|SIZE_MICRO_1_9,train
2220,SECTOR_MANUFACTURING_SMALL,SIZE_MICRO_1_9,SECTOR_MANUFACTURING_SMALL|SIZE_MICRO_1_9,test
2221,SECTOR_OTHER,SIZE_SMALL_10_49,SECTOR_OTHER|SIZE_SMALL_10_49,train
2222,SECTOR_PROFESSIONAL_SERVICES,SIZE_MICRO_1_9,SECTOR_PROFESSIONAL_SERVICES|SIZE_MICRO_1_9,test
2223,SECTOR_TECH_SERVICES,SIZE_SMALL_10_49,SECTOR_TECH_SERVICES|SIZE_SMALL_10_49,train
2224,SECTOR_MANUFACTURING_SMALL,SIZE_SMALL_10_49,SECTOR_MANUFACTURING_SMALL|SIZE_SMALL_10_49,train
2225,SECTOR_TRANSPORT,SIZE_SMALL_10_49,SECTOR_TRANSPORT|SIZE_SMALL_10_49,train
2226,SECTOR_RETAIL,SIZE_MICRO_1_9,SECTOR_RETAIL|SIZE_MICRO_1_9,test
2227,SECTOR_MANUFACTURING_SMALL,SIZE_MICRO_1_9,SECTOR_MANUFACTURING_SMALL|SIZE_MICRO_1_9,train
2228,SECTOR_MANUFACTURING_SMALL,SIZE_MICRO_1_9,SECTOR_MANUFACTURING_SMALL|SIZE_MICRO_1_9,train
2229,SECTOR_RETAIL,SIZE_MICRO_1_9,SECTOR_RETAIL|SIZE_MICRO_1_9,train
2230,SECTOR_TECH_SERVICES,SIZE_SMALL_10_49,SECTOR_TECH_SERVICES|SIZE_SMALL_10_49,train
2231,SECTOR_RETAIL,SIZE_MICRO_1_9,SECTOR_RETAIL|SIZE_MICRO_1_9,train
2232,SECTOR_OTHER,SIZE_SMALL_10_49,SECTOR_OTHER|SIZE_SMALL_10_49,train
2233,SECTOR_HOSPITALITY,SIZE_MICRO_1_9,SECTOR_HOSPITALITY|SIZE_MICRO_1_9,train
2234,SECTOR_MANUFACTURING_SMALL,SIZE_SMALL_10_49,SECTOR_MANUFACTURING_SMALL|SIZE_SMALL_10_49,train
2235,SECTOR_OTHER,SIZE_SMALL_10_49,SECTOR_OTHER|SIZE_SMALL_10_49,train
2236,SECTOR_HEALTHCARE_SMALL,SIZE_MICRO_1_9,SECTOR_HEALTHCARE_SMALL|SIZE_MICRO_1_9,train
2237,SECTOR_HOSPITALITY,SIZE_MICRO_1_9,SECTOR_HOSPITALITY|SIZE_MICRO_1_9,train
2238,SECTOR_TRANSPORT,SIZE_SMALL_10_49,SECTOR_TRANSPORT|SIZE_SMALL_10_49,train
2239,SECTOR_PROFESSIONAL_SERVICES,SIZE_MICRO_1_9,SECTOR_PROFESSIONAL_SERVICES|SIZE_MICRO_1_9,train
2240,SECTOR_CONSTRUCTION,SIZE_MEDIUM_50_249,SECTOR_CONSTRUCTION|SIZE_MEDIUM_50_249,train
2241,SECTOR_CONSTRUCTION,SIZE_SMALL_10_49,SECTOR_CONSTRUCTION|SIZE_SMALL_10_49,train
2242,SECTOR_RETAIL,SIZE_MICRO_1_9,SECTOR_RETAIL|SIZE_MICRO_1_9,val
2243,SECTOR_TRANSPORT,SIZE_SMALL_10_49,SECTOR_TRANSPORT|SIZE_SMALL_10_49,train
2244,SECTOR_HOSPITALITY,SIZE_SMALL_10_49,SECTOR_HOSPITALITY|SIZE_SMALL_10_49,train
2245,SECTOR_CONSTRUCTION,SIZE_SMALL_10_49,SECTOR_CONSTRUCTION|SIZE_SMALL_10_49,train
2246,SECTOR_HOSPITALITY,SIZE_SMALL_10_49,SECTOR_HOSPITALITY|SIZE_SMALL_10_49,train
2247,SECTOR_MANUFACTURING_SMALL,SIZE_MICRO_1_9,SECTOR_MANUFACTURING_SMALL|SIZE_MICRO_1_9,train
2248,SECTOR_HOSPITALITY,SIZE_MICRO_1_9,SECTOR_HOSPITALITY|SIZE_MICRO_1_9,train
2249,SECTOR_HEALTHCARE_SMALL,SIZE_SMALL_10_49,SECTOR_HEALTHCARE_SMALL|SIZE_SMALL_10_49,train
2250,SECTOR_PROFESSIONAL_SERVICES,SIZE_MEDIUM_50_249,SECTOR_PROFESSIONAL_SERVICES|SIZE_MEDIUM_50_249,train
2251,SECTOR_MANUFACTURING_SMALL,SIZE_MICRO_1_9,SECTOR_MANUFACTURING_SMALL|SIZE_MICRO_1_9,train
2252,SECTOR_TECH_SERVICES,SIZE_SMALL_10_49,SECTOR_TECH_SERVICES|SIZE_SMALL_10_49,train
2253,SECTOR_HEALTHCARE_SMALL,SIZE_MICRO_1_9,SECTOR_HEALTHCARE_SMALL|SIZE_MICRO_1_9,train
2254,SECTOR_TRANSPORT,SIZE_SMALL_10_49,SECTOR_TRANSPORT|SIZE_SMALL_10_49,train
2255,SECTOR_OTHER,SIZE_SMALL_10_49,SECTOR_OTHER|SIZE_SMALL_10_49,train
2256,SECTOR_MANUFACTURING_SMALL,SIZE_MEDIUM_50_249,SECTOR_MANUFACTURING_SMALL|SIZE_MEDIUM_50_249,train
2257,SECTOR_OTHER,SIZE_MEDIUM_50_249,SECTOR_OTHER|SIZE_MEDIUM_50_249,train
2258,SECTOR_TRANSPORT,SIZE_SMALL_10_49,SECTOR_TRANSPORT|SIZE_SMALL_10_49,train
2259,SECTOR_TECH_SERVICES,SIZE_MICRO_1_9,SECTOR_TECH_SERVICES|SIZE_MICRO_1_9,train
2260,SECTOR_PROFESSIONAL_SERVICES,SIZE_MICRO_1_9,SECTOR_PROFESSIONAL_SERVICES|SIZE_MICRO_1_9,train
2261,SECTOR_TRANSPORT,SIZE_MICRO_1_9,SECTOR_TRANSPORT|SIZE_MICRO_1_9,train
2262,SECTOR_MANUFACTURING_SMALL,SIZE_SMALL_10_49,SECTOR_MANUFACTURING_SMALL|SIZE_SMALL_10_49,train
2263,SECTOR_HOSPITALITY,SIZE_MICRO_1_9,SECTOR_HOSPITALITY|SIZE_MICRO_1_9,train
2264,SECTOR_HOSPITALITY,SIZE_MICRO_1_9,SECTOR_HOSPITALITY|SIZE_MICRO_1_9,train
2265,SECTOR_HOSPITALITY,SIZE_MICRO_1_9,SECTOR_HOSPITALITY|SIZE_MICRO_1_9,val
2266,SECTOR_TECH_SERVICES,SIZE_MEDIUM_50_249,SECTOR_TECH_SERVICES|SIZE_MEDIUM_50_249,val
2267,SECTOR_OTHER,SIZE_SMALL_10_49,SECTOR_OTHER|SIZE_SMALL_10_49,train
2268,SECTOR_CONSTRUCTION,SIZE_SMALL_10_49,SECTOR_CONSTRUCTION|SIZE_SMALL_10_49,train
2269,SECTOR_TRANSPORT,SIZE_MICRO_1_9,SECTOR_TRANSPORT|SIZE_MICRO_1_9,test
2270,SECTOR_OTHER,SIZE_MICRO_1_9,SECTOR_OTHER|SIZE_MICRO_1_9,test
2271,SECTOR_HEALTHCARE_SMALL,SIZE_SMALL_10_49,SECTOR_HEALTHCARE_SMALL|SIZE_SMALL_10_49,train
2272,SECTOR_HOSPITALITY,SIZE_SMALL_10_49,SECTOR_HOSPITALITY|SIZE_SMALL_10_49,train
2273,SECTOR_TRANSPORT,SIZE_SMALL_10_49,SECTOR_TRANSPORT|SIZE_SMALL_10_49,test
2274,SECTOR_PROFESSIONAL_SERVICES,SIZE_SMALL_10_49,SECTOR_PROFESSIONAL_SERVICES|SIZE_SMALL_10_49,train
2275,SECTOR_CONSTRUCTION,SIZE_SMALL_10_49,SECTOR_CONSTRUCTION|SIZE_SMALL_10_49,test
2276,SECTOR_HEALTHCARE_SMALL,SIZE_SMALL_10_49,SECTOR_HEALTHCARE_SMALL|SIZE_SMALL_10_49,train
2277,SECTOR_MANUFACTURING_SMALL,SIZE_MICRO_1_9,SECTOR_MANUFACTURING_SMALL|SIZE_MICRO_1_9,train
2278,SECTOR_TRANSPORT,SIZE_SMALL_10_49,SECTOR_TRANSPORT|SIZE_SMALL_10_49,train
2279,SECTOR_HEALTHCARE_SMALL,SIZE_MICRO_1_9,SECTOR_HEALTHCARE_SMALL|SIZE_MICRO_1_9,train
2280,SECTOR_TRANSPORT,SIZE_MICRO_1_9,SECTOR_TRANSPORT|SIZE_MICRO_1_9,train
2281,SECTOR_TECH_SERVICES,SIZE_SMALL_10_49,SECTOR_TECH_SERVICES|SIZE_SMALL_10_49,test
2282,SECTOR_HOSPITALITY,SIZE_SMALL_10_49,SECTOR_HOSPITALITY|SIZE_SMALL_10_49,train
2283,SECTOR_TRANSPORT,SIZE_MICRO_1_9,SECTOR_TRANSPORT|SIZE_MICRO_1_9,train
2284,SECTOR_HOSPITALITY,SIZE_MICRO_1_9,SECTOR_HOSPITALITY|SIZE_MICRO_1_9,val
2285,SECTOR_TECH_SERVICES,SIZE_SMALL_10_49,SECTOR_TECH_SERVICES|SIZE_SMALL_10_49,train
2286,SECTOR_HOSPITALITY,SIZE_MICRO_1_9,SECTOR_HOSPITALITY|SIZE_MICRO_1_9,train
2287,SECTOR_MANUFACTURING_SMALL,SIZE_SMALL_10_49,SECTOR_MANUFACTURING_SMALL|SIZE_SMALL_10_49,train
2288,SECTOR_TECH_SERVICES,SIZE_MICRO_1_9,SECTOR_TECH_SERVICES|SIZE_MICRO_1_9,train
2289,SECTOR_PROFESSIONAL_SERVICES,SIZE_SMALL_10_49,SECTOR_PROFESSIONAL_SERVICES|SIZE_SMALL_10_49,train
2290,SECTOR_PROFESSIONAL_SERVICES,SIZE_SMALL_10_49,SECTOR_PROFESSIONAL_SERVICES|SIZE_SMALL_10_49,train
2291,SECTOR_CONSTRUCTION,SIZE_MICRO_1_9,SECTOR_CONSTRUCTION|SIZE_MICRO_1_9,train
2292,SECTOR_HEALTHCARE_SMALL,SIZE_MICRO_1_9,SECTOR_HEALTHCARE_SMALL|SIZE_MICRO_1_9,train
2293,SECTOR_OTHER,SIZE_SMALL_10_49,SECTOR_OTHER|SIZE_SMALL_10_49,train
2294,SECTOR_MANUFACTURING_SMALL,SIZE_MICRO_1_9,SECTOR_MANUFACTURING_SMALL|SIZE_MICRO_1_9,train
2295,SECTOR_TRANSPORT,SIZE_MICRO_1_9,SECTOR_TRANSPORT|SIZE_MICRO_1_9,train
2296,SECTOR_TRANSPORT,SIZE_SMALL_10_49,SECTOR_TRANSPORT|SIZE_SMALL_10_49,train
2297,SECTOR_HEALTHCARE_SMALL,SIZE_SMALL_10_49,SECTOR_HEALTHCARE_SMALL|SIZE_SMALL_10_49,val
2298,SECTOR_HOSPITALITY,SIZE_SMALL_10_49,SECTOR_HOSPITALITY|SIZE_SMALL_10_49,train
2299,SECTOR_OTHER,SIZE_MICRO_1_9,SECTOR_OTHER|SIZE_MICRO_1_9,train
2300,SECTOR_HOSPITALITY,SIZE_SMALL_10_49,SECTOR_HOSPITALITY|SIZE_SMALL_10_49,train
2301,SECTOR_TRANSPORT,SIZE_MICRO_1_9,SECTOR_TRANSPORT|SIZE_MICRO_1_9,train
2302,SECTOR_PROFESSIONAL_SERVICES,SIZE_MICRO_1_9,SECTOR_PROFESSIONAL_SERVICES|SIZE_MICRO_1_9,train
2303,SECTOR_TECH_SERVICES,SIZE_SMALL_10_49,SECTOR_TECH_SERVICES|SIZE_SMALL_10_49,test
2304,SECTOR_OTHER,SIZE_SMALL_10_49,SECTOR_OTHER|SIZE_SMALL_10_49,test
2305,SECTOR_RETAIL,SIZE_SMALL_10_49,SECTOR_RETAIL|SIZE_SMALL_10_49,train
2306,SECTOR_HEALTHCARE_SMALL,SIZE_SMALL_10_49,SECTOR_HEALTHCARE_SMALL|SIZE_SMALL_10_49,val
2307,SECTOR_OTHER,SIZE_MICRO_1_9,SECTOR_OTHER|SIZE_MICRO_1_9,train
2308,SECTOR_TRANSPORT,SIZE_MICRO_1_9,SECTOR_TRANSPORT|SIZE_MICRO_1_9,train
2309,SECTOR_HEALTHCARE_SMALL,SIZE_SMALL_10_49,SECTOR_HEALTHCARE_SMALL|SIZE_SMALL_10_49,train
2310,SECTOR_OTHER,SIZE_SMALL_10_49,SECTOR_OTHER|SIZE_SMALL_10_49,train
2311,SECTOR_OTHER,SIZE_SMALL_10_49,SECTOR_OTHER|SIZE_SMALL_10_49,train
2312,SECTOR_MANUFACTURING_SMALL,SIZE_SMALL_10_49,SECTOR_MANUFACTURING_SMALL|SIZE_SMALL_10_49,train
2313,SECTOR_TECH_SERVICES,SIZE_SMALL_10_49,SECTOR_TECH_SERVICES|SIZE_SMALL_10_49,train
2314,SECTOR_CONSTRUCTION,SIZE_SMALL_10_49,SECTOR_CONSTRUCTION|SIZE_SMALL_10_49,train
2315,SECTOR_RETAIL,SIZE_SMALL_10_49,SECTOR_RETAIL|SIZE_SMALL_10_49,train
2316,SECTOR_TECH_SERVICES,SIZE_SMALL_10_49,SECTOR_TECH_SERVICES|SIZE_SMALL_10_49,train
2317,SECTOR_TRANSPORT,SIZE_SMALL_10_49,SECTOR_TRANSPORT|SIZE_SMALL_10_49,train
2318,SECTOR_MANUFACTURING_SMALL,SIZE_SMALL_10_49,SECTOR_MANUFACTURING_SMALL|SIZE_SMALL_10_49,train
2319,SECTOR_TRANSPORT,SIZE_MICRO_1_9,SECTOR_TRANSPORT|SIZE_MICRO_1_9,train
2320,SECTOR_TECH_SERVICES,SIZE_MICRO_1_9,SECTOR_TECH_SERVICES|SIZE_MICRO_1_9,train
2321,SECTOR_CONSTRUCTION,SIZE_MICRO_1_9,SECTOR_CONSTRUCTION|SIZE_MICRO_1_9,train
2322,SECTOR_PROFESSIONAL_SERVICES,SIZE_SMALL_10_49,SECTOR_PROFESSIONAL_SERVICES|SIZE_SMALL_10_49,train
2323,SECTOR_CONSTRUCTION,SIZE_SMALL_10_49,SECTOR_CONSTRUCTION|SIZE_SMALL_10_49,val
2324,SECTOR_OTHER,SIZE_MICRO_1_9,SECTOR_OTHER|SIZE_MICRO_1_9,train
2325,SECTOR_RETAIL,SIZE_MICRO_1_9,SECTOR_RETAIL|SIZE_MICRO_1_9,train
2326,SECTOR_CONSTRUCTION,SIZE_MEDIUM_50_249,SECTOR_CONSTRUCTION|SIZE_MEDIUM_50_249,train
2327,SECTOR_HEALTHCARE_SMALL,SIZE_SMALL_10_49,SECTOR_HEALTHCARE_SMALL|SIZE_SMALL_10_49,test
2328,SECTOR_TECH_SERVICES,SIZE_MICRO_1_9,SECTOR_TECH_SERVICES|SIZE_MICRO_1_9,train
2329,SECTOR_TECH_SERVICES,SIZE_MICRO_1_9,SECTOR_TECH_SERVICES|SIZE_MICRO_1_9,train
2330,SECTOR_HEALTHCARE_SMALL,SIZE_SMALL_10_49,SECTOR_HEALTHCARE_SMALL|SIZE_SMALL_10_49,train
2331,SECTOR_OTHER,SIZE_MEDIUM_50_249,SECTOR_OTHER|SIZE_MEDIUM_50_249,train
2332,SECTOR_TECH_SERVICES,SIZE_MICRO_1_9,SECTOR_TECH_SERVICES|SIZE_MICRO_1_9,train
2333,SECTOR_RETAIL,SIZE_SMALL_10_49,SECTOR_RETAIL|SIZE_SMALL_10_49,train
2334,SECTOR_TRANSPORT,SIZE_SMALL_10_49,SECTOR_TRANSPORT|SIZE_SMALL_10_49,train
2335,SECTOR_HEALTHCARE_SMALL,SIZE_MICRO_1_9,SECTOR_HEALTHCARE_SMALL|SIZE_MICRO_1_9,train
2336,SECTOR_TRANSPORT,SIZE_MICRO_1_9,SECTOR_TRANSPORT|SIZE_MICRO_1_9,train
2337,SECTOR_TRANSPORT,SIZE_SMALL_10_49,SECTOR_TRANSPORT|SIZE_SMALL_10_49,train
2338,SECTOR_RETAIL,SIZE_MICRO_1_9,SECTOR_RETAIL|SIZE_MICRO_1_9,train
2339,SECTOR_MANUFACTURING_SMALL,SIZE_MICRO_1_9,SECTOR_MANUFACTURING_SMALL|SIZE_MICRO_1_9,train
2340,SECTOR_PROFESSIONAL_SERVICES,SIZE_MEDIUM_50_249,SECTOR_PROFESSIONAL_SERVICES|SIZE_MEDIUM_50_249,train
2341,SECTOR_OTHER,SIZE_SMALL_10_49,SECTOR_OTHER|SIZE_SMALL_10_49,train
2342,SECTOR_TECH_SERVICES,SIZE_MEDIUM_50_249,SECTOR_TECH_SERVICES|SIZE_MEDIUM_50_249,train
2343,SECTOR_HEALTHCARE_SMALL,SIZE_MICRO_1_9,SECTOR_HEALTHCARE_SMALL|SIZE_MICRO_1_9,train
2344,SECTOR_RETAIL,SIZE_SMALL_10_49,SECTOR_RETAIL|SIZE_SMALL_10_49,train
2345,SECTOR_TRANSPORT,SIZE_SMALL_10_49,SECTOR_TRANSPORT|SIZE_SMALL_10_49,val
2346,SECTOR_HOSPITALITY,SIZE_SMALL_10_49,SECTOR_HOSPITALITY|SIZE_SMALL_10_49,val
2347,SECTOR_HOSPITALITY,SIZE_MICRO_1_9,SECTOR_HOSPITALITY|SIZE_MICRO_1_9,train
2348,SECTOR_PROFESSIONAL_SERVICES,SIZE_MICRO_1_9,SECTOR_PROFESSIONAL_SERVICES|SIZE_MICRO_1_9,train
2349,SECTOR_OTHER,SIZE_MICRO_1_9,SECTOR_OTHER|SIZE_MICRO_1_9,train
2350,SECTOR_OTHER,SIZE_MICRO_1_9,SECTOR_OTHER|SIZE_MICRO_1_9,train
2351,SECTOR_CONSTRUCTION,SIZE_SMALL_10_49,SECTOR_CONSTRUCTION|SIZE_SMALL_10_49,train
2352,SECTOR_TECH_SERVICES,SIZE_MICRO_1_9,SECTOR_TECH_SERVICES|SIZE_MICRO_1_9,test
2353,SECTOR_PROFESSIONAL_SERVICES,SIZE_MICRO_1_9,SECTOR_PROFESSIONAL_SERVICES|SIZE_MICRO_1_9,train
2354,SECTOR_PROFESSIONAL_SERVICES,SIZE_MEDIUM_50_249,SECTOR_PROFESSIONAL_SERVICES|SIZE_MEDIUM_50_249,train
2355,SECTOR_TECH_SERVICES,SIZE_MICRO_1_9,SECTOR_TECH_SERVICES|SIZE_MICRO_1_9,test
2356,SECTOR_RETAIL,SIZE_MICRO_1_9,SECTOR_RETAIL|SIZE_MICRO_1_9,test
2357,SECTOR_TRANSPORT,SIZE_MICRO_1_9,SECTOR_TRANSPORT|SIZE_MICRO_1_9,train
2358,SECTOR_RETAIL,SIZE_MEDIUM_50_249,SECTOR_RETAIL|SIZE_MEDIUM_50_249,val
2359,SECTOR_HEALTHCARE_SMALL,SIZE_SMALL_10_49,SECTOR_HEALTHCARE_SMALL|SIZE_SMALL_10_49,train
2360,SECTOR_MANUFACTURING_SMALL,SIZE_MICRO_1_9,SECTOR_MANUFACTURING_SMALL|SIZE_MICRO_1_9,train
2361,SECTOR_MANUFACTURING_SMALL,SIZE_MICRO_1_9,SECTOR_MANUFACTURING_SMALL|SIZE_MICRO_1_9,train
2362,SECTOR_MANUFACTURING_SMALL,SIZE_MEDIUM_50_249,SECTOR_MANUFACTURING_SMALL|SIZE_MEDIUM_50_249,train
2363,SECTOR_HOSPITALITY,SIZE_SMALL_10_49,SECTOR_HOSPITALITY|SIZE_SMALL_10_49,train
2364,SECTOR_CONSTRUCTION,SIZE_SMALL_10_49,SECTOR_CONSTRUCTION|SIZE_SMALL_10_49,train
2365,SECTOR_PROFESSIONAL_SERVICES,SIZE_MICRO_1_9,SECTOR_PROFESSIONAL_SERVICES|SIZE_MICRO_1_9,train
2366,SECTOR_HEALTHCARE_SMALL,SIZE_MICRO_1_9,SECTOR_HEALTHCARE_SMALL|SIZE_MICRO_1_9,train
2367,SECTOR_CONSTRUCTION,SIZE_MICRO_1_9,SECTOR_CONSTRUCTION|SIZE_MICRO_1_9,train
2368,SECTOR_TRANSPORT,SIZE_SMALL_10_49,SECTOR_TRANSPORT|SIZE_SMALL_10_49,train
2369,SECTOR_MANUFACTURING_SMALL,SIZE_MICRO_1_9,SECTOR_MANUFACTURING_SMALL|SIZE_MICRO_1_9,val
2370,SECTOR_TECH_SERVICES,SIZE_MICRO_1_9,SECTOR_TECH_SERVICES|SIZE_MICRO_1_9,train
2371,SECTOR_OTHER,SIZE_SMALL_10_49,SECTOR_OTHER|SIZE_SMALL_10_49,train
2372,SECTOR_OTHER,SIZE_SMALL_10_49,SECTOR_OTHER|SIZE_SMALL_10_49,train
2373,SECTOR_CONSTRUCTION,SIZE_SMALL_10_49,SECTOR_CONSTRUCTION|SIZE_SMALL_10_49,train
2374,SECTOR_OTHER,SIZE_MICRO_1_9,SECTOR_OTHER|SIZE_MICRO_1_9,train
2375,SECTOR_HOSPITALITY,SIZE_SMALL_10_49,SECTOR_HOSPITALITY|SIZE_SMALL_10_49,test
2376,SECTOR_PROFESSIONAL_SERVICES,SIZE_MICRO_1_9,SECTOR_PROFESSIONAL_SERVICES|SIZE_MICRO_1_9,train
2377,SECTOR_OTHER,SIZE_MICRO_1_9,SECTOR_OTHER|SIZE_MICRO_1_9,train
2378,SECTOR_PROFESSIONAL_SERVICES,SIZE_MICRO_1_9,SECTOR_PROFESSIONAL_SERVICES|SIZE_MICRO_1_9,train
2379,SECTOR_MANUFACTURING_SMALL,SIZE_SMALL_10_49,SECTOR_MANUFACTURING_SMALL|SIZE_SMALL_10_49,train
2380,SECTOR_MANUFACTURING_SMALL,SIZE_SMALL_10_49,SECTOR_MANUFACTURING_SMALL|SIZE_SMALL_10_49,train
2381,SECTOR_TRANSPORT,SIZE_MICRO_1_9,SECTOR_TRANSPORT|SIZE_MICRO_1_9,train
2382,SECTOR_MANUFACTURING_SMALL,SIZE_MICRO_1_9,SECTOR_MANUFACTURING_SMALL|SIZE_MICRO_1_9,train
2383,SECTOR_TECH_SERVICES,SIZE_MICRO_1_9,SECTOR_TECH_SERVICES|SIZE_MICRO_1_9,train
2384,SECTOR_TECH_SERVICES,SIZE_MICRO_1_9,SECTOR_TECH_SERVICES|SIZE_MICRO_1_9,test
2385,SECTOR_OTHER,SIZE_MICRO_1_9,SECTOR_OTHER|SIZE_MICRO_1_9,train
2386,SECTOR_MANUFACTURING_SMALL,SIZE_MICRO_1_9,SECTOR_MANUFACTURING_SMALL|SIZE_MICRO_1_9,val
2387,SECTOR_TECH_SERVICES,SIZE_MEDIUM_50_249,SECTOR_TECH_SERVICES|SIZE_MEDIUM_50_249,train
2388,SECTOR_TECH_SERVICES,SIZE_MICRO_1_9,SECTOR_TECH_SERVICES|SIZE_MICRO_1_9,val
2389,SECTOR_MANUFACTURING_SMALL,SIZE_SMALL_10_49,SECTOR_MANUFACTURING_SMALL|SIZE_SMALL_10_49,train
2390,SECTOR_TECH_SERVICES,SIZE_MICRO_1_9,SECTOR_TECH_SERVICES|SIZE_MICRO_1_9,train
2391,SECTOR_PROFESSIONAL_SERVICES,SIZE_MEDIUM_50_249,SECTOR_PROFESSIONAL_SERVICES|SIZE_MEDIUM_50_249,train
2392,SECTOR_RETAIL,SIZE_MEDIUM_50_249,SECTOR_RETAIL|SIZE_MEDIUM_50_249,train
2393,SECTOR_MANUFACTURING_SMALL,SIZE_SMALL_10_49,SECTOR_MANUFACTURING_SMALL|SIZE_SMALL_10_49,train
2394,SECTOR_MANUFACTURING_SMALL,SIZE_SMALL_10_49,SECTOR_MANUFACTURING_SMALL|SIZE_SMALL_10_49,train
2395,SECTOR_CONSTRUCTION,SIZE_MICRO_1_9,SECTOR_CONSTRUCTION|SIZE_MICRO_1_9,train
2396,SECTOR_CONSTRUCTION,SIZE_MICRO_1_9,SECTOR_CONSTRUCTION|SIZE_MICRO_1_9,train
2397,SECTOR_RETAIL,SIZE_MICRO_1_9,SECTOR_RETAIL|SIZE_MICRO_1_9,val
2398,SECTOR_HEALTHCARE_SMALL,SIZE_MICRO_1_9,SECTOR_HEALTHCARE_SMALL|SIZE_MICRO_1_9,train
2399,SECTOR_TECH_SERVICES,SIZE_SMALL_10_49,SECTOR_TECH_SERVICES|SIZE_SMALL_10_49,train
2400,SECTOR_OTHER,SIZE_MICRO_1_9,SECTOR_OTHER|SIZE_MICRO_1_9,train
2401,SECTOR_HEALTHCARE_SMALL,SIZE_SMALL_10_49,SECTOR_HEALTHCARE_SMALL|SIZE_SMALL_10_49,train
2402,SECTOR_TRANSPORT,SIZE_SMALL_10_49,SECTOR_TRANSPORT|SIZE_SMALL_10_49,val
2403,SECTOR_TECH_SERVICES,SIZE_SMALL_10_49,SECTOR_TECH_SERVICES|SIZE_SMALL_10_49,train
2404,SECTOR_TECH_SERVICES,SIZE_SMALL_10_49,SECTOR_TECH_SERVICES|SIZE_SMALL_10_49,train
2405,SECTOR_TRANSPORT,SIZE_SMALL_10_49,SECTOR_TRANSPORT|SIZE_SMALL_10_49,train
2406,SECTOR_TRANSPORT,SIZE_SMALL_10_49,SECTOR_TRANSPORT|SIZE_SMALL_10_49,train
2407,SECTOR_RETAIL,SIZE_MEDIUM_50_249,SECTOR_RETAIL|SIZE_MEDIUM_50_249,train
2408,SECTOR_RETAIL,SIZE_MEDIUM_50_249,SECTOR_RETAIL|SIZE_MEDIUM_50_249,train
2409,SECTOR_MANUFACTURING_SMALL,SIZE_MICRO_1_9,SECTOR_MANUFACTURING_SMALL|SIZE_MICRO_1_9,train
2410,SECTOR_MANUFACTURING_SMALL,SIZE_MICRO_1_9,SECTOR_MANUFACTURING_SMALL|SIZE_MICRO_1_9,train
2411,SECTOR_HOSPITALITY,SIZE_MICRO_1_9,SECTOR_HOSPITALITY|SIZE_MICRO_1_9,test
2412,SECTOR_PROFESSIONAL_SERVICES,SIZE_SMALL_10_49,SECTOR_PROFESSIONAL_SERVICES|SIZE_SMALL_10_49,train
2413,SECTOR_RETAIL,SIZE_MICRO_1_9,SECTOR_RETAIL|SIZE_MICRO_1_9,train
2414,SECTOR_MANUFACTURING_SMALL,SIZE_MICRO_1_9,SECTOR_MANUFACTURING_SMALL|SIZE_MICRO_1_9,train
2415,SECTOR_OTHER,SIZE_MICRO_1_9,SECTOR_OTHER|SIZE_MICRO_1_9,train
2416,SECTOR_HOSPITALITY,SIZE_SMALL_10_49,SECTOR_HOSPITALITY|SIZE_SMALL_10_49,train
2417,SECTOR_CONSTRUCTION,SIZE_SMALL_10_49,SECTOR_CONSTRUCTION|SIZE_SMALL_10_49,train
2418,SECTOR_HEALTHCARE_SMALL,SIZE_SMALL_10_49,SECTOR_HEALTHCARE_SMALL|SIZE_SMALL_10_49,train
2419,SECTOR_OTHER,SIZE_MICRO_1_9,SECTOR_OTHER|SIZE_MICRO_1_9,train
2420,SECTOR_HEALTHCARE_SMALL,SIZE_MICRO_1_9,SECTOR_HEALTHCARE_SMALL|SIZE_MICRO_1_9,train
2421,SECTOR_HEALTHCARE_SMALL,SIZE_MICRO_1_9,SECTOR_HEALTHCARE_SMALL|SIZE_MICRO_1_9,train
2422,SECTOR_OTHER,SIZE_MEDIUM_50_249,SECTOR_OTHER|SIZE_MEDIUM_50_249,train
2423,SECTOR_RETAIL,SIZE_MEDIUM_50_249,SECTOR_RETAIL|SIZE_MEDIUM_50_249,train
2424,SECTOR_PROFESSIONAL_SERVICES,SIZE_MEDIUM_50_249,SECTOR_PROFESSIONAL_SERVICES|SIZE_MEDIUM_50_249,train
2425,SECTOR_HOSPITALITY,SIZE_SMALL_10_49,SECTOR_HOSPITALITY|SIZE_SMALL_10_49,train
2426,SECTOR_RETAIL,SIZE_MEDIUM_50_249,SECTOR_RETAIL|SIZE_MEDIUM_50_249,train
2427,SECTOR_HOSPITALITY,SIZE_SMALL_10_49,SECTOR_HOSPITALITY|SIZE_SMALL_10_49,train
2428,SECTOR_RETAIL,SIZE_SMALL_10_49,SECTOR_RETAIL|SIZE_SMALL_10_49,train
2429,SECTOR_TECH_SERVICES,SIZE_MICRO_1_9,SECTOR_TECH_SERVICES|SIZE_MICRO_1_9,train
2430,SECTOR_MANUFACTURING_SMALL,SIZE_SMALL_10_49,SECTOR_MANUFACTURING_SMALL|SIZE_SMALL_10_49,val
2431,SECTOR_TECH_SERVICES,SIZE_MICRO_1_9,SECTOR_TECH_SERVICES|SIZE_MICRO_1_9,val
2432,SECTOR_PROFESSIONAL_SERVICES,SIZE_MICRO_1_9,SECTOR_PROFESSIONAL_SERVICES|SIZE_MICRO_1_9,train
2433,SECTOR_TECH_SERVICES,SIZE_MICRO_1_9,SECTOR_TECH_SERVICES|SIZE_MICRO_1_9,train
2434,SECTOR_CONSTRUCTION,SIZE_SMALL_10_49,SECTOR_CONSTRUCTION|SIZE_SMALL_10_49,train
2435,SECTOR_HEALTHCARE_SMALL,SIZE_MEDIUM_50_249,SECTOR_HEALTHCARE_SMALL|SIZE_MEDIUM_50_249,test
2436,SECTOR_TECH_SERVICES,SIZE_MICRO_1_9,SECTOR_TECH_SERVICES|SIZE_MICRO_1_9,train
2437,SECTOR_HOSPITALITY,SIZE_SMALL_10_49,SECTOR_HOSPITALITY|SIZE_SMALL_10_49,train
2438,SECTOR_PROFESSIONAL_SERVICES,SIZE_MICRO_1_9,SECTOR_PROFESSIONAL_SERVICES|SIZE_MICRO_1_9,test
2439,SECTOR_PROFESSIONAL_SERVICES,SIZE_MEDIUM_50_249,SECTOR_PROFESSIONAL_SERVICES|SIZE_MEDIUM_50_249,train
2440,SECTOR_HEALTHCARE_SMALL,SIZE_MICRO_1_9,SECTOR_HEALTHCARE_SMALL|SIZE_MICRO_1_9,train
2441,SECTOR_PROFESSIONAL_SERVICES,SIZE_SMALL_10_49,SECTOR_PROFESSIONAL_SERVICES|SIZE_SMALL_10_49,test
2442,SECTOR_PROFESSIONAL_SERVICES,SIZE_MICRO_1_9,SECTOR_PROFESSIONAL_SERVICES|SIZE_MICRO_1_9,train
2443,SECTOR_OTHER,SIZE_MICRO_1_9,SECTOR_OTHER|SIZE_MICRO_1_9,train
2444,SECTOR_HEALTHCARE_SMALL,SIZE_MICRO_1_9,SECTOR_HEALTHCARE_SMALL|SIZE_MICRO_1_9,train
2445,SECTOR_TRANSPORT,SIZE_MICRO_1_9,SECTOR_TRANSPORT|SIZE_MICRO_1_9,train
2446,SECTOR_HOSPITALITY,SIZE_MEDIUM_50_249,SECTOR_HOSPITALITY|SIZE_MEDIUM_50_249,val
2447,SECTOR_MANUFACTURING_SMALL,SIZE_MICRO_1_9,SECTOR_MANUFACTURING_SMALL|SIZE_MICRO_1_9,test
2448,SECTOR_PROFESSIONAL_SERVICES,SIZE_SMALL_10_49,SECTOR_PROFESSIONAL_SERVICES|SIZE_SMALL_10_49,train
2449,SECTOR_CONSTRUCTION,SIZE_MICRO_1_9,SECTOR_CONSTRUCTION|SIZE_MICRO_1_9,train
2450,SECTOR_HOSPITALITY,SIZE_MICRO_1_9,SECTOR_HOSPITALITY|SIZE_MICRO_1_9,test
2451,SECTOR_PROFESSIONAL_SERVICES,SIZE_SMALL_10_49,SECTOR_PROFESSIONAL_SERVICES|SIZE_SMALL_10_49,train
2452,SECTOR_HOSPITALITY,SIZE_SMALL_10_49,SECTOR_HOSPITALITY|SIZE_SMALL_10_49,train
2453,SECTOR_HEALTHCARE_SMALL,SIZE_SMALL_10_49,SECTOR_HEALTHCARE_SMALL|SIZE_SMALL_10_49,test
2454,SECTOR_CONSTRUCTION,SIZE_MICRO_1_9,SECTOR_CONSTRUCTION|SIZE_MICRO_1_9,test
2455,SECTOR_TECH_SERVICES,SIZE_MEDIUM_50_249,SECTOR_TECH_SERVICES|SIZE_MEDIUM_50_249,test
2456,SECTOR_TECH_SERVICES,SIZE_MICRO_1_9,SECTOR_TECH_SERVICES|SIZE_MICRO_1_9,test
2457,SECTOR_RETAIL,SIZE_SMALL_10_49,SECTOR_RETAIL|SIZE_SMALL_10_49,train
2458,SECTOR_MANUFACTURING_SMALL,SIZE_MICRO_1_9,SECTOR_MANUFACTURING_SMALL|SIZE_MICRO_1_9,train
2459,SECTOR_TECH_SERVICES,SIZE_MICRO_1_9,SECTOR_TECH_SERVICES|SIZE_MICRO_1_9,train
2460,SECTOR_RETAIL,SIZE_MICRO_1_9,SECTOR_RETAIL|SIZE_MICRO_1_9,train
2461,SECTOR_OTHER,SIZE_MICRO_1_9,SECTOR_OTHER|SIZE_MICRO_1_9,train
2462,SECTOR_OTHER,SIZE_SMALL_10_49,SECTOR_OTHER|SIZE_SMALL_10_49,train
2463,SECTOR_TECH_SERVICES,SIZE_MICRO_1_9,SECTOR_TECH_SERVICES|SIZE_MICRO_1_9,train
2464,SECTOR_TECH_SERVICES,SIZE_MICRO_1_9,SECTOR_TECH_SERVICES|SIZE_MICRO_1_9,train
2465,SECTOR_TRANSPORT,SIZE_MICRO_1_9,SECTOR_TRANSPORT|SIZE_MICRO_1_9,train
2466,SECTOR_HOSPITALITY,SIZE_MICRO_1_9,SECTOR_HOSPITALITY|SIZE_MICRO_1_9,val
2467,SECTOR_MANUFACTURING_SMALL,SIZE_MEDIUM_50_249,SECTOR_MANUFACTURING_SMALL|SIZE_MEDIUM_50_249,train
2468,SECTOR_MANUFACTURING_SMALL,SIZE_SMALL_10_49,SECTOR_MANUFACTURING_SMALL|SIZE_SMALL_10_49,train
2469,SECTOR_CONSTRUCTION,SIZE_MICRO_1_9,SECTOR_CONSTRUCTION|SIZE_MICRO_1_9,val
2470,SECTOR_RETAIL,SIZE_MICRO_1_9,SECTOR_RETAIL|SIZE_MICRO_1_9,train
2471,SECTOR_MANUFACTURING_SMALL,SIZE_MICRO_1_9,SECTOR_MANUFACTURING_SMALL|SIZE_MICRO_1_9,train
2472,SECTOR_OTHER,SIZE_MICRO_1_9,SECTOR_OTHER|SIZE_MICRO_1_9,train
2473,SECTOR_OTHER,SIZE_MICRO_1_9,SECTOR_OTHER|SIZE_MICRO_1_9,train
2474,SECTOR_RETAIL,SIZE_MEDIUM_50_249,SECTOR_RETAIL|SIZE_MEDIUM_50_249,train
2475,SECTOR_OTHER,SIZE_MEDIUM_50_249,SECTOR_OTHER|SIZE_MEDIUM_50_249,train
2476,SECTOR_OTHER,SIZE_MICRO_1_9,SECTOR_OTHER|SIZE_MICRO_1_9,train
2477,SECTOR_TRANSPORT,SIZE_MICRO_1_9,SECTOR_TRANSPORT|SIZE_MICRO_1_9,train
2478,SECTOR_CONSTRUCTION,SIZE_MICRO_1_9,SECTOR_CONSTRUCTION|SIZE_MICRO_1_9,train
2479,SECTOR_MANUFACTURING_SMALL,SIZE_MICRO_1_9,SECTOR_MANUFACTURING_SMALL|SIZE_MICRO_1_9,train
2480,SECTOR_MANUFACTURING_SMALL,SIZE_SMALL_10_49,SECTOR_MANUFACTURING_SMALL|SIZE_SMALL_10_49,train
2481,SECTOR_CONSTRUCTION,SIZE_SMALL_10_49,SECTOR_CONSTRUCTION|SIZE_SMALL_10_49,train
2482,SECTOR_PROFESSIONAL_SERVICES,SIZE_SMALL_10_49,SECTOR_PROFESSIONAL_SERVICES|SIZE_SMALL_10_49,val
2483,SECTOR_TECH_SERVICES,SIZE_MICRO_1_9,SECTOR_TECH_SERVICES|SIZE_MICRO_1_9,test
2484,SECTOR_TECH_SERVICES,SIZE_SMALL_10_49,SECTOR_TECH_SERVICES|SIZE_SMALL_10_49,test
2485,SECTOR_HOSPITALITY,SIZE_MICRO_1_9,SECTOR_HOSPITALITY|SIZE_MICRO_1_9,train
2486,SECTOR_TRANSPORT,SIZE_MICRO_1_9,SECTOR_TRANSPORT|SIZE_MICRO_1_9,val
2487,SECTOR_MANUFACTURING_SMALL,SIZE_SMALL_10_49,SECTOR_MANUFACTURING_SMALL|SIZE_SMALL_10_49,train
2488,SECTOR_OTHER,SIZE_SMALL_10_49,SECTOR_OTHER|SIZE_SMALL_10_49,train
2489,SECTOR_HEALTHCARE_SMALL,SIZE_SMALL_10_49,SECTOR_HEALTHCARE_SMALL|SIZE_SMALL_10_49,train
2490,SECTOR_CONSTRUCTION,SIZE_MICRO_1_9,SECTOR_CONSTRUCTION|SIZE_MICRO_1_9,train
2491,SECTOR_TECH_SERVICES,SIZE_SMALL_10_49,SECTOR_TECH_SERVICES|SIZE_SMALL_10_49,train
2492,SECTOR_RETAIL,SIZE_SMALL_10_49,SECTOR_RETAIL|SIZE_SMALL_10_49,train
2493,SECTOR_PROFESSIONAL_SERVICES,SIZE_SMALL_10_49,SECTOR_PROFESSIONAL_SERVICES|SIZE_SMALL_10_49,train
2494,SECTOR_TRANSPORT,SIZE_MICRO_1_9,SECTOR_TRANSPORT|SIZE_MICRO_1_9,val
2495,SECTOR_TRANSPORT,SIZE_SMALL_10_49,SECTOR_TRANSPORT|SIZE_SMALL_10_49,val
2496,SECTOR_TECH_SERVICES,SIZE_SMALL_10_49,SECTOR_TECH_SERVICES|SIZE_SMALL_10_49,train
2497,SECTOR_PROFESSIONAL_SERVICES,SIZE_MICRO_1_9,SECTOR_PROFESSIONAL_SERVICES|SIZE_MICRO_1_9,train
2498,SECTOR_TRANSPORT,SIZE_SMALL_10_49,SECTOR_TRANSPORT|SIZE_SMALL_10_49,test
2499,SECTOR_PROFESSIONAL_SERVICES,SIZE_MICRO_1_9,SECTOR_PROFESSIONAL_SERVICES|SIZE_MICRO_1_9,train
2500,SECTOR_TRANSPORT,SIZE_MICRO_1_9,SECTOR_TRANSPORT|SIZE_MICRO_1_9,train
2501,SECTOR_OTHER,SIZE_MICRO_1_9,SECTOR_OTHER|SIZE_MICRO_1_9,train
2502,SECTOR_TECH_SERVICES,SIZE_MICRO_1_9,SECTOR_TECH_SERVICES|SIZE_MICRO_1_9,train
2503,SECTOR_MANUFACTURING_SMALL,SIZE_MICRO_1_9,SECTOR_MANUFACTURING_SMALL|SIZE_MICRO_1_9,val
2504,SECTOR_TECH_SERVICES,SIZE_SMALL_10_49,SECTOR_TECH_SERVICES|SIZE_SMALL_10_49,train
2505,SECTOR_CONSTRUCTION,SIZE_SMALL_10_49,SECTOR_CONSTRUCTION|SIZE_SMALL_10_49,train
2506,SECTOR_HEALTHCARE_SMALL,SIZE_MICRO_1_9,SECTOR_HEALTHCARE_SMALL|SIZE_MICRO_1_9,val
2507,SECTOR_PROFESSIONAL_SERVICES,SIZE_MICRO_1_9,SECTOR_PROFESSIONAL_SERVICES|SIZE_MICRO_1_9,train
2508,SECTOR_HOSPITALITY,SIZE_MICRO_1_9,SECTOR_HOSPITALITY|SIZE_MICRO_1_9,train
2509,SECTOR_OTHER,SIZE_MICRO_1_9,SECTOR_OTHER|SIZE_MICRO_1_9,train
2510,SECTOR_RETAIL,SIZE_SMALL_10_49,SECTOR_RETAIL|SIZE_SMALL_10_49,train
2511,SECTOR_HEALTHCARE_SMALL,SIZE_MICRO_1_9,SECTOR_HEALTHCARE_SMALL|SIZE_MICRO_1_9,train
2512,SECTOR_RETAIL,SIZE_SMALL_10_49,SECTOR_RETAIL|SIZE_SMALL_10_49,train
2513,SECTOR_CONSTRUCTION,SIZE_SMALL_10_49,SECTOR_CONSTRUCTION|SIZE_SMALL_10_49,train
2514,SECTOR_OTHER,SIZE_MICRO_1_9,SECTOR_OTHER|SIZE_MICRO_1_9,train
2515,SECTOR_PROFESSIONAL_SERVICES,SIZE_MICRO_1_9,SECTOR_PROFESSIONAL_SERVICES|SIZE_MICRO_1_9,val
2516,SECTOR_TRANSPORT,SIZE_MICRO_1_9,SECTOR_TRANSPORT|SIZE_MICRO_1_9,train
2517,SECTOR_PROFESSIONAL_SERVICES,SIZE_SMALL_10_49,SECTOR_PROFESSIONAL_SERVICES|SIZE_SMALL_10_49,val
2518,SECTOR_PROFESSIONAL_SERVICES,SIZE_MICRO_1_9,SECTOR_PROFESSIONAL_SERVICES|SIZE_MICRO_1_9,train
2519,SECTOR_HEALTHCARE_SMALL,SIZE_MICRO_1_9,SECTOR_HEALTHCARE_SMALL|SIZE_MICRO_1_9,train
2520,SECTOR_RETAIL,SIZE_SMALL_10_49,SECTOR_RETAIL|SIZE_SMALL_10_49,train
2521,SECTOR_OTHER,SIZE_MICRO_1_9,SECTOR_OTHER|SIZE_MICRO_1_9,train
2522,SECTOR_PROFESSIONAL_SERVICES,SIZE_SMALL_10_49,SECTOR_PROFESSIONAL_SERVICES|SIZE_SMALL_10_49,train
2523,SECTOR_PROFESSIONAL_SERVICES,SIZE_MEDIUM_50_249,SECTOR_PROFESSIONAL_SERVICES|SIZE_MEDIUM_50_249,train
2524,SECTOR_RETAIL,SIZE_SMALL_10_49,SECTOR_RETAIL|SIZE_SMALL_10_49,train
2525,SECTOR_TECH_SERVICES,SIZE_SMALL_10_49,SECTOR_TECH_SERVICES|SIZE_SMALL_10_49,train
2526,SECTOR_TRANSPORT,SIZE_MICRO_1_9,SECTOR_TRANSPORT|SIZE_MICRO_1_9,val
2527,SECTOR_RETAIL,SIZE_SMALL_10_49,SECTOR_RETAIL|SIZE_SMALL_10_49,train
2528,SECTOR_OTHER,SIZE_SMALL_10_49,SECTOR_OTHER|SIZE_SMALL_10_49,test
2529,SECTOR_RETAIL,SIZE_SMALL_10_49,SECTOR_RETAIL|SIZE_SMALL_10_49,train
2530,SECTOR_RETAIL,SIZE_MEDIUM_50_249,SECTOR_RETAIL|SIZE_MEDIUM_50_249,test
2531,SECTOR_MANUFACTURING_SMALL,SIZE_MICRO_1_9,SECTOR_MANUFACTURING_SMALL|SIZE_MICRO_1_9,train
2532,SECTOR_PROFESSIONAL_SERVICES,SIZE_SMALL_10_49,SECTOR_PROFESSIONAL_SERVICES|SIZE_SMALL_10_49,train
2533,SECTOR_CONSTRUCTION,SIZE_MICRO_1_9,SECTOR_CONSTRUCTION|SIZE_MICRO_1_9,train
2534,SECTOR_HOSPITALITY,SIZE_MICRO_1_9,SECTOR_HOSPITALITY|SIZE_MICRO_1_9,val
2535,SECTOR_TRANSPORT,SIZE_MICRO_1_9,SECTOR_TRANSPORT|SIZE_MICRO_1_9,train
2536,SECTOR_RETAIL,SIZE_MICRO_1_9,SECTOR_RETAIL|SIZE_MICRO_1_9,train
2537,SECTOR_HOSPITALITY,SIZE_MICRO_1_9,SECTOR_HOSPITALITY|SIZE_MICRO_1_9,test
2538,SECTOR_OTHER,SIZE_MEDIUM_50_249,SECTOR_OTHER|SIZE_MEDIUM_50_249,train
2539,SECTOR_HOSPITALITY,SIZE_SMALL_10_49,SECTOR_HOSPITALITY|SIZE_SMALL_10_49,test
2540,SECTOR_OTHER,SIZE_SMALL_10_49,SECTOR_OTHER|SIZE_SMALL_10_49,train
2541,SECTOR_TRANSPORT,SIZE_MICRO_1_9,SECTOR_TRANSPORT|SIZE_MICRO_1_9,val
2542,SECTOR_HOSPITALITY,SIZE_SMALL_10_49,SECTOR_HOSPITALITY|SIZE_SMALL_10_49,test
2543,SECTOR_HOSPITALITY,SIZE_SMALL_10_49,SECTOR_HOSPITALITY|SIZE_SMALL_10_49,train
2544,SECTOR_MANUFACTURING_SMALL,SIZE_SMALL_10_49,SECTOR_MANUFACTURING_SMALL|SIZE_SMALL_10_49,train
2545,SECTOR_HEALTHCARE_SMALL,SIZE_MICRO_1_9,SECTOR_HEALTHCARE_SMALL|SIZE_MICRO_1_9,train
2546,SECTOR_TRANSPORT,SIZE_MICRO_1_9,SECTOR_TRANSPORT|SIZE_MICRO_1_9,train
2547,SECTOR_OTHER,SIZE_MICRO_1_9,SECTOR_OTHER|SIZE_MICRO_1_9,train
2548,SECTOR_RETAIL,SIZE_MICRO_1_9,SECTOR_RETAIL|SIZE_MICRO_1_9,val
2549,SECTOR_TRANSPORT,SIZE_SMALL_10_49,SECTOR_TRANSPORT|SIZE_SMALL_10_49,train
2550,SECTOR_PROFESSIONAL_SERVICES,SIZE_MICRO_1_9,SECTOR_PROFESSIONAL_SERVICES|SIZE_MICRO_1_9,train
2551,SECTOR_TRANSPORT,SIZE_MICRO_1_9,SECTOR_TRANSPORT|SIZE_MICRO_1_9,train
2552,SECTOR_TRANSPORT,SIZE_MICRO_1_9,SECTOR_TRANSPORT|SIZE_MICRO_1_9,train
2553,SECTOR_MANUFACTURING_SMALL,SIZE_SMALL_10_49,SECTOR_MANUFACTURING_SMALL|SIZE_SMALL_10_49,train
2554,SECTOR_HEALTHCARE_SMALL,SIZE_MICRO_1_9,SECTOR_HEALTHCARE_SMALL|SIZE_MICRO_1_9,train
2555,SECTOR_PROFESSIONAL_SERVICES,SIZE_MEDIUM_50_249,SECTOR_PROFESSIONAL_SERVICES|SIZE_MEDIUM_50_249,train
2556,SECTOR_HOSPITALITY,SIZE_MEDIUM_50_249,SECTOR_HOSPITALITY|SIZE_MEDIUM_50_249,train
2557,SECTOR_CONSTRUCTION,SIZE_SMALL_10_49,SECTOR_CONSTRUCTION|SIZE_SMALL_10_49,train
2558,SECTOR_PROFESSIONAL_SERVICES,SIZE_MICRO_1_9,SECTOR_PROFESSIONAL_SERVICES|SIZE_MICRO_1_9,train
2559,SECTOR_HOSPITALITY,SIZE_MICRO_1_9,SECTOR_HOSPITALITY|SIZE_MICRO_1_9,train
2560,SECTOR_TRANSPORT,SIZE_MICRO_1_9,SECTOR_TRANSPORT|SIZE_MICRO_1_9,train
2561,SECTOR_MANUFACTURING_SMALL,SIZE_SMALL_10_49,SECTOR_MANUFACTURING_SMALL|SIZE_SMALL_10_49,train
2562,SECTOR_HOSPITALITY,SIZE_MICRO_1_9,SECTOR_HOSPITALITY|SIZE_MICRO_1_9,train
2563,SECTOR_RETAIL,SIZE_MICRO_1_9,SECTOR_RETAIL|SIZE_MICRO_1_9,train
2564,SECTOR_HEALTHCARE_SMALL,SIZE_MICRO_1_9,SECTOR_HEALTHCARE_SMALL|SIZE_MICRO_1_9,train
2565,SECTOR_HOSPITALITY,SIZE_MICRO_1_9,SECTOR_HOSPITALITY|SIZE_MICRO_1_9,train
2566,SECTOR_HEALTHCARE_SMALL,SIZE_SMALL_10_49,SECTOR_HEALTHCARE_SMALL|SIZE_SMALL_10_49,train
2567,SECTOR_CONSTRUCTION,SIZE_SMALL_10_49,SECTOR_CONSTRUCTION|SIZE_SMALL_10_49,train
2568,SECTOR_CONSTRUCTION,SIZE_MICRO_1_9,SECTOR_CONSTRUCTION|SIZE_MICRO_1_9,train
2569,SECTOR_PROFESSIONAL_SERVICES,SIZE_SMALL_10_49,SECTOR_PROFESSIONAL_SERVICES|SIZE_SMALL_10_49,train
2570,SECTOR_PROFESSIONAL_SERVICES,SIZE_MEDIUM_50_249,SECTOR_PROFESSIONAL_SERVICES|SIZE_MEDIUM_50_249,train
2571,SECTOR_CONSTRUCTION,SIZE_SMALL_10_49,SECTOR_CONSTRUCTION|SIZE_SMALL_10_49,train
2572,SECTOR_OTHER,SIZE_MEDIUM_50_249,SECTOR_OTHER|SIZE_MEDIUM_50_249,train
2573,SECTOR_PROFESSIONAL_SERVICES,SIZE_MICRO_1_9,SECTOR_PROFESSIONAL_SERVICES|SIZE_MICRO_1_9,train
2574,SECTOR_HOSPITALITY,SIZE_MICRO_1_9,SECTOR_HOSPITALITY|SIZE_MICRO_1_9,val
2575,SECTOR_HEALTHCARE_SMALL,SIZE_SMALL_10_49,SECTOR_HEALTHCARE_SMALL|SIZE_SMALL_10_49,train
2576,SECTOR_HOSPITALITY,SIZE_SMALL_10_49,SECTOR_HOSPITALITY|SIZE_SMALL_10_49,train
2577,SECTOR_PROFESSIONAL_SERVICES,SIZE_SMALL_10_49,SECTOR_PROFESSIONAL_SERVICES|SIZE_SMALL_10_49,val
2578,SECTOR_TECH_SERVICES,SIZE_MICRO_1_9,SECTOR_TECH_SERVICES|SIZE_MICRO_1_9,val
2579,SECTOR_CONSTRUCTION,SIZE_MICRO_1_9,SECTOR_CONSTRUCTION|SIZE_MICRO_1_9,train
2580,SECTOR_CONSTRUCTION,SIZE_MICRO_1_9,SECTOR_CONSTRUCTION|SIZE_MICRO_1_9,train
2581,SECTOR_MANUFACTURING_SMALL,SIZE_SMALL_10_49,SECTOR_MANUFACTURING_SMALL|SIZE_SMALL_10_49,train
2582,SECTOR_RETAIL,SIZE_MICRO_1_9,SECTOR_RETAIL|SIZE_MICRO_1_9,test
2583,SECTOR_RETAIL,SIZE_MICRO_1_9,SECTOR_RETAIL|SIZE_MICRO_1_9,train
2584,SECTOR_HEALTHCARE_SMALL,SIZE_MICRO_1_9,SECTOR_HEALTHCARE_SMALL|SIZE_MICRO_1_9,train
2585,SECTOR_TECH_SERVICES,SIZE_MEDIUM_50_249,SECTOR_TECH_SERVICES|SIZE_MEDIUM_50_249,train
2586,SECTOR_MANUFACTURING_SMALL,SIZE_SMALL_10_49,SECTOR_MANUFACTURING_SMALL|SIZE_SMALL_10_49,train
2587,SECTOR_HEALTHCARE_SMALL,SIZE_MICRO_1_9,SECTOR_HEALTHCARE_SMALL|SIZE_MICRO_1_9,train
2588,SECTOR_RETAIL,SIZE_MICRO_1_9,SECTOR_RETAIL|SIZE_MICRO_1_9,train
2589,SECTOR_RETAIL,SIZE_SMALL_10_49,SECTOR_RETAIL|SIZE_SMALL_10_49,train
2590,SECTOR_PROFESSIONAL_SERVICES,SIZE_MICRO_1_9,SECTOR_PROFESSIONAL_SERVICES|SIZE_MICRO_1_9,train
2591,SECTOR_HOSPITALITY,SIZE_MICRO_1_9,SECTOR_HOSPITALITY|SIZE_MICRO_1_9,train
2592,SECTOR_TECH_SERVICES,SIZE_MICRO_1_9,SECTOR_TECH_SERVICES|SIZE_MICRO_1_9,train
2593,SECTOR_PROFESSIONAL_SERVICES,SIZE_MICRO_1_9,SECTOR_PROFESSIONAL_SERVICES|SIZE_MICRO_1_9,val
2594,SECTOR_HOSPITALITY,SIZE_MEDIUM_50_249,SECTOR_HOSPITALITY|SIZE_MEDIUM_50_249,train
2595,SECTOR_RETAIL,SIZE_SMALL_10_49,SECTOR_RETAIL|SIZE_SMALL_10_49,train
2596,SECTOR_OTHER,SIZE_MICRO_1_9,SECTOR_OTHER|SIZE_MICRO_1_9,train
2597,SECTOR_HOSPITALITY,SIZE_MICRO_1_9,SECTOR_HOSPITALITY|SIZE_MICRO_1_9,train
2598,SECTOR_RETAIL,SIZE_SMALL_10_49,SECTOR_RETAIL|SIZE_SMALL_10_49,val
2599,SECTOR_RETAIL,SIZE_SMALL_10_49,SECTOR_RETAIL|SIZE_SMALL_10_49,train
2600,SECTOR_HOSPITALITY,SIZE_SMALL_10_49,SECTOR_HOSPITALITY|SIZE_SMALL_10_49,train
2601,SECTOR_PROFESSIONAL_SERVICES,SIZE_MICRO_1_9,SECTOR_PROFESSIONAL_SERVICES|SIZE_MICRO_1_9,val
2602,SECTOR_MANUFACTURING_SMALL,SIZE_SMALL_10_49,SECTOR_MANUFACTURING_SMALL|SIZE_SMALL_10_49,val
2603,SECTOR_PROFESSIONAL_SERVICES,SIZE_SMALL_10_49,SECTOR_PROFESSIONAL_SERVICES|SIZE_SMALL_10_49,train
2604,SECTOR_CONSTRUCTION,SIZE_MEDIUM_50_249,SECTOR_CONSTRUCTION|SIZE_MEDIUM_50_249,train
2605,SECTOR_TRANSPORT,SIZE_MICRO_1_9,SECTOR_TRANSPORT|SIZE_MICRO_1_9,test
2606,SECTOR_TECH_SERVICES,SIZE_MICRO_1_9,SECTOR_TECH_SERVICES|SIZE_MICRO_1_9,train
2607,SECTOR_RETAIL,SIZE_SMALL_10_49,SECTOR_RETAIL|SIZE_SMALL_10_49,train
2608,SECTOR_HEALTHCARE_SMALL,SIZE_MICRO_1_9,SECTOR_HEALTHCARE_SMALL|SIZE_MICRO_1_9,train
2609,SECTOR_PROFESSIONAL_SERVICES,SIZE_MICRO_1_9,SECTOR_PROFESSIONAL_SERVICES|SIZE_MICRO_1_9,train
2610,SECTOR_HEALTHCARE_SMALL,SIZE_SMALL_10_49,SECTOR_HEALTHCARE_SMALL|SIZE_SMALL_10_49,train
2611,SECTOR_HEALTHCARE_SMALL,SIZE_SMALL_10_49,SECTOR_HEALTHCARE_SMALL|SIZE_SMALL_10_49,train
2612,SECTOR_TRANSPORT,SIZE_MICRO_1_9,SECTOR_TRANSPORT|SIZE_MICRO_1_9,test
2613,SECTOR_HOSPITALITY,SIZE_MICRO_1_9,SECTOR_HOSPITALITY|SIZE_MICRO_1_9,train
2614,SECTOR_OTHER,SIZE_MICRO_1_9,SECTOR_OTHER|SIZE_MICRO_1_9,train
2615,SECTOR_PROFESSIONAL_SERVICES,SIZE_MICRO_1_9,SECTOR_PROFESSIONAL_SERVICES|SIZE_MICRO_1_9,train
2616,SECTOR_CONSTRUCTION,SIZE_SMALL_10_49,SECTOR_CONSTRUCTION|SIZE_SMALL_10_49,train
2617,SECTOR_HEALTHCARE_SMALL,SIZE_SMALL_10_49,SECTOR_HEALTHCARE_SMALL|SIZE_SMALL_10_49,train
2618,SECTOR_OTHER,SIZE_MICRO_1_9,SECTOR_OTHER|SIZE_MICRO_1_9,train
2619,SECTOR_OTHER,SIZE_SMALL_10_49,SECTOR_OTHER|SIZE_SMALL_10_49,train
2620,SECTOR_PROFESSIONAL_SERVICES,SIZE_MICRO_1_9,SECTOR_PROFESSIONAL_SERVICES|SIZE_MICRO_1_9,test
2621,SECTOR_CONSTRUCTION,SIZE_SMALL_10_49,SECTOR_CONSTRUCTION|SIZE_SMALL_10_49,train
2622,SECTOR_HOSPITALITY,SIZE_MICRO_1_9,SECTOR_HOSPITALITY|SIZE_MICRO_1_9,train
2623,SECTOR_TRANSPORT,SIZE_MICRO_1_9,SECTOR_TRANSPORT|SIZE_MICRO_1_9,train
2624,SECTOR_PROFESSIONAL_SERVICES,SIZE_SMALL_10_49,SECTOR_PROFESSIONAL_SERVICES|SIZE_SMALL_10_49,train
2625,SECTOR_CONSTRUCTION,SIZE_MICRO_1_9,SECTOR_CONSTRUCTION|SIZE_MICRO_1_9,train
2626,SECTOR_RETAIL,SIZE_MICRO_1_9,SECTOR_RETAIL|SIZE_MICRO_1_9,train
2627,SECTOR_TRANSPORT,SIZE_SMALL_10_49,SECTOR_TRANSPORT|SIZE_SMALL_10_49,train
2628,SECTOR_HEALTHCARE_SMALL,SIZE_MICRO_1_9,SECTOR_HEALTHCARE_SMALL|SIZE_MICRO_1_9,test
2629,SECTOR_TRANSPORT,SIZE_MEDIUM_50_249,SECTOR_TRANSPORT|SIZE_MEDIUM_50_249,train
2630,SECTOR_TRANSPORT,SIZE_MICRO_1_9,SECTOR_TRANSPORT|SIZE_MICRO_1_9,test
2631,SECTOR_HOSPITALITY,SIZE_MICRO_1_9,SECTOR_HOSPITALITY|SIZE_MICRO_1_9,train
2632,SECTOR_HOSPITALITY,SIZE_SMALL_10_49,SECTOR_HOSPITALITY|SIZE_SMALL_10_49,train
2633,SECTOR_HOSPITALITY,SIZE_MICRO_1_9,SECTOR_HOSPITALITY|SIZE_MICRO_1_9,train
2634,SECTOR_HOSPITALITY,SIZE_SMALL_10_49,SECTOR_HOSPITALITY|SIZE_SMALL_10_49,train
2635,SECTOR_HEALTHCARE_SMALL,SIZE_MICRO_1_9,SECTOR_HEALTHCARE_SMALL|SIZE_MICRO_1_9,train
2636,SECTOR_HEALTHCARE_SMALL,SIZE_SMALL_10_49,SECTOR_HEALTHCARE_SMALL|SIZE_SMALL_10_49,train
2637,SECTOR_OTHER,SIZE_SMALL_10_49,SECTOR_OTHER|SIZE_SMALL_10_49,train
2638,SECTOR_OTHER,SIZE_SMALL_10_49,SECTOR_OTHER|SIZE_SMALL_10_49,train
2639,SECTOR_PROFESSIONAL_SERVICES,SIZE_MICRO_1_9,SECTOR_PROFESSIONAL_SERVICES|SIZE_MICRO_1_9,train
2640,SECTOR_RETAIL,SIZE_MICRO_1_9,SECTOR_RETAIL|SIZE_MICRO_1_9,train
2641,SECTOR_HEALTHCARE_SMALL,SIZE_SMALL_10_49,SECTOR_HEALTHCARE_SMALL|SIZE_SMALL_10_49,test
2642,SECTOR_PROFESSIONAL_SERVICES,SIZE_MICRO_1_9,SECTOR_PROFESSIONAL_SERVICES|SIZE_MICRO_1_9,train
2643,SECTOR_TECH_SERVICES,SIZE_SMALL_10_49,SECTOR_TECH_SERVICES|SIZE_SMALL_10_49,val
2644,SECTOR_RETAIL,SIZE_MICRO_1_9,SECTOR_RETAIL|SIZE_MICRO_1_9,train
2645,SECTOR_HEALTHCARE_SMALL,SIZE_SMALL_10_49,SECTOR_HEALTHCARE_SMALL|SIZE_SMALL_10_49,train
2646,SECTOR_OTHER,SIZE_MICRO_1_9,SECTOR_OTHER|SIZE_MICRO_1_9,train
2647,SECTOR_TECH_SERVICES,SIZE_SMALL_10_49,SECTOR_TECH_SERVICES|SIZE_SMALL_10_49,train
2648,SECTOR_RETAIL,SIZE_SMALL_10_49,SECTOR_RETAIL|SIZE_SMALL_10_49,train
2649,SECTOR_OTHER,SIZE_MICRO_1_9,SECTOR_OTHER|SIZE_MICRO_1_9,train
2650,SECTOR_TECH_SERVICES,SIZE_MICRO_1_9,SECTOR_TECH_SERVICES|SIZE_MICRO_1_9,train
2651,SECTOR_HOSPITALITY,SIZE_MICRO_1_9,SECTOR_HOSPITALITY|SIZE_MICRO_1_9,train
2652,SECTOR_CONSTRUCTION,SIZE_MEDIUM_50_249,SECTOR_CONSTRUCTION|SIZE_MEDIUM_50_249,val
2653,SECTOR_TRANSPORT,SIZE_SMALL_10_49,SECTOR_TRANSPORT|SIZE_SMALL_10_49,train
2654,SECTOR_OTHER,SIZE_MICRO_1_9,SECTOR_OTHER|SIZE_MICRO_1_9,val
2655,SECTOR_MANUFACTURING_SMALL,SIZE_SMALL_10_49,SECTOR_MANUFACTURING_SMALL|SIZE_SMALL_10_49,train
2656,SECTOR_TECH_SERVICES,SIZE_SMALL_10_49,SECTOR_TECH_SERVICES|SIZE_SMALL_10_49,val
2657,SECTOR_TRANSPORT,SIZE_MICRO_1_9,SECTOR_TRANSPORT|SIZE_MICRO_1_9,train
2658,SECTOR_HEALTHCARE_SMALL,SIZE_MEDIUM_50_249,SECTOR_HEALTHCARE_SMALL|SIZE_MEDIUM_50_249,train
2659,SECTOR_TRANSPORT,SIZE_SMALL_10_49,SECTOR_TRANSPORT|SIZE_SMALL_10_49,train
2660,SECTOR_HOSPITALITY,SIZE_MICRO_1_9,SECTOR_HOSPITALITY|SIZE_MICRO_1_9,train
2661,SECTOR_HEALTHCARE_SMALL,SIZE_MICRO_1_9,SECTOR_HEALTHCARE_SMALL|SIZE_MICRO_1_9,train
2662,SECTOR_HEALTHCARE_SMALL,SIZE_MICRO_1_9,SECTOR_HEALTHCARE_SMALL|SIZE_MICRO_1_9,train
2663,SECTOR_HOSPITALITY,SIZE_MICRO_1_9,SECTOR_HOSPITALITY|SIZE_MICRO_1_9,train
2664,SECTOR_OTHER,SIZE_MICRO_1_9,SECTOR_OTHER|SIZE_MICRO_1_9,train
2665,SECTOR_OTHER,SIZE_MICRO_1_9,SECTOR_OTHER|SIZE_MICRO_1_9,train
2666,SECTOR_PROFESSIONAL_SERVICES,SIZE_MEDIUM_50_249,SECTOR_PROFESSIONAL_SERVICES|SIZE_MEDIUM_50_249,train
2667,SECTOR_PROFESSIONAL_SERVICES,SIZE_SMALL_10_49,SECTOR_PROFESSIONAL_SERVICES|SIZE_SMALL_10_49,train
2668,SECTOR_HOSPITALITY,SIZE_MICRO_1_9,SECTOR_HOSPITALITY|SIZE_MICRO_1_9,test
2669,SECTOR_TRANSPORT,SIZE_SMALL_10_49,SECTOR_TRANSPORT|SIZE_SMALL_10_49,train
2670,SECTOR_PROFESSIONAL_SERVICES,SIZE_MICRO_1_9,SECTOR_PROFESSIONAL_SERVICES|SIZE_MICRO_1_9,val
2671,SECTOR_MANUFACTURING_SMALL,SIZE_MEDIUM_50_249,SECTOR_MANUFACTURING_SMALL|SIZE_MEDIUM_50_249,train
2672,SECTOR_OTHER,SIZE_SMALL_10_49,SECTOR_OTHER|SIZE_SMALL_10_49,train
2673,SECTOR_RETAIL,SIZE_MICRO_1_9,SECTOR_RETAIL|SIZE_MICRO_1_9,train
2674,SECTOR_TRANSPORT,SIZE_MICRO_1_9,SECTOR_TRANSPORT|SIZE_MICRO_1_9,val
2675,SECTOR_TECH_SERVICES,SIZE_MICRO_1_9,SECTOR_TECH_SERVICES|SIZE_MICRO_1_9,val
2676,SECTOR_HEALTHCARE_SMALL,SIZE_MEDIUM_50_249,SECTOR_HEALTHCARE_SMALL|SIZE_MEDIUM_50_249,train
2677,SECTOR_RETAIL,SIZE_MEDIUM_50_249,SECTOR_RETAIL|SIZE_MEDIUM_50_249,train
2678,SECTOR_OTHER,SIZE_MICRO_1_9,SECTOR_OTHER|SIZE_MICRO_1_9,train
2679,SECTOR_TRANSPORT,SIZE_SMALL_10_49,SECTOR_TRANSPORT|SIZE_SMALL_10_49,val
2680,SECTOR_PROFESSIONAL_SERVICES,SIZE_MEDIUM_50_249,SECTOR_PROFESSIONAL_SERVICES|SIZE_MEDIUM_50_249,train
2681,SECTOR_TECH_SERVICES,SIZE_SMALL_10_49,SECTOR_TECH_SERVICES|SIZE_SMALL_10_49,train
2682,SECTOR_MANUFACTURING_SMALL,SIZE_MICRO_1_9,SECTOR_MANUFACTURING_SMALL|SIZE_MICRO_1_9,train
2683,SECTOR_MANUFACTURING_SMALL,SIZE_SMALL_10_49,SECTOR_MANUFACTURING_SMALL|SIZE_SMALL_10_49,train
2684,SECTOR_OTHER,SIZE_MICRO_1_9,SECTOR_OTHER|SIZE_MICRO_1_9,train
2685,SECTOR_CONSTRUCTION,SIZE_MICRO_1_9,SECTOR_CONSTRUCTION|SIZE_MICRO_1_9,train
2686,SECTOR_PROFESSIONAL_SERVICES,SIZE_SMALL_10_49,SECTOR_PROFESSIONAL_SERVICES|SIZE_SMALL_10_49,test
2687,SECTOR_CONSTRUCTION,SIZE_SMALL_10_49,SECTOR_CONSTRUCTION|SIZE_SMALL_10_49,val
2688,SECTOR_TECH_SERVICES,SIZE_MICRO_1_9,SECTOR_TECH_SERVICES|SIZE_MICRO_1_9,train
2689,SECTOR_TRANSPORT,SIZE_MEDIUM_50_249,SECTOR_TRANSPORT|SIZE_MEDIUM_50_249,val
2690,SECTOR_RETAIL,SIZE_MICRO_1_9,SECTOR_RETAIL|SIZE_MICRO_1_9,train
2691,SECTOR_TRANSPORT,SIZE_MICRO_1_9,SECTOR_TRANSPORT|SIZE_MICRO_1_9,train
2692,SECTOR_OTHER,SIZE_MICRO_1_9,SECTOR_OTHER|SIZE_MICRO_1_9,test
2693,SECTOR_TECH_SERVICES,SIZE_SMALL_10_49,SECTOR_TECH_SERVICES|SIZE_SMALL_10_49,train
2694,SECTOR_RETAIL,SIZE_SMALL_10_49,SECTOR_RETAIL|SIZE_SMALL_10_49,train
2695,SECTOR_TRANSPORT,SIZE_MEDIUM_50_249,SECTOR_TRANSPORT|SIZE_MEDIUM_50_249,train
2696,SECTOR_TRANSPORT,SIZE_MICRO_1_9,SECTOR_TRANSPORT|SIZE_MICRO_1_9,val
2697,SECTOR_RETAIL,SIZE_SMALL_10_49,SECTOR_RETAIL|SIZE_SMALL_10_49,test
2698,SECTOR_HEALTHCARE_SMALL,SIZE_MICRO_1_9,SECTOR_HEALTHCARE_SMALL|SIZE_MICRO_1_9,val
2699,SECTOR_PROFESSIONAL_SERVICES,SIZE_SMALL_10_49,SECTOR_PROFESSIONAL_SERVICES|SIZE_SMALL_10_49,val
2700,SECTOR_TECH_SERVICES,SIZE_SMALL_10_49,SECTOR_TECH_SERVICES|SIZE_SMALL_10_49,val
2701,SECTOR_HEALTHCARE_SMALL,SIZE_MICRO_1_9,SECTOR_HEALTHCARE_SMALL|SIZE_MICRO_1_9,train
2702,SECTOR_TECH_SERVICES,SIZE_MEDIUM_50_249,SECTOR_TECH_SERVICES|SIZE_MEDIUM_50_249,train
2703,SECTOR_TECH_SERVICES,SIZE_SMALL_10_49,SECTOR_TECH_SERVICES|SIZE_SMALL_10_49,train
2704,SECTOR_HEALTHCARE_SMALL,SIZE_MICRO_1_9,SECTOR_HEALTHCARE_SMALL|SIZE_MICRO_1_9,train
2705,SECTOR_PROFESSIONAL_SERVICES,SIZE_MICRO_1_9,SECTOR_PROFESSIONAL_SERVICES|SIZE_MICRO_1_9,train
2706,SECTOR_RETAIL,SIZE_SMALL_10_49,SECTOR_RETAIL|SIZE_SMALL_10_49,train
2707,SECTOR_MANUFACTURING_SMALL,SIZE_SMALL_10_49,SECTOR_MANUFACTURING_SMALL|SIZE_SMALL_10_49,test
2708,SECTOR_TRANSPORT,SIZE_MICRO_1_9,SECTOR_TRANSPORT|SIZE_MICRO_1_9,train
2709,SECTOR_MANUFACTURING_SMALL,SIZE_SMALL_10_49,SECTOR_MANUFACTURING_SMALL|SIZE_SMALL_10_49,train
2710,SECTOR_HOSPITALITY,SIZE_SMALL_10_49,SECTOR_HOSPITALITY|SIZE_SMALL_10_49,train
2711,SECTOR_TECH_SERVICES,SIZE_SMALL_10_49,SECTOR_TECH_SERVICES|SIZE_SMALL_10_49,train
2712,SECTOR_CONSTRUCTION,SIZE_MEDIUM_50_249,SECTOR_CONSTRUCTION|SIZE_MEDIUM_50_249,test
2713,SECTOR_TECH_SERVICES,SIZE_SMALL_10_49,SECTOR_TECH_SERVICES|SIZE_SMALL_10_49,train
2714,SECTOR_TECH_SERVICES,SIZE_MEDIUM_50_249,SECTOR_TECH_SERVICES|SIZE_MEDIUM_50_249,train
2715,SECTOR_TECH_SERVICES,SIZE_MICRO_1_9,SECTOR_TECH_SERVICES|SIZE_MICRO_1_9,train
2716,SECTOR_CONSTRUCTION,SIZE_SMALL_10_49,SECTOR_CONSTRUCTION|SIZE_SMALL_10_49,train
2717,SECTOR_RETAIL,SIZE_MICRO_1_9,SECTOR_RETAIL|SIZE_MICRO_1_9,train
2718,SECTOR_MANUFACTURING_SMALL,SIZE_MICRO_1_9,SECTOR_MANUFACTURING_SMALL|SIZE_MICRO_1_9,train
2719,SECTOR_OTHER,SIZE_MICRO_1_9,SECTOR_OTHER|SIZE_MICRO_1_9,train
2720,SECTOR_MANUFACTURING_SMALL,SIZE_MICRO_1_9,SECTOR_MANUFACTURING_SMALL|SIZE_MICRO_1_9,train
2721,SECTOR_CONSTRUCTION,SIZE_SMALL_10_49,SECTOR_CONSTRUCTION|SIZE_SMALL_10_49,train
2722,SECTOR_OTHER,SIZE_MICRO_1_9,SECTOR_OTHER|SIZE_MICRO_1_9,train
2723,SECTOR_PROFESSIONAL_SERVICES,SIZE_MICRO_1_9,SECTOR_PROFESSIONAL_SERVICES|SIZE_MICRO_1_9,train
2724,SECTOR_OTHER,SIZE_MICRO_1_9,SECTOR_OTHER|SIZE_MICRO_1_9,train
2725,SECTOR_PROFESSIONAL_SERVICES,SIZE_MICRO_1_9,SECTOR_PROFESSIONAL_SERVICES|SIZE_MICRO_1_9,train
2726,SECTOR_TECH_SERVICES,SIZE_MEDIUM_50_249,SECTOR_TECH_SERVICES|SIZE_MEDIUM_50_249,train
2727,SECTOR_TRANSPORT,SIZE_MICRO_1_9,SECTOR_TRANSPORT|SIZE_MICRO_1_9,val
2728,SECTOR_PROFESSIONAL_SERVICES,SIZE_MICRO_1_9,SECTOR_PROFESSIONAL_SERVICES|SIZE_MICRO_1_9,train
2729,SECTOR_RETAIL,SIZE_SMALL_10_49,SECTOR_RETAIL|SIZE_SMALL_10_49,train
2730,SECTOR_RETAIL,SIZE_SMALL_10_49,SECTOR_RETAIL|SIZE_SMALL_10_49,train
2731,SECTOR_HOSPITALITY,SIZE_MICRO_1_9,SECTOR_HOSPITALITY|SIZE_MICRO_1_9,train
2732,SECTOR_CONSTRUCTION,SIZE_SMALL_10_49,SECTOR_CONSTRUCTION|SIZE_SMALL_10_49,train
2733,SECTOR_MANUFACTURING_SMALL,SIZE_SMALL_10_49,SECTOR_MANUFACTURING_SMALL|SIZE_SMALL_10_49,test
2734,SECTOR_RETAIL,SIZE_SMALL_10_49,SECTOR_RETAIL|SIZE_SMALL_10_49,train
2735,SECTOR_HOSPITALITY,SIZE_MICRO_1_9,SECTOR_HOSPITALITY|SIZE_MICRO_1_9,test
2736,SECTOR_PROFESSIONAL_SERVICES,SIZE_SMALL_10_49,SECTOR_PROFESSIONAL_SERVICES|SIZE_SMALL_10_49,train
2737,SECTOR_CONSTRUCTION,SIZE_MEDIUM_50_249,SECTOR_CONSTRUCTION|SIZE_MEDIUM_50_249,val
2738,SECTOR_RETAIL,SIZE_MICRO_1_9,SECTOR_RETAIL|SIZE_MICRO_1_9,train
2739,SECTOR_RETAIL,SIZE_MICRO_1_9,SECTOR_RETAIL|SIZE_MICRO_1_9,train
2740,SECTOR_TRANSPORT,SIZE_MICRO_1_9,SECTOR_TRANSPORT|SIZE_MICRO_1_9,train
2741,SECTOR_RETAIL,SIZE_SMALL_10_49,SECTOR_RETAIL|SIZE_SMALL_10_49,test
2742,SECTOR_CONSTRUCTION,SIZE_MICRO_1_9,SECTOR_CONSTRUCTION|SIZE_MICRO_1_9,train
2743,SECTOR_HOSPITALITY,SIZE_SMALL_10_49,SECTOR_HOSPITALITY|SIZE_SMALL_10_49,train
2744,SECTOR_OTHER,SIZE_SMALL_10_49,SECTOR_OTHER|SIZE_SMALL_10_49,train
2745,SECTOR_HOSPITALITY,SIZE_MICRO_1_9,SECTOR_HOSPITALITY|SIZE_MICRO_1_9,train
2746,SECTOR_HEALTHCARE_SMALL,SIZE_SMALL_10_49,SECTOR_HEALTHCARE_SMALL|SIZE_SMALL_10_49,train
2747,SECTOR_HOSPITALITY,SIZE_MEDIUM_50_249,SECTOR_HOSPITALITY|SIZE_MEDIUM_50_249,train
2748,SECTOR_TRANSPORT,SIZE_SMALL_10_49,SECTOR_TRANSPORT|SIZE_SMALL_10_49,train
2749,SECTOR_TRANSPORT,SIZE_MICRO_1_9,SECTOR_TRANSPORT|SIZE_MICRO_1_9,train
2750,SECTOR_TRANSPORT,SIZE_MEDIUM_50_249,SECTOR_TRANSPORT|SIZE_MEDIUM_50_249,train
2751,SECTOR_TRANSPORT,SIZE_MICRO_1_9,SECTOR_TRANSPORT|SIZE_MICRO_1_9,val
2752,SECTOR_TECH_SERVICES,SIZE_SMALL_10_49,SECTOR_TECH_SERVICES|SIZE_SMALL_10_49,val
2753,SECTOR_MANUFACTURING_SMALL,SIZE_MICRO_1_9,SECTOR_MANUFACTURING_SMALL|SIZE_MICRO_1_9,train
2754,SECTOR_MANUFACTURING_SMALL,SIZE_MICRO_1_9,SECTOR_MANUFACTURING_SMALL|SIZE_MICRO_1_9,train
2755,SECTOR_RETAIL,SIZE_SMALL_10_49,SECTOR_RETAIL|SIZE_SMALL_10_49,train
2756,SECTOR_CONSTRUCTION,SIZE_MICRO_1_9,SECTOR_CONSTRUCTION|SIZE_MICRO_1_9,train
2757,SECTOR_CONSTRUCTION,SIZE_SMALL_10_49,SECTOR_CONSTRUCTION|SIZE_SMALL_10_49,train
2758,SECTOR_TECH_SERVICES,SIZE_MICRO_1_9,SECTOR_TECH_SERVICES|SIZE_MICRO_1_9,train
2759,SECTOR_HEALTHCARE_SMALL,SIZE_MICRO_1_9,SECTOR_HEALTHCARE_SMALL|SIZE_MICRO_1_9,train
2760,SECTOR_TRANSPORT,SIZE_MEDIUM_50_249,SECTOR_TRANSPORT|SIZE_MEDIUM_50_249,train
2761,SECTOR_HOSPITALITY,SIZE_MICRO_1_9,SECTOR_HOSPITALITY|SIZE_MICRO_1_9,train
2762,SECTOR_TRANSPORT,SIZE_MICRO_1_9,SECTOR_TRANSPORT|SIZE_MICRO_1_9,train
2763,SECTOR_TRANSPORT,SIZE_MEDIUM_50_249,SECTOR_TRANSPORT|SIZE_MEDIUM_50_249,train
2764,SECTOR_HOSPITALITY,SIZE_MICRO_1_9,SECTOR_HOSPITALITY|SIZE_MICRO_1_9,train
2765,SECTOR_HOSPITALITY,SIZE_SMALL_10_49,SECTOR_HOSPITALITY|SIZE_SMALL_10_49,test
2766,SECTOR_TRANSPORT,SIZE_MICRO_1_9,SECTOR_TRANSPORT|SIZE_MICRO_1_9,train
2767,SECTOR_PROFESSIONAL_SERVICES,SIZE_SMALL_10_49,SECTOR_PROFESSIONAL_SERVICES|SIZE_SMALL_10_49,train
2768,SECTOR_RETAIL,SIZE_MICRO_1_9,SECTOR_RETAIL|SIZE_MICRO_1_9,train
2769,SECTOR_TRANSPORT,SIZE_MICRO_1_9,SECTOR_TRANSPORT|SIZE_MICRO_1_9,train
2770,SECTOR_HEALTHCARE_SMALL,SIZE_MICRO_1_9,SECTOR_HEALTHCARE_SMALL|SIZE_MICRO_1_9,train
2771,SECTOR_HEALTHCARE_SMALL,SIZE_SMALL_10_49,SECTOR_HEALTHCARE_SMALL|SIZE_SMALL_10_49,train
2772,SECTOR_TRANSPORT,SIZE_MICRO_1_9,SECTOR_TRANSPORT|SIZE_MICRO_1_9,train
2773,SECTOR_HOSPITALITY,SIZE_SMALL_10_49,SECTOR_HOSPITALITY|SIZE_SMALL_10_49,train
2774,SECTOR_OTHER,SIZE_MEDIUM_50_249,SECTOR_OTHER|SIZE_MEDIUM_50_249,val
2775,SECTOR_RETAIL,SIZE_SMALL_10_49,SECTOR_RETAIL|SIZE_SMALL_10_49,train
2776,SECTOR_HOSPITALITY,SIZE_MICRO_1_9,SECTOR_HOSPITALITY|SIZE_MICRO_1_9,train
2777,SECTOR_HEALTHCARE_SMALL,SIZE_SMALL_10_49,SECTOR_HEALTHCARE_SMALL|SIZE_SMALL_10_49,train
2778,SECTOR_MANUFACTURING_SMALL,SIZE_MICRO_1_9,SECTOR_MANUFACTURING_SMALL|SIZE_MICRO_1_9,test
2779,SECTOR_TRANSPORT,SIZE_SMALL_10_49,SECTOR_TRANSPORT|SIZE_SMALL_10_49,train
2780,SECTOR_OTHER,SIZE_MICRO_1_9,SECTOR_OTHER|SIZE_MICRO_1_9,val
2781,SECTOR_HOSPITALITY,SIZE_SMALL_10_49,SECTOR_HOSPITALITY|SIZE_SMALL_10_49,train
2782,SECTOR_HEALTHCARE_SMALL,SIZE_MICRO_1_9,SECTOR_HEALTHCARE_SMALL|SIZE_MICRO_1_9,train
2783,SECTOR_TRANSPORT,SIZE_MICRO_1_9,SECTOR_TRANSPORT|SIZE_MICRO_1_9,train
2784,SECTOR_TRANSPORT,SIZE_SMALL_10_49,SECTOR_TRANSPORT|SIZE_SMALL_10_49,train
2785,SECTOR_TRANSPORT,SIZE_SMALL_10_49,SECTOR_TRANSPORT|SIZE_SMALL_10_49,train
2786,SECTOR_RETAIL,SIZE_SMALL_10_49,SECTOR_RETAIL|SIZE_SMALL_10_49,test
2787,SECTOR_HOSPITALITY,SIZE_SMALL_10_49,SECTOR_HOSPITALITY|SIZE_SMALL_10_49,train
2788,SECTOR_RETAIL,SIZE_MICRO_1_9,SECTOR_RETAIL|SIZE_MICRO_1_9,train
2789,SECTOR_MANUFACTURING_SMALL,SIZE_MICRO_1_9,SECTOR_MANUFACTURING_SMALL|SIZE_MICRO_1_9,train
2790,SECTOR_OTHER,SIZE_MICRO_1_9,SECTOR_OTHER|SIZE_MICRO_1_9,train
2791,SECTOR_RETAIL,SIZE_MEDIUM_50_249,SECTOR_RETAIL|SIZE_MEDIUM_50_249,train
2792,SECTOR_HOSPITALITY,SIZE_SMALL_10_49,SECTOR_HOSPITALITY|SIZE_SMALL_10_49,train
2793,SECTOR_HOSPITALITY,SIZE_MICRO_1_9,SECTOR_HOSPITALITY|SIZE_MICRO_1_9,train
2794,SECTOR_MANUFACTURING_SMALL,SIZE_MICRO_1_9,SECTOR_MANUFACTURING_SMALL|SIZE_MICRO_1_9,train
2795,SECTOR_RETAIL,SIZE_MICRO_1_9,SECTOR_RETAIL|SIZE_MICRO_1_9,train
2796,SECTOR_HOSPITALITY,SIZE_MEDIUM_50_249,SECTOR_HOSPITALITY|SIZE_MEDIUM_50_249,train
2797,SECTOR_CONSTRUCTION,SIZE_SMALL_10_49,SECTOR_CONSTRUCTION|SIZE_SMALL_10_49,train
2798,SECTOR_TECH_SERVICES,SIZE_SMALL_10_49,SECTOR_TECH_SERVICES|SIZE_SMALL_10_49,train
2799,SECTOR_PROFESSIONAL_SERVICES,SIZE_SMALL_10_49,SECTOR_PROFESSIONAL_SERVICES|SIZE_SMALL_10_49,train
2800,SECTOR_TRANSPORT,SIZE_MICRO_1_9,SECTOR_TRANSPORT|SIZE_MICRO_1_9,train
2801,SECTOR_HEALTHCARE_SMALL,SIZE_MICRO_1_9,SECTOR_HEALTHCARE_SMALL|SIZE_MICRO_1_9,train
2802,SECTOR_TECH_SERVICES,SIZE_MEDIUM_50_249,SECTOR_TECH_SERVICES|SIZE_MEDIUM_50_249,val
2803,SECTOR_PROFESSIONAL_SERVICES,SIZE_MEDIUM_50_249,SECTOR_PROFESSIONAL_SERVICES|SIZE_MEDIUM_50_249,train
2804,SECTOR_TRANSPORT,SIZE_MICRO_1_9,SECTOR_TRANSPORT|SIZE_MICRO_1_9,train
2805,SECTOR_MANUFACTURING_SMALL,SIZE_MICRO_1_9,SECTOR_MANUFACTURING_SMALL|SIZE_MICRO_1_9,train
2806,SECTOR_PROFESSIONAL_SERVICES,SIZE_SMALL_10_49,SECTOR_PROFESSIONAL_SERVICES|SIZE_SMALL_10_49,train
2807,SECTOR_OTHER,SIZE_MICRO_1_9,SECTOR_OTHER|SIZE_MICRO_1_9,train
2808,SECTOR_MANUFACTURING_SMALL,SIZE_MICRO_1_9,SECTOR_MANUFACTURING_SMALL|SIZE_MICRO_1_9,val
2809,SECTOR_HOSPITALITY,SIZE_MEDIUM_50_249,SECTOR_HOSPITALITY|SIZE_MEDIUM_50_249,train
2810,SECTOR_TECH_SERVICES,SIZE_MICRO_1_9,SECTOR_TECH_SERVICES|SIZE_MICRO_1_9,train
2811,SECTOR_CONSTRUCTION,SIZE_MICRO_1_9,SECTOR_CONSTRUCTION|SIZE_MICRO_1_9,train
2812,SECTOR_RETAIL,SIZE_SMALL_10_49,SECTOR_RETAIL|SIZE_SMALL_10_49,train
2813,SECTOR_TRANSPORT,SIZE_MICRO_1_9,SECTOR_TRANSPORT|SIZE_MICRO_1_9,train
2814,SECTOR_HEALTHCARE_SMALL,SIZE_MICRO_1_9,SECTOR_HEALTHCARE_SMALL|SIZE_MICRO_1_9,train
2815,SECTOR_PROFESSIONAL_SERVICES,SIZE_MEDIUM_50_249,SECTOR_PROFESSIONAL_SERVICES|SIZE_MEDIUM_50_249,train
2816,SECTOR_TECH_SERVICES,SIZE_SMALL_10_49,SECTOR_TECH_SERVICES|SIZE_SMALL_10_49,train
2817,SECTOR_OTHER,SIZE_MICRO_1_9,SECTOR_OTHER|SIZE_MICRO_1_9,test
2818,SECTOR_OTHER,SIZE_MICRO_1_9,SECTOR_OTHER|SIZE_MICRO_1_9,train
2819,SECTOR_CONSTRUCTION,SIZE_MICRO_1_9,SECTOR_CONSTRUCTION|SIZE_MICRO_1_9,train
2820,SECTOR_TRANSPORT,SIZE_SMALL_10_49,SECTOR_TRANSPORT|SIZE_SMALL_10_49,train
2821,SECTOR_RETAIL,SIZE_MICRO_1_9,SECTOR_RETAIL|SIZE_MICRO_1_9,train
2822,SECTOR_TRANSPORT,SIZE_MEDIUM_50_249,SECTOR_TRANSPORT|SIZE_MEDIUM_50_249,val
2823,SECTOR_RETAIL,SIZE_MICRO_1_9,SECTOR_RETAIL|SIZE_MICRO_1_9,train
2824,SECTOR_TRANSPORT,SIZE_MICRO_1_9,SECTOR_TRANSPORT|SIZE_MICRO_1_9,train
2825,SECTOR_HEALTHCARE_SMALL,SIZE_SMALL_10_49,SECTOR_HEALTHCARE_SMALL|SIZE_SMALL_10_49,train
2826,SECTOR_RETAIL,SIZE_MICRO_1_9,SECTOR_RETAIL|SIZE_MICRO_1_9,train
2827,SECTOR_HEALTHCARE_SMALL,SIZE_MEDIUM_50_249,SECTOR_HEALTHCARE_SMALL|SIZE_MEDIUM_50_249,train
2828,SECTOR_TECH_SERVICES,SIZE_MEDIUM_50_249,SECTOR_TECH_SERVICES|SIZE_MEDIUM_50_249,train
2829,SECTOR_MANUFACTURING_SMALL,SIZE_SMALL_10_49,SECTOR_MANUFACTURING_SMALL|SIZE_SMALL_10_49,train
2830,SECTOR_HEALTHCARE_SMALL,SIZE_MEDIUM_50_249,SECTOR_HEALTHCARE_SMALL|SIZE_MEDIUM_50_249,train
2831,SECTOR_CONSTRUCTION,SIZE_SMALL_10_49,SECTOR_CONSTRUCTION|SIZE_SMALL_10_49,train
2832,SECTOR_RETAIL,SIZE_MICRO_1_9,SECTOR_RETAIL|SIZE_MICRO_1_9,train
2833,SECTOR_OTHER,SIZE_SMALL_10_49,SECTOR_OTHER|SIZE_SMALL_10_49,train
2834,SECTOR_HOSPITALITY,SIZE_SMALL_10_49,SECTOR_HOSPITALITY|SIZE_SMALL_10_49,train
2835,SECTOR_HOSPITALITY,SIZE_MICRO_1_9,SECTOR_HOSPITALITY|SIZE_MICRO_1_9,train
2836,SECTOR_MANUFACTURING_SMALL,SIZE_SMALL_10_49,SECTOR_MANUFACTURING_SMALL|SIZE_SMALL_10_49,train
2837,SECTOR_PROFESSIONAL_SERVICES,SIZE_MICRO_1_9,SECTOR_PROFESSIONAL_SERVICES|SIZE_MICRO_1_9,train
2838,SECTOR_RETAIL,SIZE_SMALL_10_49,SECTOR_RETAIL|SIZE_SMALL_10_49,train
2839,SECTOR_PROFESSIONAL_SERVICES,SIZE_MEDIUM_50_249,SECTOR_PROFESSIONAL_SERVICES|SIZE_MEDIUM_50_249,train
2840,SECTOR_HOSPITALITY,SIZE_SMALL_10_49,SECTOR_HOSPITALITY|SIZE_SMALL_10_49,train
2841,SECTOR_OTHER,SIZE_MICRO_1_9,SECTOR_OTHER|SIZE_MICRO_1_9,train
2842,SECTOR_HEALTHCARE_SMALL,SIZE_MICRO_1_9,SECTOR_HEALTHCARE_SMALL|SIZE_MICRO_1_9,train
2843,SECTOR_PROFESSIONAL_SERVICES,SIZE_MICRO_1_9,SECTOR_PROFESSIONAL_SERVICES|SIZE_MICRO_1_9,train
2844,SECTOR_TRANSPORT,SIZE_MEDIUM_50_249,SECTOR_TRANSPORT|SIZE_MEDIUM_50_249,train
2845,SECTOR_RETAIL,SIZE_SMALL_10_49,SECTOR_RETAIL|SIZE_SMALL_10_49,train
2846,SECTOR_TRANSPORT,SIZE_SMALL_10_49,SECTOR_TRANSPORT|SIZE_SMALL_10_49,train
2847,SECTOR_CONSTRUCTION,SIZE_MICRO_1_9,SECTOR_CONSTRUCTION|SIZE_MICRO_1_9,train
2848,SECTOR_HOSPITALITY,SIZE_MICRO_1_9,SECTOR_HOSPITALITY|SIZE_MICRO_1_9,train
2849,SECTOR_CONSTRUCTION,SIZE_SMALL_10_49,SECTOR_CONSTRUCTION|SIZE_SMALL_10_49,train
2850,SECTOR_HOSPITALITY,SIZE_SMALL_10_49,SECTOR_HOSPITALITY|SIZE_SMALL_10_49,train
2851,SECTOR_MANUFACTURING_SMALL,SIZE_SMALL_10_49,SECTOR_MANUFACTURING_SMALL|SIZE_SMALL_10_49,val
2852,SECTOR_PROFESSIONAL_SERVICES,SIZE_MICRO_1_9,SECTOR_PROFESSIONAL_SERVICES|SIZE_MICRO_1_9,test
2853,SECTOR_TECH_SERVICES,SIZE_MICRO_1_9,SECTOR_TECH_SERVICES|SIZE_MICRO_1_9,train
2854,SECTOR_HEALTHCARE_SMALL,SIZE_MICRO_1_9,SECTOR_HEALTHCARE_SMALL|SIZE_MICRO_1_9,val
2855,SECTOR_TRANSPORT,SIZE_MEDIUM_50_249,SECTOR_TRANSPORT|SIZE_MEDIUM_50_249,train
2856,SECTOR_HOSPITALITY,SIZE_MICRO_1_9,SECTOR_HOSPITALITY|SIZE_MICRO_1_9,train
2857,SECTOR_CONSTRUCTION,SIZE_MICRO_1_9,SECTOR_CONSTRUCTION|SIZE_MICRO_1_9,test
2858,SECTOR_CONSTRUCTION,SIZE_SMALL_10_49,SECTOR_CONSTRUCTION|SIZE_SMALL_10_49,train
2859,SECTOR_PROFESSIONAL_SERVICES,SIZE_MICRO_1_9,SECTOR_PROFESSIONAL_SERVICES|SIZE_MICRO_1_9,train
2860,SECTOR_CONSTRUCTION,SIZE_SMALL_10_49,SECTOR_CONSTRUCTION|SIZE_SMALL_10_49,train
2861,SECTOR_HEALTHCARE_SMALL,SIZE_MICRO_1_9,SECTOR_HEALTHCARE_SMALL|SIZE_MICRO_1_9,train
2862,SECTOR_TECH_SERVICES,SIZE_SMALL_10_49,SECTOR_TECH_SERVICES|SIZE_SMALL_10_49,train
2863,SECTOR_TRANSPORT,SIZE_MICRO_1_9,SECTOR_TRANSPORT|SIZE_MICRO_1_9,train
2864,SECTOR_PROFESSIONAL_SERVICES,SIZE_SMALL_10_49,SECTOR_PROFESSIONAL_SERVICES|SIZE_SMALL_10_49,train
2865,SECTOR_CONSTRUCTION,SIZE_SMALL_10_49,SECTOR_CONSTRUCTION|SIZE_SMALL_10_49,train
2866,SECTOR_HEALTHCARE_SMALL,SIZE_MICRO_1_9,SECTOR_HEALTHCARE_SMALL|SIZE_MICRO_1_9,test
2867,SECTOR_MANUFACTURING_SMALL,SIZE_SMALL_10_49,SECTOR_MANUFACTURING_SMALL|SIZE_SMALL_10_49,train
2868,SECTOR_RETAIL,SIZE_MICRO_1_9,SECTOR_RETAIL|SIZE_MICRO_1_9,train
2869,SECTOR_TRANSPORT,SIZE_MICRO_1_9,SECTOR_TRANSPORT|SIZE_MICRO_1_9,train
2870,SECTOR_TECH_SERVICES,SIZE_MICRO_1_9,SECTOR_TECH_SERVICES|SIZE_MICRO_1_9,train
2871,SECTOR_HEALTHCARE_SMALL,SIZE_SMALL_10_49,SECTOR_HEALTHCARE_SMALL|SIZE_SMALL_10_49,val
2872,SECTOR_HOSPITALITY,SIZE_MICRO_1_9,SECTOR_HOSPITALITY|SIZE_MICRO_1_9,train
2873,SECTOR_RETAIL,SIZE_SMALL_10_49,SECTOR_RETAIL|SIZE_SMALL_10_49,train
2874,SECTOR_CONSTRUCTION,SIZE_SMALL_10_49,SECTOR_CONSTRUCTION|SIZE_SMALL_10_49,train
2875,SECTOR_OTHER,SIZE_SMALL_10_49,SECTOR_OTHER|SIZE_SMALL_10_49,val
2876,SECTOR_RETAIL,SIZE_MICRO_1_9,SECTOR_RETAIL|SIZE_MICRO_1_9,test
2877,SECTOR_CONSTRUCTION,SIZE_MICRO_1_9,SECTOR_CONSTRUCTION|SIZE_MICRO_1_9,train
2878,SECTOR_TECH_SERVICES,SIZE_MICRO_1_9,SECTOR_TECH_SERVICES|SIZE_MICRO_1_9,train
2879,SECTOR_TECH_SERVICES,SIZE_MICRO_1_9,SECTOR_TECH_SERVICES|SIZE_MICRO_1_9,train
2880,SECTOR_CONSTRUCTION,SIZE_SMALL_10_49,SECTOR_CONSTRUCTION|SIZE_SMALL_10_49,train
2881,SECTOR_OTHER,SIZE_SMALL_10_49,SECTOR_OTHER|SIZE_SMALL_10_49,train
2882,SECTOR_TRANSPORT,SIZE_MICRO_1_9,SECTOR_TRANSPORT|SIZE_MICRO_1_9,train
2883,SECTOR_TRANSPORT,SIZE_MICRO_1_9,SECTOR_TRANSPORT|SIZE_MICRO_1_9,train
2884,SECTOR_HOSPITALITY,SIZE_MICRO_1_9,SECTOR_HOSPITALITY|SIZE_MICRO_1_9,test
2885,SECTOR_TECH_SERVICES,SIZE_SMALL_10_49,SECTOR_TECH_SERVICES|SIZE_SMALL_10_49,train
2886,SECTOR_TECH_SERVICES,SIZE_MICRO_1_9,SECTOR_TECH_SERVICES|SIZE_MICRO_1_9,train
2887,SECTOR_TRANSPORT,SIZE_MICRO_1_9,SECTOR_TRANSPORT|SIZE_MICRO_1_9,val
2888,SECTOR_MANUFACTURING_SMALL,SIZE_MICRO_1_9,SECTOR_MANUFACTURING_SMALL|SIZE_MICRO_1_9,train
2889,SECTOR_OTHER,SIZE_MICRO_1_9,SECTOR_OTHER|SIZE_MICRO_1_9,train
2890,SECTOR_TRANSPORT,SIZE_SMALL_10_49,SECTOR_TRANSPORT|SIZE_SMALL_10_49,test
2891,SECTOR_TRANSPORT,SIZE_SMALL_10_49,SECTOR_TRANSPORT|SIZE_SMALL_10_49,train
2892,SECTOR_CONSTRUCTION,SIZE_SMALL_10_49,SECTOR_CONSTRUCTION|SIZE_SMALL_10_49,val
2893,SECTOR_HOSPITALITY,SIZE_SMALL_10_49,SECTOR_HOSPITALITY|SIZE_SMALL_10_49,train
2894,SECTOR_RETAIL,SIZE_MICRO_1_9,SECTOR_RETAIL|SIZE_MICRO_1_9,test
2895,SECTOR_TECH_SERVICES,SIZE_SMALL_10_49,SECTOR_TECH_SERVICES|SIZE_SMALL_10_49,train
2896,SECTOR_CONSTRUCTION,SIZE_SMALL_10_49,SECTOR_CONSTRUCTION|SIZE_SMALL_10_49,test
2897,SECTOR_TRANSPORT,SIZE_MICRO_1_9,SECTOR_TRANSPORT|SIZE_MICRO_1_9,train
2898,SECTOR_HEALTHCARE_SMALL,SIZE_SMALL_10_49,SECTOR_HEALTHCARE_SMALL|SIZE_SMALL_10_49,train
2899,SECTOR_HOSPITALITY,SIZE_SMALL_10_49,SECTOR_HOSPITALITY|SIZE_SMALL_10_49,train
2900,SECTOR_CONSTRUCTION,SIZE_SMALL_10_49,SECTOR_CONSTRUCTION|SIZE_SMALL_10_49,train
2901,SECTOR_MANUFACTURING_SMALL,SIZE_MICRO_1_9,SECTOR_MANUFACTURING_SMALL|SIZE_MICRO_1_9,test
2902,SECTOR_HOSPITALITY,SIZE_SMALL_10_49,SECTOR_HOSPITALITY|SIZE_SMALL_10_49,val
2903,SECTOR_OTHER,SIZE_MICRO_1_9,SECTOR_OTHER|SIZE_MICRO_1_9,train
2904,SECTOR_PROFESSIONAL_SERVICES,SIZE_MEDIUM_50_249,SECTOR_PROFESSIONAL_SERVICES|SIZE_MEDIUM_50_249,train
2905,SECTOR_TECH_SERVICES,SIZE_MEDIUM_50_249,SECTOR_TECH_SERVICES|SIZE_MEDIUM_50_249,train
2906,SECTOR_OTHER,SIZE_MICRO_1_9,SECTOR_OTHER|SIZE_MICRO_1_9,train
2907,SECTOR_HEALTHCARE_SMALL,SIZE_SMALL_10_49,SECTOR_HEALTHCARE_SMALL|SIZE_SMALL_10_49,train
2908,SECTOR_TECH_SERVICES,SIZE_SMALL_10_49,SECTOR_TECH_SERVICES|SIZE_SMALL_10_49,train
2909,SECTOR_OTHER,SIZE_SMALL_10_49,SECTOR_OTHER|SIZE_SMALL_10_49,train
2910,SECTOR_PROFESSIONAL_SERVICES,SIZE_MICRO_1_9,SECTOR_PROFESSIONAL_SERVICES|SIZE_MICRO_1_9,train
2911,SECTOR_HOSPITALITY,SIZE_SMALL_10_49,SECTOR_HOSPITALITY|SIZE_SMALL_10_49,train
2912,SECTOR_TRANSPORT,SIZE_MEDIUM_50_249,SECTOR_TRANSPORT|SIZE_MEDIUM_50_249,train
2913,SECTOR_RETAIL,SIZE_SMALL_10_49,SECTOR_RETAIL|SIZE_SMALL_10_49,train
2914,SECTOR_TRANSPORT,SIZE_MICRO_1_9,SECTOR_TRANSPORT|SIZE_MICRO_1_9,train
2915,SECTOR_TECH_SERVICES,SIZE_SMALL_10_49,SECTOR_TECH_SERVICES|SIZE_SMALL_10_49,train
2916,SECTOR_MANUFACTURING_SMALL,SIZE_MICRO_1_9,SECTOR_MANUFACTURING_SMALL|SIZE_MICRO_1_9,train
2917,SECTOR_TECH_SERVICES,SIZE_SMALL_10_49,SECTOR_TECH_SERVICES|SIZE_SMALL_10_49,train
2918,SECTOR_PROFESSIONAL_SERVICES,SIZE_MICRO_1_9,SECTOR_PROFESSIONAL_SERVICES|SIZE_MICRO_1_9,val
2919,SECTOR_RETAIL,SIZE_MICRO_1_9,SECTOR_RETAIL|SIZE_MICRO_1_9,train
2920,SECTOR_TRANSPORT,SIZE_MICRO_1_9,SECTOR_TRANSPORT|SIZE_MICRO_1_9,train
2921,SECTOR_HEALTHCARE_SMALL,SIZE_MICRO_1_9,SECTOR_HEALTHCARE_SMALL|SIZE_MICRO_1_9,train
2922,SECTOR_RETAIL,SIZE_MICRO_1_9,SECTOR_RETAIL|SIZE_MICRO_1_9,train
2923,SECTOR_RETAIL,SIZE_SMALL_10_49,SECTOR_RETAIL|SIZE_SMALL_10_49,train
2924,SECTOR_MANUFACTURING_SMALL,SIZE_MICRO_1_9,SECTOR_MANUFACTURING_SMALL|SIZE_MICRO_1_9,train
2925,SECTOR_TECH_SERVICES,SIZE_SMALL_10_49,SECTOR_TECH_SERVICES|SIZE_SMALL_10_49,train
2926,SECTOR_HOSPITALITY,SIZE_SMALL_10_49,SECTOR_HOSPITALITY|SIZE_SMALL_10_49,train
2927,SECTOR_TECH_SERVICES,SIZE_SMALL_10_49,SECTOR_TECH_SERVICES|SIZE_SMALL_10_49,train
2928,SECTOR_PROFESSIONAL_SERVICES,SIZE_SMALL_10_49,SECTOR_PROFESSIONAL_SERVICES|SIZE_SMALL_10_49,train
2929,SECTOR_RETAIL,SIZE_SMALL_10_49,SECTOR_RETAIL|SIZE_SMALL_10_49,train
2930,SECTOR_CONSTRUCTION,SIZE_SMALL_10_49,SECTOR_CONSTRUCTION|SIZE_SMALL_10_49,val
2931,SECTOR_HEALTHCARE_SMALL,SIZE_MICRO_1_9,SECTOR_HEALTHCARE_SMALL|SIZE_MICRO_1_9,train
2932,SECTOR_OTHER,SIZE_MICRO_1_9,SECTOR_OTHER|SIZE_MICRO_1_9,train
2933,SECTOR_OTHER,SIZE_MICRO_1_9,SECTOR_OTHER|SIZE_MICRO_1_9,train
2934,SECTOR_MANUFACTURING_SMALL,SIZE_SMALL_10_49,SECTOR_MANUFACTURING_SMALL|SIZE_SMALL_10_49,train
2935,SECTOR_HOSPITALITY,SIZE_MICRO_1_9,SECTOR_HOSPITALITY|SIZE_MICRO_1_9,train
2936,SECTOR_TRANSPORT,SIZE_SMALL_10_49,SECTOR_TRANSPORT|SIZE_SMALL_10_49,train
2937,SECTOR_CONSTRUCTION,SIZE_SMALL_10_49,SECTOR_CONSTRUCTION|SIZE_SMALL_10_49,train
2938,SECTOR_MANUFACTURING_SMALL,SIZE_MICRO_1_9,SECTOR_MANUFACTURING_SMALL|SIZE_MICRO_1_9,train
2939,SECTOR_HOSPITALITY,SIZE_SMALL_10_49,SECTOR_HOSPITALITY|SIZE_SMALL_10_49,val
2940,SECTOR_HOSPITALITY,SIZE_MICRO_1_9,SECTOR_HOSPITALITY|SIZE_MICRO_1_9,test
2941,SECTOR_PROFESSIONAL_SERVICES,SIZE_MICRO_1_9,SECTOR_PROFESSIONAL_SERVICES|SIZE_MICRO_1_9,train
2942,SECTOR_TECH_SERVICES,SIZE_SMALL_10_49,SECTOR_TECH_SERVICES|SIZE_SMALL_10_49,train
2943,SECTOR_TRANSPORT,SIZE_MICRO_1_9,SECTOR_TRANSPORT|SIZE_MICRO_1_9,test
2944,SECTOR_RETAIL,SIZE_MICRO_1_9,SECTOR_RETAIL|SIZE_MICRO_1_9,test
2945,SECTOR_TRANSPORT,SIZE_SMALL_10_49,SECTOR_TRANSPORT|SIZE_SMALL_10_49,train
2946,SECTOR_TECH_SERVICES,SIZE_MICRO_1_9,SECTOR_TECH_SERVICES|SIZE_MICRO_1_9,train
2947,SECTOR_HEALTHCARE_SMALL,SIZE_MICRO_1_9,SECTOR_HEALTHCARE_SMALL|SIZE_MICRO_1_9,train
2948,SECTOR_RETAIL,SIZE_SMALL_10_49,SECTOR_RETAIL|SIZE_SMALL_10_49,train
2949,SECTOR_OTHER,SIZE_MICRO_1_9,SECTOR_OTHER|SIZE_MICRO_1_9,train
2950,SECTOR_MANUFACTURING_SMALL,SIZE_SMALL_10_49,SECTOR_MANUFACTURING_SMALL|SIZE_SMALL_10_49,train
2951,SECTOR_PROFESSIONAL_SERVICES,SIZE_MICRO_1_9,SECTOR_PROFESSIONAL_SERVICES|SIZE_MICRO_1_9,test
2952,SECTOR_HEALTHCARE_SMALL,SIZE_MICRO_1_9,SECTOR_HEALTHCARE_SMALL|SIZE_MICRO_1_9,test
2953,SECTOR_CONSTRUCTION,SIZE_MICRO_1_9,SECTOR_CONSTRUCTION|SIZE_MICRO_1_9,train
2954,SECTOR_RETAIL,SIZE_MICRO_1_9,SECTOR_RETAIL|SIZE_MICRO_1_9,train
2955,SECTOR_RETAIL,SIZE_MICRO_1_9,SECTOR_RETAIL|SIZE_MICRO_1_9,train
2956,SECTOR_TRANSPORT,SIZE_MICRO_1_9,SECTOR_TRANSPORT|SIZE_MICRO_1_9,test
2957,SECTOR_MANUFACTURING_SMALL,SIZE_MICRO_1_9,SECTOR_MANUFACTURING_SMALL|SIZE_MICRO_1_9,train
2958,SECTOR_HOSPITALITY,SIZE_SMALL_10_49,SECTOR_HOSPITALITY|SIZE_SMALL_10_49,train
2959,SECTOR_HEALTHCARE_SMALL,SIZE_MICRO_1_9,SECTOR_HEALTHCARE_SMALL|SIZE_MICRO_1_9,test
2960,SECTOR_RETAIL,SIZE_SMALL_10_49,SECTOR_RETAIL|SIZE_SMALL_10_49,train
2961,SECTOR_RETAIL,SIZE_MICRO_1_9,SECTOR_RETAIL|SIZE_MICRO_1_9,train
2962,SECTOR_CONSTRUCTION,SIZE_SMALL_10_49,SECTOR_CONSTRUCTION|SIZE_SMALL_10_49,train
2963,SECTOR_CONSTRUCTION,SIZE_SMALL_10_49,SECTOR_CONSTRUCTION|SIZE_SMALL_10_49,train
2964,SECTOR_CONSTRUCTION,SIZE_MICRO_1_9,SECTOR_CONSTRUCTION|SIZE_MICRO_1_9,train
2965,SECTOR_CONSTRUCTION,SIZE_MEDIUM_50_249,SECTOR_CONSTRUCTION|SIZE_MEDIUM_50_249,train
2966,SECTOR_TRANSPORT,SIZE_MICRO_1_9,SECTOR_TRANSPORT|SIZE_MICRO_1_9,train
2967,SECTOR_MANUFACTURING_SMALL,SIZE_MEDIUM_50_249,SECTOR_MANUFACTURING_SMALL|SIZE_MEDIUM_50_249,train
2968,SECTOR_MANUFACTURING_SMALL,SIZE_MICRO_1_9,SECTOR_MANUFACTURING_SMALL|SIZE_MICRO_1_9,val
2969,SECTOR_HEALTHCARE_SMALL,SIZE_MICRO_1_9,SECTOR_HEALTHCARE_SMALL|SIZE_MICRO_1_9,train
2970,SECTOR_RETAIL,SIZE_MEDIUM_50_249,SECTOR_RETAIL|SIZE_MEDIUM_50_249,train
2971,SECTOR_RETAIL,SIZE_SMALL_10_49,SECTOR_RETAIL|SIZE_SMALL_10_49,train
2972,SECTOR_PROFESSIONAL_SERVICES,SIZE_MICRO_1_9,SECTOR_PROFESSIONAL_SERVICES|SIZE_MICRO_1_9,val
2973,SECTOR_PROFESSIONAL_SERVICES,SIZE_SMALL_10_49,SECTOR_PROFESSIONAL_SERVICES|SIZE_SMALL_10_49,test
2974,SECTOR_HOSPITALITY,SIZE_MICRO_1_9,SECTOR_HOSPITALITY|SIZE_MICRO_1_9,test
2975,SECTOR_PROFESSIONAL_SERVICES,SIZE_MICRO_1_9,SECTOR_PROFESSIONAL_SERVICES|SIZE_MICRO_1_9,val
2976,SECTOR_RETAIL,SIZE_MICRO_1_9,SECTOR_RETAIL|SIZE_MICRO_1_9,train
2977,SECTOR_TRANSPORT,SIZE_MICRO_1_9,SECTOR_TRANSPORT|SIZE_MICRO_1_9,train
2978,SECTOR_CONSTRUCTION,SIZE_SMALL_10_49,SECTOR_CONSTRUCTION|SIZE_SMALL_10_49,train
2979,SECTOR_TECH_SERVICES,SIZE_MEDIUM_50_249,SECTOR_TECH_SERVICES|SIZE_MEDIUM_50_249,train
2980,SECTOR_OTHER,SIZE_SMALL_10_49,SECTOR_OTHER|SIZE_SMALL_10_49,test
2981,SECTOR_CONSTRUCTION,SIZE_MICRO_1_9,SECTOR_CONSTRUCTION|SIZE_MICRO_1_9,train
2982,SECTOR_RETAIL,SIZE_MICRO_1_9,SECTOR_RETAIL|SIZE_MICRO_1_9,train
2983,SECTOR_TECH_SERVICES,SIZE_SMALL_10_49,SECTOR_TECH_SERVICES|SIZE_SMALL_10_49,train
2984,SECTOR_TECH_SERVICES,SIZE_SMALL_10_49,SECTOR_TECH_SERVICES|SIZE_SMALL_10_49,test
2985,SECTOR_CONSTRUCTION,SIZE_SMALL_10_49,SECTOR_CONSTRUCTION|SIZE_SMALL_10_49,train
2986,SECTOR_CONSTRUCTION,SIZE_SMALL_10_49,SECTOR_CONSTRUCTION|SIZE_SMALL_10_49,train
2987,SECTOR_CONSTRUCTION,SIZE_MICRO_1_9,SECTOR_CONSTRUCTION|SIZE_MICRO_1_9,train
2988,SECTOR_HOSPITALITY,SIZE_MICRO_1_9,SECTOR_HOSPITALITY|SIZE_MICRO_1_9,train
2989,SECTOR_PROFESSIONAL_SERVICES,SIZE_SMALL_10_49,SECTOR_PROFESSIONAL_SERVICES|SIZE_SMALL_10_49,train
2990,SECTOR_OTHER,SIZE_SMALL_10_49,SECTOR_OTHER|SIZE_SMALL_10_49,train
2991,SECTOR_MANUFACTURING_SMALL,SIZE_MICRO_1_9,SECTOR_MANUFACTURING_SMALL|SIZE_MICRO_1_9,train
2992,SECTOR_TRANSPORT,SIZE_SMALL_10_49,SECTOR_TRANSPORT|SIZE_SMALL_10_49,train
2993,SECTOR_TRANSPORT,SIZE_MICRO_1_9,SECTOR_TRANSPORT|SIZE_MICRO_1_9,train
2994,SECTOR_HOSPITALITY,SIZE_SMALL_10_49,SECTOR_HOSPITALITY|SIZE_SMALL_10_49,test
2995,SECTOR_RETAIL,SIZE_MICRO_1_9,SECTOR_RETAIL|SIZE_MICRO_1_9,val
2996,SECTOR_MANUFACTURING_SMALL,SIZE_MICRO_1_9,SECTOR_MANUFACTURING_SMALL|SIZE_MICRO_1_9,train
2997,SECTOR_HOSPITALITY,SIZE_MICRO_1_9,SECTOR_HOSPITALITY|SIZE_MICRO_1_9,train
2998,SECTOR_TECH_SERVICES,SIZE_SMALL_10_49,SECTOR_TECH_SERVICES|SIZE_SMALL_10_49,train
2999,SECTOR_RETAIL,SIZE_MEDIUM_50_249,SECTOR_RETAIL|SIZE_MEDIUM_50_249,train
